x1i10hfl href,x193iq5w,xdj266r,xz74otr src 2,xz74otr src 3,x1lliihq,x1i10hfl href 5,xi81zsa 3,x193iq5w 2,html-span src,x3ajldb href 2,x193iq5w 3,x1lliihq 2
https://www.facebook.com/riryna.maniez?comment_id=Y29tbWVudDoyNDk1MDY4ODAwMTE5ODExNl8xMTE5MTY5Njc2NzA3NTgy&__tn__=R,Riry Aryanti,ayo saling mendukung mari saling suport agar akun kita terus berkembang,https://static.xx.fbcdn.net/images/emoji.php/v9/tea/1/16/1f970.png,https://scontent-cgk1-2.xx.fbcdn.net/v/t39.30808-1/518405877_25075264122073836_8785252304370129115_n.jpg?stp=dst-jpg_s200x200_tt6&_nc_cat=108&ccb=1-7&_nc_sid=fe59b0&_nc_eui2=AeHusD6Z6JHONe4O18fS-LfM46OcvQWNPRrjo5y9BY09GsOaAM_EiaidsGwXmLfi4HBo_9lE7TkkizsChCZjk2_X&_nc_ohc=0QIhVKrfJoEQ7kNvwGj85PM&_nc_oc=AdlqD1pSlVTF4VxLUT-Xjl4lEkzupjlxzMYaKKDcULCuyrKJm3Ls60qV_IXKRuwxKTo&_nc_zt=24&_nc_ht=scontent-cgk1-2.xx&_nc_gid=oSsn0tf5k6-sJuA4ZvXs4g&oh=00_AfVzAMiHM1EXjnReJEH-TvoRWc7RRH0rkJVPFKMpV9vadg&oe=68B1A3D0,Berlangganan Riry Aryanti,https://www.facebook.com/reel/724081317219157/?comment_id=1119169676707582&__tn__=R,,,,,,
https://www.facebook.com/man.hur?comment_id=Y29tbWVudDoyNDk1MDY4ODAwMTE5ODExNl8xNDUzOTgwNzcyMTYzNDYw&__tn__=R,Mans,"Borong bucan,slmt sore",https://static.xx.fbcdn.net/images/emoji.php/v9/t2/1/16/1f60d.png,https://static.xx.fbcdn.net/images/emoji.php/v9/t80/1/16/1f64f.png,Riry Aryanti membalas,https://www.facebook.com/reel/724081317219157/?comment_id=1453980772163460&__tn__=R,·,Ikuti,"data:image/svg+xml,%3Csvg fill='none' xmlns='http://www.w3.org/2000/svg' viewBox='0 0 16 16'%3E%3Cpath d='M16.0001 7.9996c0 4.418-3.5815 7.9996-7.9995 7.9996S.001 12.4176.001 7.9996 3.5825 0 8.0006 0C12.4186 0 16 3.5815 16 7.9996Z' fill='url(%23paint0_linear_15251_63610)'/%3E%3Cpath d='M16.0001 7.9996c0 4.418-3.5815 7.9996-7.9995 7.9996S.001 12.4176.001 7.9996 3.5825 0 8.0006 0C12.4186 0 16 3.5815 16 7.9996Z' fill='url(%23paint1_radial_15251_63610)'/%3E%3Cpath d='M16.0001 7.9996c0 4.418-3.5815 7.9996-7.9995 7.9996S.001 12.4176.001 7.9996 3.5825 0 8.0006 0C12.4186 0 16 3.5815 16 7.9996Z' fill='url(%23paint2_radial_15251_63610)' fill-opacity='.5'/%3E%3Cpath d='M7.3014 3.8662a.6974.6974 0 0 1 .6974-.6977c.6742 0 1.2207.5465 1.2207 1.2206v1.7464a.101.101 0 0 0 .101.101h1.7953c.992 0 1.7232.9273 1.4917 1.892l-.4572 1.9047a2.301 2.301 0 0 1-2.2374 1.764H6.9185a.5752.5752 0 0 1-.5752-.5752V7.7384c0-.4168.097-.8278.2834-1.2005l.2856-.5712a3.6878 3.6878 0 0 0 .3893-1.6509l-.0002-.4496ZM4.367 7a.767.767 0 0 0-.7669.767v3.2598a.767.767 0 0 0 .767.767h.767a.3835.3835 0 0 0 .3835-.3835V7.3835A.3835.3835 0 0 0 5.134 7h-.767Z' fill='%23fff'/%3E%3Cdefs%3E%3CradialGradient id='paint1_radial_15251_63610' cx='0' cy='0' r='1' gradientUnits='userSpaceOnUse' gradientTransform='rotate(90 .0005 8) scale(7.99958)'%3E%3Cstop offset='.5618' stop-color='%230866FF' stop-opacity='0'/%3E%3Cstop offset='1' stop-color='%230866FF' stop-opacity='.1'/%3E%3C/radialGradient%3E%3CradialGradient id='paint2_radial_15251_63610' cx='0' cy='0' r='1' gradientUnits='userSpaceOnUse' gradientTransform='rotate(45 -4.5257 10.9237) scale(10.1818)'%3E%3Cstop offset='.3143' stop-color='%2302ADFC'/%3E%3Cstop offset='1' stop-color='%2302ADFC' stop-opacity='0'/%3E%3C/radialGradient%3E%3ClinearGradient id='paint0_linear_15251_63610' x1='2.3989' y1='2.3999' x2='13.5983' y2='13.5993' gradientUnits='userSpaceOnUse'%3E%3Cstop stop-color='%2302ADFC'/%3E%3Cstop offset='.5' stop-color='%230866FF'/%3E%3Cstop offset='1' stop-color='%232B7EFF'/%3E%3C/linearGradient%3E%3C/defs%3E%3C/svg%3E",[object Object],·,1 balasan
https://www.facebook.com/Neomax89?comment_id=Y29tbWVudDoyNDk1MDY4ODAwMTE5ODExNl8xODQzNTE3MTczMTcyOTU5&__tn__=R,Neo Max,Met berbelanja kak,,,Riry Aryanti membalas,https://www.facebook.com/reel/724081317219157/?comment_id=1843517173172959&__tn__=R,,,"data:image/svg+xml,%3Csvg fill='none' xmlns='http://www.w3.org/2000/svg' viewBox='0 0 16 16'%3E%3Cpath d='M16.0001 7.9996c0 4.418-3.5815 7.9996-7.9995 7.9996S.001 12.4176.001 7.9996 3.5825 0 8.0006 0C12.4186 0 16 3.5815 16 7.9996Z' fill='url(%23paint0_linear_15251_63610)'/%3E%3Cpath d='M16.0001 7.9996c0 4.418-3.5815 7.9996-7.9995 7.9996S.001 12.4176.001 7.9996 3.5825 0 8.0006 0C12.4186 0 16 3.5815 16 7.9996Z' fill='url(%23paint1_radial_15251_63610)'/%3E%3Cpath d='M16.0001 7.9996c0 4.418-3.5815 7.9996-7.9995 7.9996S.001 12.4176.001 7.9996 3.5825 0 8.0006 0C12.4186 0 16 3.5815 16 7.9996Z' fill='url(%23paint2_radial_15251_63610)' fill-opacity='.5'/%3E%3Cpath d='M7.3014 3.8662a.6974.6974 0 0 1 .6974-.6977c.6742 0 1.2207.5465 1.2207 1.2206v1.7464a.101.101 0 0 0 .101.101h1.7953c.992 0 1.7232.9273 1.4917 1.892l-.4572 1.9047a2.301 2.301 0 0 1-2.2374 1.764H6.9185a.5752.5752 0 0 1-.5752-.5752V7.7384c0-.4168.097-.8278.2834-1.2005l.2856-.5712a3.6878 3.6878 0 0 0 .3893-1.6509l-.0002-.4496ZM4.367 7a.767.767 0 0 0-.7669.767v3.2598a.767.767 0 0 0 .767.767h.767a.3835.3835 0 0 0 .3835-.3835V7.3835A.3835.3835 0 0 0 5.134 7h-.767Z' fill='%23fff'/%3E%3Cdefs%3E%3CradialGradient id='paint1_radial_15251_63610' cx='0' cy='0' r='1' gradientUnits='userSpaceOnUse' gradientTransform='rotate(90 .0005 8) scale(7.99958)'%3E%3Cstop offset='.5618' stop-color='%230866FF' stop-opacity='0'/%3E%3Cstop offset='1' stop-color='%230866FF' stop-opacity='.1'/%3E%3C/radialGradient%3E%3CradialGradient id='paint2_radial_15251_63610' cx='0' cy='0' r='1' gradientUnits='userSpaceOnUse' gradientTransform='rotate(45 -4.5257 10.9237) scale(10.1818)'%3E%3Cstop offset='.3143' stop-color='%2302ADFC'/%3E%3Cstop offset='1' stop-color='%2302ADFC' stop-opacity='0'/%3E%3C/radialGradient%3E%3ClinearGradient id='paint0_linear_15251_63610' x1='2.3989' y1='2.3999' x2='13.5983' y2='13.5993' gradientUnits='userSpaceOnUse'%3E%3Cstop stop-color='%2302ADFC'/%3E%3Cstop offset='.5' stop-color='%230866FF'/%3E%3Cstop offset='1' stop-color='%232B7EFF'/%3E%3C/linearGradient%3E%3C/defs%3E%3C/svg%3E",[object Object],·,1 balasan
https://www.facebook.com/profile.php?id=61558412427704&comment_id=Y29tbWVudDoyNDk1MDY4ODAwMTE5ODExNl8xNzYyMDk2MTQ1MTg3NDg1&__tn__=R,Arun Putra,Dodol garut tth aq paling suka..,,,Riry Aryanti membalas,https://www.facebook.com/reel/724081317219157/?comment_id=1762096145187485&__tn__=R,,,"data:image/svg+xml,%3Csvg fill='none' xmlns='http://www.w3.org/2000/svg' viewBox='0 0 16 16'%3E%3Cpath d='M16.0001 7.9996c0 4.418-3.5815 7.9996-7.9995 7.9996S.001 12.4176.001 7.9996 3.5825 0 8.0006 0C12.4186 0 16 3.5815 16 7.9996Z' fill='url(%23paint0_linear_15251_63610)'/%3E%3Cpath d='M16.0001 7.9996c0 4.418-3.5815 7.9996-7.9995 7.9996S.001 12.4176.001 7.9996 3.5825 0 8.0006 0C12.4186 0 16 3.5815 16 7.9996Z' fill='url(%23paint1_radial_15251_63610)'/%3E%3Cpath d='M16.0001 7.9996c0 4.418-3.5815 7.9996-7.9995 7.9996S.001 12.4176.001 7.9996 3.5825 0 8.0006 0C12.4186 0 16 3.5815 16 7.9996Z' fill='url(%23paint2_radial_15251_63610)' fill-opacity='.5'/%3E%3Cpath d='M7.3014 3.8662a.6974.6974 0 0 1 .6974-.6977c.6742 0 1.2207.5465 1.2207 1.2206v1.7464a.101.101 0 0 0 .101.101h1.7953c.992 0 1.7232.9273 1.4917 1.892l-.4572 1.9047a2.301 2.301 0 0 1-2.2374 1.764H6.9185a.5752.5752 0 0 1-.5752-.5752V7.7384c0-.4168.097-.8278.2834-1.2005l.2856-.5712a3.6878 3.6878 0 0 0 .3893-1.6509l-.0002-.4496ZM4.367 7a.767.767 0 0 0-.7669.767v3.2598a.767.767 0 0 0 .767.767h.767a.3835.3835 0 0 0 .3835-.3835V7.3835A.3835.3835 0 0 0 5.134 7h-.767Z' fill='%23fff'/%3E%3Cdefs%3E%3CradialGradient id='paint1_radial_15251_63610' cx='0' cy='0' r='1' gradientUnits='userSpaceOnUse' gradientTransform='rotate(90 .0005 8) scale(7.99958)'%3E%3Cstop offset='.5618' stop-color='%230866FF' stop-opacity='0'/%3E%3Cstop offset='1' stop-color='%230866FF' stop-opacity='.1'/%3E%3C/radialGradient%3E%3CradialGradient id='paint2_radial_15251_63610' cx='0' cy='0' r='1' gradientUnits='userSpaceOnUse' gradientTransform='rotate(45 -4.5257 10.9237) scale(10.1818)'%3E%3Cstop offset='.3143' stop-color='%2302ADFC'/%3E%3Cstop offset='1' stop-color='%2302ADFC' stop-opacity='0'/%3E%3C/radialGradient%3E%3ClinearGradient id='paint0_linear_15251_63610' x1='2.3989' y1='2.3999' x2='13.5983' y2='13.5993' gradientUnits='userSpaceOnUse'%3E%3Cstop stop-color='%2302ADFC'/%3E%3Cstop offset='.5' stop-color='%230866FF'/%3E%3Cstop offset='1' stop-color='%232B7EFF'/%3E%3C/linearGradient%3E%3C/defs%3E%3C/svg%3E",[object Object],·,8 Balasan
https://www.facebook.com/profile.php?id=61570099346459&comment_id=Y29tbWVudDoyNDk1MDY4ODAwMTE5ODExNl82MzUyMzU4NDU1NDQ0NDE%3D&__tn__=R,Zahroh,"Selamat Siang Kak, Makkah Saudi Arabia Menyapa Kak",,,Riry Aryanti membalas,https://www.facebook.com/reel/724081317219157/?comment_id=635235845544441&__tn__=R,,,"data:image/svg+xml,%3Csvg fill='none' xmlns='http://www.w3.org/2000/svg' viewBox='0 0 16 16'%3E%3Cpath d='M16.0001 7.9996c0 4.418-3.5815 7.9996-7.9995 7.9996S.001 12.4176.001 7.9996 3.5825 0 8.0006 0C12.4186 0 16 3.5815 16 7.9996Z' fill='url(%23paint0_linear_15251_63610)'/%3E%3Cpath d='M16.0001 7.9996c0 4.418-3.5815 7.9996-7.9995 7.9996S.001 12.4176.001 7.9996 3.5825 0 8.0006 0C12.4186 0 16 3.5815 16 7.9996Z' fill='url(%23paint1_radial_15251_63610)'/%3E%3Cpath d='M16.0001 7.9996c0 4.418-3.5815 7.9996-7.9995 7.9996S.001 12.4176.001 7.9996 3.5825 0 8.0006 0C12.4186 0 16 3.5815 16 7.9996Z' fill='url(%23paint2_radial_15251_63610)' fill-opacity='.5'/%3E%3Cpath d='M7.3014 3.8662a.6974.6974 0 0 1 .6974-.6977c.6742 0 1.2207.5465 1.2207 1.2206v1.7464a.101.101 0 0 0 .101.101h1.7953c.992 0 1.7232.9273 1.4917 1.892l-.4572 1.9047a2.301 2.301 0 0 1-2.2374 1.764H6.9185a.5752.5752 0 0 1-.5752-.5752V7.7384c0-.4168.097-.8278.2834-1.2005l.2856-.5712a3.6878 3.6878 0 0 0 .3893-1.6509l-.0002-.4496ZM4.367 7a.767.767 0 0 0-.7669.767v3.2598a.767.767 0 0 0 .767.767h.767a.3835.3835 0 0 0 .3835-.3835V7.3835A.3835.3835 0 0 0 5.134 7h-.767Z' fill='%23fff'/%3E%3Cdefs%3E%3CradialGradient id='paint1_radial_15251_63610' cx='0' cy='0' r='1' gradientUnits='userSpaceOnUse' gradientTransform='rotate(90 .0005 8) scale(7.99958)'%3E%3Cstop offset='.5618' stop-color='%230866FF' stop-opacity='0'/%3E%3Cstop offset='1' stop-color='%230866FF' stop-opacity='.1'/%3E%3C/radialGradient%3E%3CradialGradient id='paint2_radial_15251_63610' cx='0' cy='0' r='1' gradientUnits='userSpaceOnUse' gradientTransform='rotate(45 -4.5257 10.9237) scale(10.1818)'%3E%3Cstop offset='.3143' stop-color='%2302ADFC'/%3E%3Cstop offset='1' stop-color='%2302ADFC' stop-opacity='0'/%3E%3C/radialGradient%3E%3ClinearGradient id='paint0_linear_15251_63610' x1='2.3989' y1='2.3999' x2='13.5983' y2='13.5993' gradientUnits='userSpaceOnUse'%3E%3Cstop stop-color='%2302ADFC'/%3E%3Cstop offset='.5' stop-color='%230866FF'/%3E%3Cstop offset='1' stop-color='%232B7EFF'/%3E%3C/linearGradient%3E%3C/defs%3E%3C/svg%3E",[object Object],·,1 balasan
https://www.facebook.com/fito.dona.3?comment_id=Y29tbWVudDoyNDk1MDY4ODAwMTE5ODExNl81ODQ5NzM3MzQ0MDAyODY%3D&__tn__=R,Fito Dona,Jangan lupa aku mau ya say,https://static.xx.fbcdn.net/images/emoji.php/v9/t2/1/16/1f60d.png,,Riry Aryanti membalas,https://www.facebook.com/reel/724081317219157/?comment_id=584973734400286&__tn__=R,·,Ikuti,"data:image/svg+xml,%3Csvg fill='none' xmlns='http://www.w3.org/2000/svg' viewBox='0 0 16 16'%3E%3Cpath d='M16.0001 7.9996c0 4.418-3.5815 7.9996-7.9995 7.9996S.001 12.4176.001 7.9996 3.5825 0 8.0006 0C12.4186 0 16 3.5815 16 7.9996Z' fill='url(%23paint0_linear_15251_63610)'/%3E%3Cpath d='M16.0001 7.9996c0 4.418-3.5815 7.9996-7.9995 7.9996S.001 12.4176.001 7.9996 3.5825 0 8.0006 0C12.4186 0 16 3.5815 16 7.9996Z' fill='url(%23paint1_radial_15251_63610)'/%3E%3Cpath d='M16.0001 7.9996c0 4.418-3.5815 7.9996-7.9995 7.9996S.001 12.4176.001 7.9996 3.5825 0 8.0006 0C12.4186 0 16 3.5815 16 7.9996Z' fill='url(%23paint2_radial_15251_63610)' fill-opacity='.5'/%3E%3Cpath d='M7.3014 3.8662a.6974.6974 0 0 1 .6974-.6977c.6742 0 1.2207.5465 1.2207 1.2206v1.7464a.101.101 0 0 0 .101.101h1.7953c.992 0 1.7232.9273 1.4917 1.892l-.4572 1.9047a2.301 2.301 0 0 1-2.2374 1.764H6.9185a.5752.5752 0 0 1-.5752-.5752V7.7384c0-.4168.097-.8278.2834-1.2005l.2856-.5712a3.6878 3.6878 0 0 0 .3893-1.6509l-.0002-.4496ZM4.367 7a.767.767 0 0 0-.7669.767v3.2598a.767.767 0 0 0 .767.767h.767a.3835.3835 0 0 0 .3835-.3835V7.3835A.3835.3835 0 0 0 5.134 7h-.767Z' fill='%23fff'/%3E%3Cdefs%3E%3CradialGradient id='paint1_radial_15251_63610' cx='0' cy='0' r='1' gradientUnits='userSpaceOnUse' gradientTransform='rotate(90 .0005 8) scale(7.99958)'%3E%3Cstop offset='.5618' stop-color='%230866FF' stop-opacity='0'/%3E%3Cstop offset='1' stop-color='%230866FF' stop-opacity='.1'/%3E%3C/radialGradient%3E%3CradialGradient id='paint2_radial_15251_63610' cx='0' cy='0' r='1' gradientUnits='userSpaceOnUse' gradientTransform='rotate(45 -4.5257 10.9237) scale(10.1818)'%3E%3Cstop offset='.3143' stop-color='%2302ADFC'/%3E%3Cstop offset='1' stop-color='%2302ADFC' stop-opacity='0'/%3E%3C/radialGradient%3E%3ClinearGradient id='paint0_linear_15251_63610' x1='2.3989' y1='2.3999' x2='13.5983' y2='13.5993' gradientUnits='userSpaceOnUse'%3E%3Cstop stop-color='%2302ADFC'/%3E%3Cstop offset='.5' stop-color='%230866FF'/%3E%3Cstop offset='1' stop-color='%232B7EFF'/%3E%3C/linearGradient%3E%3C/defs%3E%3C/svg%3E",[object Object],·,2 Balasan
https://www.facebook.com/shilviacell.shilviacell?comment_id=Y29tbWVudDoyNDk1MDY4ODAwMTE5ODExNl8xNDMxMDIzNDM4MTAxODYw&__tn__=R,MunaTlngsari,Pasti enak ya,,,Riry Aryanti membalas,https://www.facebook.com/reel/724081317219157/?comment_id=1431023438101860&__tn__=R,,,"data:image/svg+xml,%3Csvg fill='none' xmlns='http://www.w3.org/2000/svg' viewBox='0 0 16 16'%3E%3Cpath d='M16.0001 7.9996c0 4.418-3.5815 7.9996-7.9995 7.9996S.001 12.4176.001 7.9996 3.5825 0 8.0006 0C12.4186 0 16 3.5815 16 7.9996Z' fill='url(%23paint0_linear_15251_63610)'/%3E%3Cpath d='M16.0001 7.9996c0 4.418-3.5815 7.9996-7.9995 7.9996S.001 12.4176.001 7.9996 3.5825 0 8.0006 0C12.4186 0 16 3.5815 16 7.9996Z' fill='url(%23paint1_radial_15251_63610)'/%3E%3Cpath d='M16.0001 7.9996c0 4.418-3.5815 7.9996-7.9995 7.9996S.001 12.4176.001 7.9996 3.5825 0 8.0006 0C12.4186 0 16 3.5815 16 7.9996Z' fill='url(%23paint2_radial_15251_63610)' fill-opacity='.5'/%3E%3Cpath d='M7.3014 3.8662a.6974.6974 0 0 1 .6974-.6977c.6742 0 1.2207.5465 1.2207 1.2206v1.7464a.101.101 0 0 0 .101.101h1.7953c.992 0 1.7232.9273 1.4917 1.892l-.4572 1.9047a2.301 2.301 0 0 1-2.2374 1.764H6.9185a.5752.5752 0 0 1-.5752-.5752V7.7384c0-.4168.097-.8278.2834-1.2005l.2856-.5712a3.6878 3.6878 0 0 0 .3893-1.6509l-.0002-.4496ZM4.367 7a.767.767 0 0 0-.7669.767v3.2598a.767.767 0 0 0 .767.767h.767a.3835.3835 0 0 0 .3835-.3835V7.3835A.3835.3835 0 0 0 5.134 7h-.767Z' fill='%23fff'/%3E%3Cdefs%3E%3CradialGradient id='paint1_radial_15251_63610' cx='0' cy='0' r='1' gradientUnits='userSpaceOnUse' gradientTransform='rotate(90 .0005 8) scale(7.99958)'%3E%3Cstop offset='.5618' stop-color='%230866FF' stop-opacity='0'/%3E%3Cstop offset='1' stop-color='%230866FF' stop-opacity='.1'/%3E%3C/radialGradient%3E%3CradialGradient id='paint2_radial_15251_63610' cx='0' cy='0' r='1' gradientUnits='userSpaceOnUse' gradientTransform='rotate(45 -4.5257 10.9237) scale(10.1818)'%3E%3Cstop offset='.3143' stop-color='%2302ADFC'/%3E%3Cstop offset='1' stop-color='%2302ADFC' stop-opacity='0'/%3E%3C/radialGradient%3E%3ClinearGradient id='paint0_linear_15251_63610' x1='2.3989' y1='2.3999' x2='13.5983' y2='13.5993' gradientUnits='userSpaceOnUse'%3E%3Cstop stop-color='%2302ADFC'/%3E%3Cstop offset='.5' stop-color='%230866FF'/%3E%3Cstop offset='1' stop-color='%232B7EFF'/%3E%3C/linearGradient%3E%3C/defs%3E%3C/svg%3E",[object Object],·,1 balasan
https://www.facebook.com/ipenk.nifer?comment_id=Y29tbWVudDoyNDk1MDY4ODAwMTE5ODExNl8xNjYxNTAwMjU3NzI2OTAz&__tn__=R,Miemie Tomie,Jgn lupa buat aq juga ya kk syg,https://static.xx.fbcdn.net/images/emoji.php/v9/td0/1/16/1f602.png,https://static.xx.fbcdn.net/images/emoji.php/v9/td0/1/16/1f602.png,Riry Aryanti membalas,https://www.facebook.com/reel/724081317219157/?comment_id=1661500257726903&__tn__=R,·,Ikuti,"data:image/svg+xml,%3Csvg fill='none' xmlns='http://www.w3.org/2000/svg' viewBox='0 0 16 16'%3E%3Cpath d='M16.0001 7.9996c0 4.418-3.5815 7.9996-7.9995 7.9996S.001 12.4176.001 7.9996 3.5825 0 8.0006 0C12.4186 0 16 3.5815 16 7.9996Z' fill='url(%23paint0_linear_15251_63610)'/%3E%3Cpath d='M16.0001 7.9996c0 4.418-3.5815 7.9996-7.9995 7.9996S.001 12.4176.001 7.9996 3.5825 0 8.0006 0C12.4186 0 16 3.5815 16 7.9996Z' fill='url(%23paint1_radial_15251_63610)'/%3E%3Cpath d='M16.0001 7.9996c0 4.418-3.5815 7.9996-7.9995 7.9996S.001 12.4176.001 7.9996 3.5825 0 8.0006 0C12.4186 0 16 3.5815 16 7.9996Z' fill='url(%23paint2_radial_15251_63610)' fill-opacity='.5'/%3E%3Cpath d='M7.3014 3.8662a.6974.6974 0 0 1 .6974-.6977c.6742 0 1.2207.5465 1.2207 1.2206v1.7464a.101.101 0 0 0 .101.101h1.7953c.992 0 1.7232.9273 1.4917 1.892l-.4572 1.9047a2.301 2.301 0 0 1-2.2374 1.764H6.9185a.5752.5752 0 0 1-.5752-.5752V7.7384c0-.4168.097-.8278.2834-1.2005l.2856-.5712a3.6878 3.6878 0 0 0 .3893-1.6509l-.0002-.4496ZM4.367 7a.767.767 0 0 0-.7669.767v3.2598a.767.767 0 0 0 .767.767h.767a.3835.3835 0 0 0 .3835-.3835V7.3835A.3835.3835 0 0 0 5.134 7h-.767Z' fill='%23fff'/%3E%3Cdefs%3E%3CradialGradient id='paint1_radial_15251_63610' cx='0' cy='0' r='1' gradientUnits='userSpaceOnUse' gradientTransform='rotate(90 .0005 8) scale(7.99958)'%3E%3Cstop offset='.5618' stop-color='%230866FF' stop-opacity='0'/%3E%3Cstop offset='1' stop-color='%230866FF' stop-opacity='.1'/%3E%3C/radialGradient%3E%3CradialGradient id='paint2_radial_15251_63610' cx='0' cy='0' r='1' gradientUnits='userSpaceOnUse' gradientTransform='rotate(45 -4.5257 10.9237) scale(10.1818)'%3E%3Cstop offset='.3143' stop-color='%2302ADFC'/%3E%3Cstop offset='1' stop-color='%2302ADFC' stop-opacity='0'/%3E%3C/radialGradient%3E%3ClinearGradient id='paint0_linear_15251_63610' x1='2.3989' y1='2.3999' x2='13.5983' y2='13.5993' gradientUnits='userSpaceOnUse'%3E%3Cstop stop-color='%2302ADFC'/%3E%3Cstop offset='.5' stop-color='%230866FF'/%3E%3Cstop offset='1' stop-color='%232B7EFF'/%3E%3C/linearGradient%3E%3C/defs%3E%3C/svg%3E",[object Object],·,1 balasan
https://www.facebook.com/abdul.ghofur.888049?comment_id=Y29tbWVudDoyNDk1MDY4ODAwMTE5ODExNl8xNDI4MzUxODI4MjA5Njg4&__tn__=R,Abdul Ghofur,Tplonglah 20kg mah,https://static.xx.fbcdn.net/images/emoji.php/v9/t3/1/16/1f92d.png,,Riry Aryanti membalas,https://www.facebook.com/reel/724081317219157/?comment_id=1428351828209688&__tn__=R,·,Ikuti,"data:image/svg+xml,%3Csvg fill='none' xmlns='http://www.w3.org/2000/svg' viewBox='0 0 16 16'%3E%3Cg clip-path='url(%23clip0_15251_63610)'%3E%3Cpath d='M15.9953 7.9996c0 4.418-3.5816 7.9996-7.9996 7.9996S-.004 12.4176-.004 7.9996 3.5776 0 7.9957 0c4.418 0 7.9996 3.5815 7.9996 7.9996Z' fill='url(%23paint0_linear_15251_63610)'/%3E%3Cpath d='M15.9973 7.9992c0 4.4178-3.5811 7.9992-7.9987 7.9992C3.5811 15.9984 0 12.417 0 7.9992S3.5811 0 7.9986 0c4.4176 0 7.9987 3.5814 7.9987 7.9992Z' fill='url(%23paint1_radial_15251_63610)'/%3E%3Cpath d='M15.9953 7.9996c0 4.418-3.5816 7.9996-7.9996 7.9996S-.004 12.4176-.004 7.9996 3.5776 0 7.9957 0c4.418 0 7.9996 3.5815 7.9996 7.9996Z' fill='url(%23paint2_radial_15251_63610)' fill-opacity='.8'/%3E%3Cpath d='M12.5278 8.1957c.4057.1104.6772.4854.623.9024-.3379 2.6001-2.5167 4.9012-5.1542 4.9012s-4.8163-2.3011-5.1542-4.9012c-.0542-.417.2173-.792.623-.9024.8708-.237 2.5215-.596 4.5312-.596 2.0098 0 3.6605.359 4.5312.596Z' fill='%234B280E'/%3E%3Cpath d='M11.5809 12.3764c-.9328.9843-2.1948 1.6228-3.5841 1.6228-1.3892 0-2.6512-.6383-3.5839-1.6225a1.5425 1.5425 0 0 0-.016-.0174c.4475-1.0137 2.2-1.3599 3.5999-1.3599 1.4 0 3.1514.3468 3.5998 1.3599l-.0157.0171Z' fill='url(%23paint3_linear_15251_63610)'/%3E%3Cpath fill-rule='evenodd' clip-rule='evenodd' d='M13.3049 5.8793c.1614-1.1485-.6387-2.2103-1.7872-2.3717l-.0979-.0138c-1.1484-.1614-2.2103.6388-2.3717 1.7872l-.0163.1164a.5.5 0 0 0 .9902.1392l.0163-.1164c.0846-.6016.6408-1.0207 1.2424-.9362l.0978.0138c.6016.0845 1.0207.6407.9362 1.2423l-.0164.1164a.5.5 0 0 0 .9903.1392l.0163-.1164ZM2.6902 5.8793c-.1614-1.1485.6387-2.2103 1.7872-2.3717l.0979-.0138c1.1484-.1614 2.2103.6388 2.3717 1.7872l.0164.1164a.5.5 0 1 1-.9903.1392l-.0163-.1164c-.0846-.6016-.6408-1.0207-1.2423-.9362l-.098.0138c-.6015.0845-1.0206.6407-.936 1.2423l.0163.1164a.5.5 0 0 1-.9902.1392l-.0164-.1164Z' fill='%231C1C1D'/%3E%3C/g%3E%3Cdefs%3E%3CradialGradient id='paint1_radial_15251_63610' cx='0' cy='0' r='1' gradientUnits='userSpaceOnUse' gradientTransform='matrix(0 7.9992 -7.99863 0 7.9986 7.9992)'%3E%3Cstop offset='.5637' stop-color='%23FF5758' stop-opacity='0'/%3E%3Cstop offset='1' stop-color='%23FF5758' stop-opacity='.1'/%3E%3C/radialGradient%3E%3CradialGradient id='paint2_radial_15251_63610' cx='0' cy='0' r='1' gradientUnits='userSpaceOnUse' gradientTransform='rotate(45 -4.5272 10.9202) scale(10.1818)'%3E%3Cstop stop-color='%23FFF287'/%3E%3Cstop offset='1' stop-color='%23FFF287' stop-opacity='0'/%3E%3C/radialGradient%3E%3ClinearGradient id='paint0_linear_15251_63610' x1='2.396' y1='2.3999' x2='13.5954' y2='13.5993' gradientUnits='userSpaceOnUse'%3E%3Cstop stop-color='%23FFF287'/%3E%3Cstop offset='1' stop-color='%23F68628'/%3E%3C/linearGradient%3E%3ClinearGradient id='paint3_linear_15251_63610' x1='5.1979' y1='10.7996' x2='5.245' y2='14.2452' gradientUnits='userSpaceOnUse'%3E%3Cstop stop-color='%23FF60A4'/%3E%3Cstop offset='.2417' stop-color='%23FA2E3E'/%3E%3Cstop offset='1' stop-color='%23BC0A26'/%3E%3C/linearGradient%3E%3CclipPath id='clip0_15251_63610'%3E%3Cpath fill='%23fff' d='M-.002 0h16v15.9992h-16z'/%3E%3C/clipPath%3E%3C/defs%3E%3C/svg%3E",[object Object],·,1 balasan
https://www.facebook.com/mamaria.rahayu?comment_id=Y29tbWVudDoyNDk1MDY4ODAwMTE5ODExNl83MjA3NzY3MjQwMTg1OTg%3D&__tn__=R,Riska Yuliani,Wah pengen dong,https://static.xx.fbcdn.net/images/emoji.php/v9/td3/1/16/1f924.png,,Riry Aryanti membalas,https://www.facebook.com/reel/724081317219157/?comment_id=720776724018598&__tn__=R,,,"data:image/svg+xml,%3Csvg fill='none' xmlns='http://www.w3.org/2000/svg' viewBox='0 0 16 16'%3E%3Cpath d='M16.0001 7.9996c0 4.418-3.5815 7.9996-7.9995 7.9996S.001 12.4176.001 7.9996 3.5825 0 8.0006 0C12.4186 0 16 3.5815 16 7.9996Z' fill='url(%23paint0_linear_15251_63610)'/%3E%3Cpath d='M16.0001 7.9996c0 4.418-3.5815 7.9996-7.9995 7.9996S.001 12.4176.001 7.9996 3.5825 0 8.0006 0C12.4186 0 16 3.5815 16 7.9996Z' fill='url(%23paint1_radial_15251_63610)'/%3E%3Cpath d='M16.0001 7.9996c0 4.418-3.5815 7.9996-7.9995 7.9996S.001 12.4176.001 7.9996 3.5825 0 8.0006 0C12.4186 0 16 3.5815 16 7.9996Z' fill='url(%23paint2_radial_15251_63610)' fill-opacity='.5'/%3E%3Cpath d='M7.3014 3.8662a.6974.6974 0 0 1 .6974-.6977c.6742 0 1.2207.5465 1.2207 1.2206v1.7464a.101.101 0 0 0 .101.101h1.7953c.992 0 1.7232.9273 1.4917 1.892l-.4572 1.9047a2.301 2.301 0 0 1-2.2374 1.764H6.9185a.5752.5752 0 0 1-.5752-.5752V7.7384c0-.4168.097-.8278.2834-1.2005l.2856-.5712a3.6878 3.6878 0 0 0 .3893-1.6509l-.0002-.4496ZM4.367 7a.767.767 0 0 0-.7669.767v3.2598a.767.767 0 0 0 .767.767h.767a.3835.3835 0 0 0 .3835-.3835V7.3835A.3835.3835 0 0 0 5.134 7h-.767Z' fill='%23fff'/%3E%3Cdefs%3E%3CradialGradient id='paint1_radial_15251_63610' cx='0' cy='0' r='1' gradientUnits='userSpaceOnUse' gradientTransform='rotate(90 .0005 8) scale(7.99958)'%3E%3Cstop offset='.5618' stop-color='%230866FF' stop-opacity='0'/%3E%3Cstop offset='1' stop-color='%230866FF' stop-opacity='.1'/%3E%3C/radialGradient%3E%3CradialGradient id='paint2_radial_15251_63610' cx='0' cy='0' r='1' gradientUnits='userSpaceOnUse' gradientTransform='rotate(45 -4.5257 10.9237) scale(10.1818)'%3E%3Cstop offset='.3143' stop-color='%2302ADFC'/%3E%3Cstop offset='1' stop-color='%2302ADFC' stop-opacity='0'/%3E%3C/radialGradient%3E%3ClinearGradient id='paint0_linear_15251_63610' x1='2.3989' y1='2.3999' x2='13.5983' y2='13.5993' gradientUnits='userSpaceOnUse'%3E%3Cstop stop-color='%2302ADFC'/%3E%3Cstop offset='.5' stop-color='%230866FF'/%3E%3Cstop offset='1' stop-color='%232B7EFF'/%3E%3C/linearGradient%3E%3C/defs%3E%3C/svg%3E",[object Object],·,1 balasan
https://www.facebook.com/susy.l.73?comment_id=Y29tbWVudDoyNDk1MDY4ODAwMTE5ODExNl8yNDc5Mzg1NjM4MDMwMjQ1MA%3D%3D&__tn__=R,Suzzy LA,Nitip kak,,,Riry Aryanti membalas,https://www.facebook.com/reel/724081317219157/?comment_id=24793856380302450&__tn__=R,·,Ikuti,"data:image/svg+xml,%3Csvg fill='none' xmlns='http://www.w3.org/2000/svg' viewBox='0 0 16 16'%3E%3Cpath d='M16.0001 7.9996c0 4.418-3.5815 7.9996-7.9995 7.9996S.001 12.4176.001 7.9996 3.5825 0 8.0006 0C12.4186 0 16 3.5815 16 7.9996Z' fill='url(%23paint0_linear_15251_63610)'/%3E%3Cpath d='M16.0001 7.9996c0 4.418-3.5815 7.9996-7.9995 7.9996S.001 12.4176.001 7.9996 3.5825 0 8.0006 0C12.4186 0 16 3.5815 16 7.9996Z' fill='url(%23paint1_radial_15251_63610)'/%3E%3Cpath d='M16.0001 7.9996c0 4.418-3.5815 7.9996-7.9995 7.9996S.001 12.4176.001 7.9996 3.5825 0 8.0006 0C12.4186 0 16 3.5815 16 7.9996Z' fill='url(%23paint2_radial_15251_63610)' fill-opacity='.5'/%3E%3Cpath d='M7.3014 3.8662a.6974.6974 0 0 1 .6974-.6977c.6742 0 1.2207.5465 1.2207 1.2206v1.7464a.101.101 0 0 0 .101.101h1.7953c.992 0 1.7232.9273 1.4917 1.892l-.4572 1.9047a2.301 2.301 0 0 1-2.2374 1.764H6.9185a.5752.5752 0 0 1-.5752-.5752V7.7384c0-.4168.097-.8278.2834-1.2005l.2856-.5712a3.6878 3.6878 0 0 0 .3893-1.6509l-.0002-.4496ZM4.367 7a.767.767 0 0 0-.7669.767v3.2598a.767.767 0 0 0 .767.767h.767a.3835.3835 0 0 0 .3835-.3835V7.3835A.3835.3835 0 0 0 5.134 7h-.767Z' fill='%23fff'/%3E%3Cdefs%3E%3CradialGradient id='paint1_radial_15251_63610' cx='0' cy='0' r='1' gradientUnits='userSpaceOnUse' gradientTransform='rotate(90 .0005 8) scale(7.99958)'%3E%3Cstop offset='.5618' stop-color='%230866FF' stop-opacity='0'/%3E%3Cstop offset='1' stop-color='%230866FF' stop-opacity='.1'/%3E%3C/radialGradient%3E%3CradialGradient id='paint2_radial_15251_63610' cx='0' cy='0' r='1' gradientUnits='userSpaceOnUse' gradientTransform='rotate(45 -4.5257 10.9237) scale(10.1818)'%3E%3Cstop offset='.3143' stop-color='%2302ADFC'/%3E%3Cstop offset='1' stop-color='%2302ADFC' stop-opacity='0'/%3E%3C/radialGradient%3E%3ClinearGradient id='paint0_linear_15251_63610' x1='2.3989' y1='2.3999' x2='13.5983' y2='13.5993' gradientUnits='userSpaceOnUse'%3E%3Cstop stop-color='%2302ADFC'/%3E%3Cstop offset='.5' stop-color='%230866FF'/%3E%3Cstop offset='1' stop-color='%232B7EFF'/%3E%3C/linearGradient%3E%3C/defs%3E%3C/svg%3E",[object Object],·,1 balasan
https://www.facebook.com/profile.php?id=61576071071684&comment_id=Y29tbWVudDoyNDk1MDY4ODAwMTE5ODExNl8yNTc4MDAzMjM1ODc2NjMz&__tn__=R,Amin Nuryahman,Sore kk.,https://static.xx.fbcdn.net/images/emoji.php/v9/t4c/1/16/1f642.png,https://static.xx.fbcdn.net/images/emoji.php/v9/t9e/1/16/27a1.png,Riry Aryanti membalas,https://www.facebook.com/reel/724081317219157/?comment_id=2578003235876633&__tn__=R,,,"data:image/svg+xml,%3Csvg fill='none' xmlns='http://www.w3.org/2000/svg' viewBox='0 0 16 16'%3E%3Cpath d='M16.0001 7.9996c0 4.418-3.5815 7.9996-7.9995 7.9996S.001 12.4176.001 7.9996 3.5825 0 8.0006 0C12.4186 0 16 3.5815 16 7.9996Z' fill='url(%23paint0_linear_15251_63610)'/%3E%3Cpath d='M16.0001 7.9996c0 4.418-3.5815 7.9996-7.9995 7.9996S.001 12.4176.001 7.9996 3.5825 0 8.0006 0C12.4186 0 16 3.5815 16 7.9996Z' fill='url(%23paint1_radial_15251_63610)'/%3E%3Cpath d='M16.0001 7.9996c0 4.418-3.5815 7.9996-7.9995 7.9996S.001 12.4176.001 7.9996 3.5825 0 8.0006 0C12.4186 0 16 3.5815 16 7.9996Z' fill='url(%23paint2_radial_15251_63610)' fill-opacity='.5'/%3E%3Cpath d='M7.3014 3.8662a.6974.6974 0 0 1 .6974-.6977c.6742 0 1.2207.5465 1.2207 1.2206v1.7464a.101.101 0 0 0 .101.101h1.7953c.992 0 1.7232.9273 1.4917 1.892l-.4572 1.9047a2.301 2.301 0 0 1-2.2374 1.764H6.9185a.5752.5752 0 0 1-.5752-.5752V7.7384c0-.4168.097-.8278.2834-1.2005l.2856-.5712a3.6878 3.6878 0 0 0 .3893-1.6509l-.0002-.4496ZM4.367 7a.767.767 0 0 0-.7669.767v3.2598a.767.767 0 0 0 .767.767h.767a.3835.3835 0 0 0 .3835-.3835V7.3835A.3835.3835 0 0 0 5.134 7h-.767Z' fill='%23fff'/%3E%3Cdefs%3E%3CradialGradient id='paint1_radial_15251_63610' cx='0' cy='0' r='1' gradientUnits='userSpaceOnUse' gradientTransform='rotate(90 .0005 8) scale(7.99958)'%3E%3Cstop offset='.5618' stop-color='%230866FF' stop-opacity='0'/%3E%3Cstop offset='1' stop-color='%230866FF' stop-opacity='.1'/%3E%3C/radialGradient%3E%3CradialGradient id='paint2_radial_15251_63610' cx='0' cy='0' r='1' gradientUnits='userSpaceOnUse' gradientTransform='rotate(45 -4.5257 10.9237) scale(10.1818)'%3E%3Cstop offset='.3143' stop-color='%2302ADFC'/%3E%3Cstop offset='1' stop-color='%2302ADFC' stop-opacity='0'/%3E%3C/radialGradient%3E%3ClinearGradient id='paint0_linear_15251_63610' x1='2.3989' y1='2.3999' x2='13.5983' y2='13.5993' gradientUnits='userSpaceOnUse'%3E%3Cstop stop-color='%2302ADFC'/%3E%3Cstop offset='.5' stop-color='%230866FF'/%3E%3Cstop offset='1' stop-color='%232B7EFF'/%3E%3C/linearGradient%3E%3C/defs%3E%3C/svg%3E",[object Object],·,1 balasan
https://www.facebook.com/profile.php?id=61565816981904&comment_id=Y29tbWVudDoyNDk1MDY4ODAwMTE5ODExNl83NTI1MjQxNDQ2MDcyODE%3D&__tn__=R,Yos Ita,Titip belikan bunda 1 ya sayang dodol Garut,,,Riry Aryanti membalas,https://www.facebook.com/reel/724081317219157/?comment_id=752524144607281&__tn__=R,,,"data:image/svg+xml,%3Csvg fill='none' xmlns='http://www.w3.org/2000/svg' viewBox='0 0 16 16'%3E%3Cg clip-path='url(%23clip0_15251_63610)'%3E%3Cpath d='M15.9982 7.9998c0 4.4181-3.5815 7.9996-7.9996 7.9996-4.418 0-7.9996-3.5815-7.9996-7.9996 0-4.418 3.5816-7.9996 7.9996-7.9996 4.4181 0 7.9996 3.5816 7.9996 7.9996Z' fill='url(%23paint0_linear_15251_63610)'/%3E%3Cpath d='M15.9973 7.9992c0 4.4178-3.5811 7.9992-7.9987 7.9992C3.5811 15.9984 0 12.417 0 7.9992S3.5811 0 7.9986 0c4.4176 0 7.9987 3.5814 7.9987 7.9992Z' fill='url(%23paint1_radial_15251_63610)'/%3E%3Cmask id='mask0_15251_63610' style='mask-type:alpha' maskUnits='userSpaceOnUse' x='6' y='13' width='8' height='3'%3E%3Cpath d='M13.6084 13.7029c-1.4438 1.4203-3.4244 2.2965-5.6097 2.2965a8.0393 8.0393 0 0 1-1.5715-.1543c.6898-.2867 1.6353-.7368 2.5437-1.3171 1.2793.5295 3.4828.2415 4.6285-.8326l.009.0075Z' fill='%23D9D9D9'/%3E%3C/mask%3E%3Cg mask='url(%23mask0_15251_63610)'%3E%3Cpath d='M15.9982 7.9998c0 4.4181-3.5815 7.9996-7.9996 7.9996-4.418 0-7.9996-3.5815-7.9996-7.9996 0-4.418 3.5816-7.9996 7.9996-7.9996 4.4181 0 7.9996 3.5816 7.9996 7.9996Z' fill='url(%23paint2_linear_15251_63610)'/%3E%3C/g%3E%3Cpath d='M15.9962 7.9996c0 4.418-3.5815 7.9996-7.9995 7.9996S-.003 12.4176-.003 7.9996 3.5786 0 7.9967 0c4.418 0 7.9995 3.5815 7.9995 7.9996Z' fill='url(%23paint3_radial_15251_63610)'/%3E%3Cpath d='M15.9962 7.9996c0 4.418-3.5815 7.9996-7.9995 7.9996S-.003 12.4176-.003 7.9996 3.5786 0 7.9967 0c4.418 0 7.9995 3.5815 7.9995 7.9996Z' fill='url(%23paint4_radial_15251_63610)'/%3E%3Cpath d='M15.9962 7.9996c0 4.418-3.5815 7.9996-7.9995 7.9996S-.003 12.4176-.003 7.9996 3.5786 0 7.9967 0c4.418 0 7.9995 3.5815 7.9995 7.9996Z' fill='url(%23paint5_radial_15251_63610)' style='mix-blend-mode:multiply'/%3E%3Cpath d='M15.9962 7.9996c0 4.418-3.5815 7.9996-7.9995 7.9996S-.003 12.4176-.003 7.9996 3.5786 0 7.9967 0c4.418 0 7.9995 3.5815 7.9995 7.9996Z' fill='url(%23paint6_radial_15251_63610)' style='mix-blend-mode:multiply'/%3E%3Cpath fill-rule='evenodd' clip-rule='evenodd' d='M9.585 7.7886a.499.499 0 0 1 .026.0043 2.849 2.849 0 0 1 1.8175 1.202 2.8423 2.8423 0 0 1 .4349 2.1333c-.2461 1.2665-1.3291 2.3137-2.4304 3.0886-1.1259.7923-2.3926 1.3839-3.2016 1.7072a1.08 1.08 0 0 1-1.151-.2237c-.6289-.6028-1.5818-1.6259-2.329-2.7823-.7307-1.131-1.3425-2.5076-1.0963-3.7741a2.8425 2.8425 0 0 1 1.2024-1.8151 2.8492 2.8492 0 0 1 2.1354-.4336.5086.5086 0 0 1 .0268.006 2.9735 2.9735 0 0 1 1.4594.8686c.1647.1788.3813.4853.5716.8626.3155-.2781.6296-.482.8526-.5874a2.9734 2.9734 0 0 1 1.6817-.2564Z' fill='url(%23paint7_radial_15251_63610)'/%3E%3Cpath fill-rule='evenodd' clip-rule='evenodd' d='M9.585 7.7886a.499.499 0 0 1 .026.0043 2.849 2.849 0 0 1 1.8175 1.202 2.8423 2.8423 0 0 1 .4349 2.1333c-.2461 1.2665-1.3291 2.3137-2.4304 3.0886-1.1259.7923-2.3926 1.3839-3.2016 1.7072a1.08 1.08 0 0 1-1.151-.2237c-.6289-.6028-1.5818-1.6259-2.329-2.7823-.7307-1.131-1.3425-2.5076-1.0963-3.7741a2.8425 2.8425 0 0 1 1.2024-1.8151 2.8492 2.8492 0 0 1 2.1354-.4336.5086.5086 0 0 1 .0268.006 2.9735 2.9735 0 0 1 1.4594.8686c.1647.1788.3813.4853.5716.8626.3155-.2781.6296-.482.8526-.5874a2.9734 2.9734 0 0 1 1.6817-.2564Z' fill='url(%23paint8_radial_15251_63610)'/%3E%3Cpath fill-rule='evenodd' clip-rule='evenodd' d='M9.585 7.7886a.499.499 0 0 1 .026.0043 2.849 2.849 0 0 1 1.8175 1.202 2.8423 2.8423 0 0 1 .4349 2.1333c-.2461 1.2665-1.3291 2.3137-2.4304 3.0886-1.1259.7923-2.3926 1.3839-3.2016 1.7072a1.08 1.08 0 0 1-1.151-.2237c-.6289-.6028-1.5818-1.6259-2.329-2.7823-.7307-1.131-1.3425-2.5076-1.0963-3.7741a2.8425 2.8425 0 0 1 1.2024-1.8151 2.8492 2.8492 0 0 1 2.1354-.4336.5086.5086 0 0 1 .0268.006 2.9735 2.9735 0 0 1 1.4594.8686c.1647.1788.3813.4853.5716.8626.3155-.2781.6296-.482.8526-.5874a2.9734 2.9734 0 0 1 1.6817-.2564Z' fill='url(%23paint9_radial_15251_63610)'/%3E%3Cmask id='mask1_15251_63610' style='mask-type:alpha' maskUnits='userSpaceOnUse' x='-1' y='0' width='17' height='16'%3E%3Ccircle cx='7.9976' cy='7.9998' r='7.9996' fill='%23fff'/%3E%3C/mask%3E%3Cg mask='url(%23mask1_15251_63610)' fill-rule='evenodd' clip-rule='evenodd'%3E%3Cpath d='M1.3582 7.6194C.836 7.1064.318 7.2994.118 7.9596c-.2.6603-.0513 2.4955 1.0427 3.3962 2.752 2.2662 5.464.8613 5.5191-.5247.0498-1.2472-1.3555-1.113-1.8127-1.0879-.0311.0018-.0445-.0412-.0178-.0582.096-.0626.2535-.1719.4198-.3125.3594-.3044.1753-.8326-.3264-.6813-.0756.0224-1.2968.3904-2.0707.0967-.8778-.3331-.9828-.6465-1.5147-1.1685h.0009Z' fill='%23FFF287'/%3E%3Cpath d='M1.3582 7.6194C.836 7.1064.318 7.2994.118 7.9596c-.2.6603-.0513 2.4955 1.0427 3.3962 2.752 2.2662 5.464.8613 5.5191-.5247.0498-1.2472-1.3555-1.113-1.8127-1.0879-.0311.0018-.0445-.0412-.0178-.0582.096-.0626.2535-.1719.4198-.3125.3594-.3044.1753-.8326-.3264-.6813-.0756.0224-1.2968.3904-2.0707.0967-.8778-.3331-.9828-.6465-1.5147-1.1685h.0009Z' fill='url(%23paint10_linear_15251_63610)'/%3E%3Cpath d='M1.3582 7.6194C.836 7.1064.318 7.2994.118 7.9596c-.2.6603-.0513 2.4955 1.0427 3.3962 2.752 2.2662 5.464.8613 5.5191-.5247.0498-1.2472-1.3555-1.113-1.8127-1.0879-.0311.0018-.0445-.0412-.0178-.0582.096-.0626.2535-.1719.4198-.3125.3594-.3044.1753-.8326-.3264-.6813-.0756.0224-1.2968.3904-2.0707.0967-.8778-.3331-.9828-.6465-1.5147-1.1685h.0009Z' fill='url(%23paint11_radial_15251_63610)' fill-opacity='.6'/%3E%3Cpath d='M1.3582 7.6194C.836 7.1064.318 7.2994.118 7.9596c-.2.6603-.0513 2.4955 1.0427 3.3962 2.752 2.2662 5.464.8613 5.5191-.5247.0498-1.2472-1.3555-1.113-1.8127-1.0879-.0311.0018-.0445-.0412-.0178-.0582.096-.0626.2535-.1719.4198-.3125.3594-.3044.1753-.8326-.3264-.6813-.0756.0224-1.2968.3904-2.0707.0967-.8778-.3331-.9828-.6465-1.5147-1.1685h.0009Z' fill='url(%23paint12_radial_15251_63610)'/%3E%3Cpath d='M1.3582 7.6194C.836 7.1064.318 7.2994.118 7.9596c-.2.6603-.0513 2.4955 1.0427 3.3962 2.752 2.2662 5.464.8613 5.5191-.5247.0498-1.2472-1.3555-1.113-1.8127-1.0879-.0311.0018-.0445-.0412-.0178-.0582.096-.0626.2535-.1719.4198-.3125.3594-.3044.1753-.8326-.3264-.6813-.0756.0224-1.2968.3904-2.0707.0967-.8778-.3331-.9828-.6465-1.5147-1.1685h.0009Z' fill='url(%23paint13_radial_15251_63610)'/%3E%3Cpath d='M1.3582 7.6194C.836 7.1064.318 7.2994.118 7.9596c-.2.6603-.0513 2.4955 1.0427 3.3962 2.752 2.2662 5.464.8613 5.5191-.5247.0498-1.2472-1.3555-1.113-1.8127-1.0879-.0311.0018-.0445-.0412-.0178-.0582.096-.0626.2535-.1719.4198-.3125.3594-.3044.1753-.8326-.3264-.6813-.0756.0224-1.2968.3904-2.0707.0967-.8778-.3331-.9828-.6465-1.5147-1.1685h.0009Z' fill='url(%23paint14_radial_15251_63610)'/%3E%3Cpath d='M14.2827 7.7582c.3146-.7585.3146-1.1585.7145-1.3585.4-.2 1 .4 1 1.6 0 1.9998-.8 4.1957-2.3999 5.6956-1.5999 1.5-5.2626 1.4668-5.5906-.1845-.2727-1.3695 1.1697-1.5059 1.6332-1.571.0316-.0045.0378-.0542.0079-.0677a4.201 4.201 0 0 1-.474-.262c-.4125-.2647-.3176-.8871.211-.8203.599.0913 1.3395.2647 1.978.1997 1.8469-.1888 2.6052-2.4728 2.9199-3.2313Z' fill='%23FFF287'/%3E%3Cpath d='M14.2827 7.7582c.3146-.7585.3146-1.1585.7145-1.3585.4-.2 1 .4 1 1.6 0 1.9998-.8 4.1957-2.3999 5.6956-1.5999 1.5-5.2626 1.4668-5.5906-.1845-.2727-1.3695 1.1697-1.5059 1.6332-1.571.0316-.0045.0378-.0542.0079-.0677a4.201 4.201 0 0 1-.474-.262c-.4125-.2647-.3176-.8871.211-.8203.599.0913 1.3395.2647 1.978.1997 1.8469-.1888 2.6052-2.4728 2.9199-3.2313Z' fill='url(%23paint15_linear_15251_63610)'/%3E%3Cpath d='M14.2827 7.7582c.3146-.7585.3146-1.1585.7145-1.3585.4-.2 1 .4 1 1.6 0 1.9998-.8 4.1957-2.3999 5.6956-1.5999 1.5-5.2626 1.4668-5.5906-.1845-.2727-1.3695 1.1697-1.5059 1.6332-1.571.0316-.0045.0378-.0542.0079-.0677a4.201 4.201 0 0 1-.474-.262c-.4125-.2647-.3176-.8871.211-.8203.599.0913 1.3395.2647 1.978.1997 1.8469-.1888 2.6052-2.4728 2.9199-3.2313Z' fill='url(%23paint16_radial_15251_63610)' fill-opacity='.8'/%3E%3Cpath d='M14.2827 7.7582c.3146-.7585.3146-1.1585.7145-1.3585.4-.2 1 .4 1 1.6 0 1.9998-.8 4.1957-2.3999 5.6956-1.5999 1.5-5.2626 1.4668-5.5906-.1845-.2727-1.3695 1.1697-1.5059 1.6332-1.571.0316-.0045.0378-.0542.0079-.0677a4.201 4.201 0 0 1-.474-.262c-.4125-.2647-.3176-.8871.211-.8203.599.0913 1.3395.2647 1.978.1997 1.8469-.1888 2.6052-2.4728 2.9199-3.2313Z' fill='url(%23paint17_radial_15251_63610)'/%3E%3Cpath d='M14.2827 7.7582c.3146-.7585.3146-1.1585.7145-1.3585.4-.2 1 .4 1 1.6 0 1.9998-.8 4.1957-2.3999 5.6956-1.5999 1.5-5.2626 1.4668-5.5906-.1845-.2727-1.3695 1.1697-1.5059 1.6332-1.571.0316-.0045.0378-.0542.0079-.0677a4.201 4.201 0 0 1-.474-.262c-.4125-.2647-.3176-.8871.211-.8203.599.0913 1.3395.2647 1.978.1997 1.8469-.1888 2.6052-2.4728 2.9199-3.2313Z' fill='url(%23paint18_radial_15251_63610)' fill-opacity='.9' style='mix-blend-mode:screen'/%3E%3C/g%3E%3Cpath d='M7.9977 6.8c.71 0 1.1723-.1164 1.4952-.2331.3063-.1108.4-.4145.08-.4762C9.277 6.0336 8.7886 6 7.9978 6c-.7753 0-1.2813.0342-1.5903.0988-.3085.0646-.2235.3583.073.4654.3257.1177.8017.2357 1.5173.2357Z' fill='%234B280E'/%3E%3Cpath fill-rule='evenodd' clip-rule='evenodd' d='M10.1526 2.0928a3.3945 3.3945 0 0 1 2.0299.699.4.4 0 0 0 .4863-.6352 4.1946 4.1946 0 0 0-2.5083-.8637.4.4 0 1 0-.0079.7999ZM5.843 2.0928a3.3946 3.3946 0 0 0-2.03.699.4.4 0 1 1-.4862-.6352 4.1945 4.1945 0 0 1 2.5083-.8637.4.4 0 1 1 .008.7999Z' fill='%23E0761A'/%3E%3Cpath fill-rule='evenodd' clip-rule='evenodd' d='M9.998 4.3577c-.001.7238.483.936 1.1999 1.023.7099.1024 1.1878-.1978 1.1998-1.023.01-.6941-.3809-1.5413-1.1998-1.5575-.8189.0162-1.1999.8634-1.1999 1.5575ZM5.998 4.3577c.001.7238-.483.936-1.1998 1.023-.71.1024-1.1879-.1978-1.1999-1.023-.01-.6941.381-1.5413 1.1999-1.5575.8189.0162 1.1998.8634 1.1998 1.5575Z' fill='%231C1C1D'/%3E%3C/g%3E%3Cdefs%3E%3CradialGradient id='paint1_radial_15251_63610' cx='0' cy='0' r='1' gradientUnits='userSpaceOnUse' gradientTransform='matrix(0 7.9992 -7.99863 0 7.9986 7.9992)'%3E%3Cstop offset='.5637' stop-color='%23FF5758' stop-opacity='0'/%3E%3Cstop offset='1' stop-color='%23FF5758' stop-opacity='.1'/%3E%3C/radialGradient%3E%3CradialGradient id='paint3_radial_15251_63610' cx='0' cy='0' r='1' gradientUnits='userSpaceOnUse' gradientTransform='matrix(.1233 -1.60292 4.45604 .34277 10.6837 13.9363)'%3E%3Cstop stop-color='%23791119' stop-opacity='.7'/%3E%3Cstop offset='1' stop-color='%23791119' stop-opacity='0'/%3E%3C/radialGradient%3E%3CradialGradient id='paint4_radial_15251_63610' cx='0' cy='0' r='1' gradientUnits='userSpaceOnUse' gradientTransform='matrix(.92919 2.03556 -13.3287 6.08424 12.9748 11.0609)'%3E%3Cstop stop-color='%23791119' stop-opacity='.08'/%3E%3Cstop offset='1' stop-color='%23791119' stop-opacity='0'/%3E%3C/radialGradient%3E%3CradialGradient id='paint5_radial_15251_63610' cx='0' cy='0' r='1' gradientUnits='userSpaceOnUse' gradientTransform='matrix(.5 -2 2.8733 .71832 3 11)'%3E%3Cstop offset='.2088' stop-color='%23791119' stop-opacity='.4'/%3E%3Cstop offset='1' stop-color='%23791119' stop-opacity='0'/%3E%3C/radialGradient%3E%3CradialGradient id='paint6_radial_15251_63610' cx='0' cy='0' r='1' gradientUnits='userSpaceOnUse' gradientTransform='matrix(1.5 -1 1.43665 2.15497 2 10)'%3E%3Cstop offset='.2088' stop-color='%23791119' stop-opacity='.3'/%3E%3Cstop offset='1' stop-color='%23791119' stop-opacity='0'/%3E%3C/radialGradient%3E%3CradialGradient id='paint7_radial_15251_63610' cx='0' cy='0' r='1' gradientUnits='userSpaceOnUse' gradientTransform='matrix(4.40005 5.20005 -6.1455 5.20005 4.198 9.4003)'%3E%3Cstop offset='.3729' stop-color='%23FA2E3E'/%3E%3Cstop offset='.9266' stop-color='%23E11731'/%3E%3C/radialGradient%3E%3CradialGradient id='paint8_radial_15251_63610' cx='0' cy='0' r='1' gradientUnits='userSpaceOnUse' gradientTransform='rotate(-92.693 7.5086 3.7543) scale(1.72921 2.52467)'%3E%3Cstop stop-color='%23791119' stop-opacity='.9'/%3E%3Cstop offset='1' stop-color='%23791119' stop-opacity='0'/%3E%3C/radialGradient%3E%3CradialGradient id='paint9_radial_15251_63610' cx='0' cy='0' r='1' gradientUnits='userSpaceOnUse' gradientTransform='rotate(-65.627 15.8732 -.8589) scale(1.94093 2.8338)'%3E%3Cstop stop-color='%23791119' stop-opacity='.9'/%3E%3Cstop offset='1' stop-color='%23791119' stop-opacity='0'/%3E%3C/radialGradient%3E%3CradialGradient id='paint11_radial_15251_63610' cx='0' cy='0' r='1' gradientUnits='userSpaceOnUse' gradientTransform='rotate(93.472 -1.1146 5.8598) scale(4.00047 8.84233)'%3E%3Cstop stop-color='%23FFF287' stop-opacity='0'/%3E%3Cstop offset='.9846' stop-color='%23FF5758' stop-opacity='.8'/%3E%3C/radialGradient%3E%3CradialGradient id='paint12_radial_15251_63610' cx='0' cy='0' r='1' gradientUnits='userSpaceOnUse' gradientTransform='rotate(131.396 1.7386 3.9605) scale(7.98139 8.42047)'%3E%3Cstop offset='.6481' stop-color='%23FFE480'/%3E%3Cstop offset='.9167' stop-color='%23FFE480' stop-opacity='0'/%3E%3C/radialGradient%3E%3CradialGradient id='paint13_radial_15251_63610' cx='0' cy='0' r='1' gradientUnits='userSpaceOnUse' gradientTransform='rotate(115.036 -.1572 5.1636) scale(5.20766 4.5125)'%3E%3Cstop offset='.9124' stop-color='%23FFE480' stop-opacity='0'/%3E%3Cstop offset='1' stop-color='%23FFE480'/%3E%3C/radialGradient%3E%3CradialGradient id='paint14_radial_15251_63610' cx='0' cy='0' r='1' gradientUnits='userSpaceOnUse' gradientTransform='matrix(1.35706 1.5577 -3.27818 2.85593 0 7.5)'%3E%3Cstop stop-color='%23FFE483'/%3E%3Cstop offset='.9167' stop-color='%23FFEB80' stop-opacity='0'/%3E%3C/radialGradient%3E%3CradialGradient id='paint16_radial_15251_63610' cx='0' cy='0' r='1' gradientUnits='userSpaceOnUse' gradientTransform='rotate(38.267 -7.741 22.3658) scale(3.94718 18.9414)'%3E%3Cstop stop-color='%23FFF287' stop-opacity='0'/%3E%3Cstop offset='.7371' stop-color='%23FF5758' stop-opacity='.4'/%3E%3C/radialGradient%3E%3CradialGradient id='paint17_radial_15251_63610' cx='0' cy='0' r='1' gradientUnits='userSpaceOnUse' gradientTransform='matrix(2.93607 2.57398 -2.89968 3.3076 10.5 8)'%3E%3Cstop offset='.8254' stop-color='%23FFE480'/%3E%3Cstop offset='1' stop-color='%23FFE480' stop-opacity='0'/%3E%3C/radialGradient%3E%3CradialGradient id='paint18_radial_15251_63610' cx='0' cy='0' r='1' gradientUnits='userSpaceOnUse' gradientTransform='matrix(4.5 2.5 -3.1886 5.73949 11 9)'%3E%3Cstop offset='.897' stop-color='%23FFE480' stop-opacity='0'/%3E%3Cstop offset='1' stop-color='%23FFE480'/%3E%3C/radialGradient%3E%3ClinearGradient id='paint0_linear_15251_63610' x1='2.5019' y1='2.5002' x2='16.002' y2='16.0002' gradientUnits='userSpaceOnUse'%3E%3Cstop offset='.2619' stop-color='%23FFF287'/%3E%3Cstop offset='1' stop-color='%23F68628'/%3E%3C/linearGradient%3E%3ClinearGradient id='paint2_linear_15251_63610' x1='10' y1='14.5002' x2='10' y2='17.0002' gradientUnits='userSpaceOnUse'%3E%3Cstop stop-color='%23FFF287' stop-opacity='0'/%3E%3Cstop offset='1' stop-color='%23FFF287'/%3E%3C/linearGradient%3E%3ClinearGradient id='paint10_linear_15251_63610' x1='4.4115' y1='6.5983' x2='2.6271' y2='9.9854' gradientUnits='userSpaceOnUse'%3E%3Cstop stop-color='%23FFF287'/%3E%3Cstop offset='1' stop-color='%23F68628' stop-opacity='.3'/%3E%3C/linearGradient%3E%3ClinearGradient id='paint15_linear_15251_63610' x1='7.9727' y1='12.4766' x2='18.4483' y2='13.8876' gradientUnits='userSpaceOnUse'%3E%3Cstop offset='.0835' stop-color='%23FFF287'/%3E%3Cstop offset='1' stop-color='%23F68628'/%3E%3C/linearGradient%3E%3CclipPath id='clip0_15251_63610'%3E%3Cpath fill='%23fff' d='M-.002.0002h16.0001v16h-16z'/%3E%3C/clipPath%3E%3C/defs%3E%3C/svg%3E",[object Object],·,2 Balasan
https://www.facebook.com/echa.suryan?comment_id=Y29tbWVudDoyNDk1MDY4ODAwMTE5ODExNl83Mjg5MzUzNzY1ODQyNzg%3D&__tn__=R,Echa Sada Suryan,"Selamat sore besti,,",,,Riry Aryanti membalas,https://www.facebook.com/reel/724081317219157/?comment_id=728935376584278&__tn__=R,,,"data:image/svg+xml,%3Csvg fill='none' xmlns='http://www.w3.org/2000/svg' viewBox='0 0 16 16'%3E%3Cpath d='M16.0001 7.9996c0 4.418-3.5815 7.9996-7.9995 7.9996S.001 12.4176.001 7.9996 3.5825 0 8.0006 0C12.4186 0 16 3.5815 16 7.9996Z' fill='url(%23paint0_linear_15251_63610)'/%3E%3Cpath d='M16.0001 7.9996c0 4.418-3.5815 7.9996-7.9995 7.9996S.001 12.4176.001 7.9996 3.5825 0 8.0006 0C12.4186 0 16 3.5815 16 7.9996Z' fill='url(%23paint1_radial_15251_63610)'/%3E%3Cpath d='M16.0001 7.9996c0 4.418-3.5815 7.9996-7.9995 7.9996S.001 12.4176.001 7.9996 3.5825 0 8.0006 0C12.4186 0 16 3.5815 16 7.9996Z' fill='url(%23paint2_radial_15251_63610)' fill-opacity='.5'/%3E%3Cpath d='M7.3014 3.8662a.6974.6974 0 0 1 .6974-.6977c.6742 0 1.2207.5465 1.2207 1.2206v1.7464a.101.101 0 0 0 .101.101h1.7953c.992 0 1.7232.9273 1.4917 1.892l-.4572 1.9047a2.301 2.301 0 0 1-2.2374 1.764H6.9185a.5752.5752 0 0 1-.5752-.5752V7.7384c0-.4168.097-.8278.2834-1.2005l.2856-.5712a3.6878 3.6878 0 0 0 .3893-1.6509l-.0002-.4496ZM4.367 7a.767.767 0 0 0-.7669.767v3.2598a.767.767 0 0 0 .767.767h.767a.3835.3835 0 0 0 .3835-.3835V7.3835A.3835.3835 0 0 0 5.134 7h-.767Z' fill='%23fff'/%3E%3Cdefs%3E%3CradialGradient id='paint1_radial_15251_63610' cx='0' cy='0' r='1' gradientUnits='userSpaceOnUse' gradientTransform='rotate(90 .0005 8) scale(7.99958)'%3E%3Cstop offset='.5618' stop-color='%230866FF' stop-opacity='0'/%3E%3Cstop offset='1' stop-color='%230866FF' stop-opacity='.1'/%3E%3C/radialGradient%3E%3CradialGradient id='paint2_radial_15251_63610' cx='0' cy='0' r='1' gradientUnits='userSpaceOnUse' gradientTransform='rotate(45 -4.5257 10.9237) scale(10.1818)'%3E%3Cstop offset='.3143' stop-color='%2302ADFC'/%3E%3Cstop offset='1' stop-color='%2302ADFC' stop-opacity='0'/%3E%3C/radialGradient%3E%3ClinearGradient id='paint0_linear_15251_63610' x1='2.3989' y1='2.3999' x2='13.5983' y2='13.5993' gradientUnits='userSpaceOnUse'%3E%3Cstop stop-color='%2302ADFC'/%3E%3Cstop offset='.5' stop-color='%230866FF'/%3E%3Cstop offset='1' stop-color='%232B7EFF'/%3E%3C/linearGradient%3E%3C/defs%3E%3C/svg%3E",[object Object],·,1 balasan
https://www.facebook.com/profile.php?id=61568606611168&comment_id=Y29tbWVudDoyNDk1MDY4ODAwMTE5ODExNl81MTkwNzE2ODQ1NjE4MTg%3D&__tn__=R,Selvi Nandeofficial,Klo udh beli ole ole berarti mau plg lah ya mak,,,Riry Aryanti membalas,https://www.facebook.com/reel/724081317219157/?comment_id=519071684561818&__tn__=R,,,"data:image/svg+xml,%3Csvg fill='none' xmlns='http://www.w3.org/2000/svg' viewBox='0 0 16 16'%3E%3Cpath d='M16.0001 7.9996c0 4.418-3.5815 7.9996-7.9995 7.9996S.001 12.4176.001 7.9996 3.5825 0 8.0006 0C12.4186 0 16 3.5815 16 7.9996Z' fill='url(%23paint0_linear_15251_63610)'/%3E%3Cpath d='M16.0001 7.9996c0 4.418-3.5815 7.9996-7.9995 7.9996S.001 12.4176.001 7.9996 3.5825 0 8.0006 0C12.4186 0 16 3.5815 16 7.9996Z' fill='url(%23paint1_radial_15251_63610)'/%3E%3Cpath d='M16.0001 7.9996c0 4.418-3.5815 7.9996-7.9995 7.9996S.001 12.4176.001 7.9996 3.5825 0 8.0006 0C12.4186 0 16 3.5815 16 7.9996Z' fill='url(%23paint2_radial_15251_63610)' fill-opacity='.5'/%3E%3Cpath d='M7.3014 3.8662a.6974.6974 0 0 1 .6974-.6977c.6742 0 1.2207.5465 1.2207 1.2206v1.7464a.101.101 0 0 0 .101.101h1.7953c.992 0 1.7232.9273 1.4917 1.892l-.4572 1.9047a2.301 2.301 0 0 1-2.2374 1.764H6.9185a.5752.5752 0 0 1-.5752-.5752V7.7384c0-.4168.097-.8278.2834-1.2005l.2856-.5712a3.6878 3.6878 0 0 0 .3893-1.6509l-.0002-.4496ZM4.367 7a.767.767 0 0 0-.7669.767v3.2598a.767.767 0 0 0 .767.767h.767a.3835.3835 0 0 0 .3835-.3835V7.3835A.3835.3835 0 0 0 5.134 7h-.767Z' fill='%23fff'/%3E%3Cdefs%3E%3CradialGradient id='paint1_radial_15251_63610' cx='0' cy='0' r='1' gradientUnits='userSpaceOnUse' gradientTransform='rotate(90 .0005 8) scale(7.99958)'%3E%3Cstop offset='.5618' stop-color='%230866FF' stop-opacity='0'/%3E%3Cstop offset='1' stop-color='%230866FF' stop-opacity='.1'/%3E%3C/radialGradient%3E%3CradialGradient id='paint2_radial_15251_63610' cx='0' cy='0' r='1' gradientUnits='userSpaceOnUse' gradientTransform='rotate(45 -4.5257 10.9237) scale(10.1818)'%3E%3Cstop offset='.3143' stop-color='%2302ADFC'/%3E%3Cstop offset='1' stop-color='%2302ADFC' stop-opacity='0'/%3E%3C/radialGradient%3E%3ClinearGradient id='paint0_linear_15251_63610' x1='2.3989' y1='2.3999' x2='13.5983' y2='13.5993' gradientUnits='userSpaceOnUse'%3E%3Cstop stop-color='%2302ADFC'/%3E%3Cstop offset='.5' stop-color='%230866FF'/%3E%3Cstop offset='1' stop-color='%232B7EFF'/%3E%3C/linearGradient%3E%3C/defs%3E%3C/svg%3E",[object Object],·,1 balasan
https://www.facebook.com/mila.rizqia.12?comment_id=Y29tbWVudDoyNDk1MDY4ODAwMTE5ODExNl8xOTgxNjY1OTU5Mjg2OTE2&__tn__=R,Milarizqia Dasuki,boroonggg yg banyak Bun,https://static.xx.fbcdn.net/images/emoji.php/v9/t4/1/16/1faf6_1f3fb.png,https://static.xx.fbcdn.net/images/emoji.php/v9/t6d/1/16/1f973.png,Riry Aryanti membalas,https://www.facebook.com/reel/724081317219157/?comment_id=1981665959286916&__tn__=R,,,"data:image/svg+xml,%3Csvg fill='none' xmlns='http://www.w3.org/2000/svg' viewBox='0 0 16 16'%3E%3Cpath d='M16.0001 7.9996c0 4.418-3.5815 7.9996-7.9995 7.9996S.001 12.4176.001 7.9996 3.5825 0 8.0006 0C12.4186 0 16 3.5815 16 7.9996Z' fill='url(%23paint0_linear_15251_63610)'/%3E%3Cpath d='M16.0001 7.9996c0 4.418-3.5815 7.9996-7.9995 7.9996S.001 12.4176.001 7.9996 3.5825 0 8.0006 0C12.4186 0 16 3.5815 16 7.9996Z' fill='url(%23paint1_radial_15251_63610)'/%3E%3Cpath d='M16.0001 7.9996c0 4.418-3.5815 7.9996-7.9995 7.9996S.001 12.4176.001 7.9996 3.5825 0 8.0006 0C12.4186 0 16 3.5815 16 7.9996Z' fill='url(%23paint2_radial_15251_63610)' fill-opacity='.5'/%3E%3Cpath d='M7.3014 3.8662a.6974.6974 0 0 1 .6974-.6977c.6742 0 1.2207.5465 1.2207 1.2206v1.7464a.101.101 0 0 0 .101.101h1.7953c.992 0 1.7232.9273 1.4917 1.892l-.4572 1.9047a2.301 2.301 0 0 1-2.2374 1.764H6.9185a.5752.5752 0 0 1-.5752-.5752V7.7384c0-.4168.097-.8278.2834-1.2005l.2856-.5712a3.6878 3.6878 0 0 0 .3893-1.6509l-.0002-.4496ZM4.367 7a.767.767 0 0 0-.7669.767v3.2598a.767.767 0 0 0 .767.767h.767a.3835.3835 0 0 0 .3835-.3835V7.3835A.3835.3835 0 0 0 5.134 7h-.767Z' fill='%23fff'/%3E%3Cdefs%3E%3CradialGradient id='paint1_radial_15251_63610' cx='0' cy='0' r='1' gradientUnits='userSpaceOnUse' gradientTransform='rotate(90 .0005 8) scale(7.99958)'%3E%3Cstop offset='.5618' stop-color='%230866FF' stop-opacity='0'/%3E%3Cstop offset='1' stop-color='%230866FF' stop-opacity='.1'/%3E%3C/radialGradient%3E%3CradialGradient id='paint2_radial_15251_63610' cx='0' cy='0' r='1' gradientUnits='userSpaceOnUse' gradientTransform='rotate(45 -4.5257 10.9237) scale(10.1818)'%3E%3Cstop offset='.3143' stop-color='%2302ADFC'/%3E%3Cstop offset='1' stop-color='%2302ADFC' stop-opacity='0'/%3E%3C/radialGradient%3E%3ClinearGradient id='paint0_linear_15251_63610' x1='2.3989' y1='2.3999' x2='13.5983' y2='13.5993' gradientUnits='userSpaceOnUse'%3E%3Cstop stop-color='%2302ADFC'/%3E%3Cstop offset='.5' stop-color='%230866FF'/%3E%3Cstop offset='1' stop-color='%232B7EFF'/%3E%3C/linearGradient%3E%3C/defs%3E%3C/svg%3E",[object Object],·,1 balasan
https://www.facebook.com/gfar.961915?comment_id=Y29tbWVudDoyNDk1MDY4ODAwMTE5ODExNl83MTA3MjQ2MzUwNzEyMjU%3D&__tn__=R,Gfar,Beli yang banyak Kk,https://static.xx.fbcdn.net/images/emoji.php/v9/t7f/1/16/1f60a.png,https://static.xx.fbcdn.net/images/emoji.php/v9/t7f/1/16/1f60a.png,Riry Aryanti membalas,https://www.facebook.com/reel/724081317219157/?comment_id=710724635071225&__tn__=R,,,"data:image/svg+xml,%3Csvg fill='none' xmlns='http://www.w3.org/2000/svg' viewBox='0 0 16 16'%3E%3Cg clip-path='url(%23clip0_15251_63610)'%3E%3Cpath d='M15.9953 7.9996c0 4.418-3.5816 7.9996-7.9996 7.9996S-.004 12.4176-.004 7.9996 3.5776 0 7.9957 0c4.418 0 7.9996 3.5815 7.9996 7.9996Z' fill='url(%23paint0_linear_15251_63610)'/%3E%3Cpath d='M15.9973 7.9992c0 4.4178-3.5811 7.9992-7.9987 7.9992C3.5811 15.9984 0 12.417 0 7.9992S3.5811 0 7.9986 0c4.4176 0 7.9987 3.5814 7.9987 7.9992Z' fill='url(%23paint1_radial_15251_63610)'/%3E%3Cpath d='M15.9953 7.9996c0 4.418-3.5816 7.9996-7.9996 7.9996S-.004 12.4176-.004 7.9996 3.5776 0 7.9957 0c4.418 0 7.9996 3.5815 7.9996 7.9996Z' fill='url(%23paint2_radial_15251_63610)' fill-opacity='.8'/%3E%3Cpath d='M12.5278 8.1957c.4057.1104.6772.4854.623.9024-.3379 2.6001-2.5167 4.9012-5.1542 4.9012s-4.8163-2.3011-5.1542-4.9012c-.0542-.417.2173-.792.623-.9024.8708-.237 2.5215-.596 4.5312-.596 2.0098 0 3.6605.359 4.5312.596Z' fill='%234B280E'/%3E%3Cpath d='M11.5809 12.3764c-.9328.9843-2.1948 1.6228-3.5841 1.6228-1.3892 0-2.6512-.6383-3.5839-1.6225a1.5425 1.5425 0 0 0-.016-.0174c.4475-1.0137 2.2-1.3599 3.5999-1.3599 1.4 0 3.1514.3468 3.5998 1.3599l-.0157.0171Z' fill='url(%23paint3_linear_15251_63610)'/%3E%3Cpath fill-rule='evenodd' clip-rule='evenodd' d='M13.3049 5.8793c.1614-1.1485-.6387-2.2103-1.7872-2.3717l-.0979-.0138c-1.1484-.1614-2.2103.6388-2.3717 1.7872l-.0163.1164a.5.5 0 0 0 .9902.1392l.0163-.1164c.0846-.6016.6408-1.0207 1.2424-.9362l.0978.0138c.6016.0845 1.0207.6407.9362 1.2423l-.0164.1164a.5.5 0 0 0 .9903.1392l.0163-.1164ZM2.6902 5.8793c-.1614-1.1485.6387-2.2103 1.7872-2.3717l.0979-.0138c1.1484-.1614 2.2103.6388 2.3717 1.7872l.0164.1164a.5.5 0 1 1-.9903.1392l-.0163-.1164c-.0846-.6016-.6408-1.0207-1.2423-.9362l-.098.0138c-.6015.0845-1.0206.6407-.936 1.2423l.0163.1164a.5.5 0 0 1-.9902.1392l-.0164-.1164Z' fill='%231C1C1D'/%3E%3C/g%3E%3Cdefs%3E%3CradialGradient id='paint1_radial_15251_63610' cx='0' cy='0' r='1' gradientUnits='userSpaceOnUse' gradientTransform='matrix(0 7.9992 -7.99863 0 7.9986 7.9992)'%3E%3Cstop offset='.5637' stop-color='%23FF5758' stop-opacity='0'/%3E%3Cstop offset='1' stop-color='%23FF5758' stop-opacity='.1'/%3E%3C/radialGradient%3E%3CradialGradient id='paint2_radial_15251_63610' cx='0' cy='0' r='1' gradientUnits='userSpaceOnUse' gradientTransform='rotate(45 -4.5272 10.9202) scale(10.1818)'%3E%3Cstop stop-color='%23FFF287'/%3E%3Cstop offset='1' stop-color='%23FFF287' stop-opacity='0'/%3E%3C/radialGradient%3E%3ClinearGradient id='paint0_linear_15251_63610' x1='2.396' y1='2.3999' x2='13.5954' y2='13.5993' gradientUnits='userSpaceOnUse'%3E%3Cstop stop-color='%23FFF287'/%3E%3Cstop offset='1' stop-color='%23F68628'/%3E%3C/linearGradient%3E%3ClinearGradient id='paint3_linear_15251_63610' x1='5.1979' y1='10.7996' x2='5.245' y2='14.2452' gradientUnits='userSpaceOnUse'%3E%3Cstop stop-color='%23FF60A4'/%3E%3Cstop offset='.2417' stop-color='%23FA2E3E'/%3E%3Cstop offset='1' stop-color='%23BC0A26'/%3E%3C/linearGradient%3E%3CclipPath id='clip0_15251_63610'%3E%3Cpath fill='%23fff' d='M-.002 0h16v15.9992h-16z'/%3E%3C/clipPath%3E%3C/defs%3E%3C/svg%3E",[object Object],·,1 balasan
https://www.facebook.com/sis.sis.71216141?comment_id=Y29tbWVudDoyNDk1MDY4ODAwMTE5ODExNl8xMjg5OTM1OTcyNzU2NDY1&__tn__=R,Sis Setiaitusehati,,,,Riry Aryanti membalas,https://www.facebook.com/reel/724081317219157/?comment_id=1289935972756465&__tn__=R,,,"data:image/svg+xml,%3Csvg fill='none' xmlns='http://www.w3.org/2000/svg' viewBox='0 0 16 16'%3E%3Cpath d='M16.0001 7.9996c0 4.418-3.5815 7.9996-7.9995 7.9996S.001 12.4176.001 7.9996 3.5825 0 8.0006 0C12.4186 0 16 3.5815 16 7.9996Z' fill='url(%23paint0_linear_15251_63610)'/%3E%3Cpath d='M16.0001 7.9996c0 4.418-3.5815 7.9996-7.9995 7.9996S.001 12.4176.001 7.9996 3.5825 0 8.0006 0C12.4186 0 16 3.5815 16 7.9996Z' fill='url(%23paint1_radial_15251_63610)'/%3E%3Cpath d='M16.0001 7.9996c0 4.418-3.5815 7.9996-7.9995 7.9996S.001 12.4176.001 7.9996 3.5825 0 8.0006 0C12.4186 0 16 3.5815 16 7.9996Z' fill='url(%23paint2_radial_15251_63610)' fill-opacity='.5'/%3E%3Cpath d='M7.3014 3.8662a.6974.6974 0 0 1 .6974-.6977c.6742 0 1.2207.5465 1.2207 1.2206v1.7464a.101.101 0 0 0 .101.101h1.7953c.992 0 1.7232.9273 1.4917 1.892l-.4572 1.9047a2.301 2.301 0 0 1-2.2374 1.764H6.9185a.5752.5752 0 0 1-.5752-.5752V7.7384c0-.4168.097-.8278.2834-1.2005l.2856-.5712a3.6878 3.6878 0 0 0 .3893-1.6509l-.0002-.4496ZM4.367 7a.767.767 0 0 0-.7669.767v3.2598a.767.767 0 0 0 .767.767h.767a.3835.3835 0 0 0 .3835-.3835V7.3835A.3835.3835 0 0 0 5.134 7h-.767Z' fill='%23fff'/%3E%3Cdefs%3E%3CradialGradient id='paint1_radial_15251_63610' cx='0' cy='0' r='1' gradientUnits='userSpaceOnUse' gradientTransform='rotate(90 .0005 8) scale(7.99958)'%3E%3Cstop offset='.5618' stop-color='%230866FF' stop-opacity='0'/%3E%3Cstop offset='1' stop-color='%230866FF' stop-opacity='.1'/%3E%3C/radialGradient%3E%3CradialGradient id='paint2_radial_15251_63610' cx='0' cy='0' r='1' gradientUnits='userSpaceOnUse' gradientTransform='rotate(45 -4.5257 10.9237) scale(10.1818)'%3E%3Cstop offset='.3143' stop-color='%2302ADFC'/%3E%3Cstop offset='1' stop-color='%2302ADFC' stop-opacity='0'/%3E%3C/radialGradient%3E%3ClinearGradient id='paint0_linear_15251_63610' x1='2.3989' y1='2.3999' x2='13.5983' y2='13.5993' gradientUnits='userSpaceOnUse'%3E%3Cstop stop-color='%2302ADFC'/%3E%3Cstop offset='.5' stop-color='%230866FF'/%3E%3Cstop offset='1' stop-color='%232B7EFF'/%3E%3C/linearGradient%3E%3C/defs%3E%3C/svg%3E",[object Object],·,1 balasan
https://www.facebook.com/FikiyR89?comment_id=Y29tbWVudDoyNDk1MDY4ODAwMTE5ODExNl82NTc2ODE3OTM5OTIxNTQ%3D&__tn__=R,Fikiy Siregar,Bagi donk,https://static.xx.fbcdn.net/images/emoji.php/v9/t4f/1/16/1f601.png,,Riry Aryanti membalas,https://www.facebook.com/reel/724081317219157/?comment_id=657681793992154&__tn__=R,,,"data:image/svg+xml,%3Csvg fill='none' xmlns='http://www.w3.org/2000/svg' viewBox='0 0 16 16'%3E%3Cg clip-path='url(%23clip0_15251_63610)'%3E%3Cpath d='M15.9953 7.9996c0 4.418-3.5816 7.9996-7.9996 7.9996S-.004 12.4176-.004 7.9996 3.5776 0 7.9957 0c4.418 0 7.9996 3.5815 7.9996 7.9996Z' fill='url(%23paint0_linear_15251_63610)'/%3E%3Cpath d='M15.9973 7.9992c0 4.4178-3.5811 7.9992-7.9987 7.9992C3.5811 15.9984 0 12.417 0 7.9992S3.5811 0 7.9986 0c4.4176 0 7.9987 3.5814 7.9987 7.9992Z' fill='url(%23paint1_radial_15251_63610)'/%3E%3Cpath d='M15.9953 7.9996c0 4.418-3.5816 7.9996-7.9996 7.9996S-.004 12.4176-.004 7.9996 3.5776 0 7.9957 0c4.418 0 7.9996 3.5815 7.9996 7.9996Z' fill='url(%23paint2_radial_15251_63610)' fill-opacity='.8'/%3E%3Cpath d='M12.5278 8.1957c.4057.1104.6772.4854.623.9024-.3379 2.6001-2.5167 4.9012-5.1542 4.9012s-4.8163-2.3011-5.1542-4.9012c-.0542-.417.2173-.792.623-.9024.8708-.237 2.5215-.596 4.5312-.596 2.0098 0 3.6605.359 4.5312.596Z' fill='%234B280E'/%3E%3Cpath d='M11.5809 12.3764c-.9328.9843-2.1948 1.6228-3.5841 1.6228-1.3892 0-2.6512-.6383-3.5839-1.6225a1.5425 1.5425 0 0 0-.016-.0174c.4475-1.0137 2.2-1.3599 3.5999-1.3599 1.4 0 3.1514.3468 3.5998 1.3599l-.0157.0171Z' fill='url(%23paint3_linear_15251_63610)'/%3E%3Cpath fill-rule='evenodd' clip-rule='evenodd' d='M13.3049 5.8793c.1614-1.1485-.6387-2.2103-1.7872-2.3717l-.0979-.0138c-1.1484-.1614-2.2103.6388-2.3717 1.7872l-.0163.1164a.5.5 0 0 0 .9902.1392l.0163-.1164c.0846-.6016.6408-1.0207 1.2424-.9362l.0978.0138c.6016.0845 1.0207.6407.9362 1.2423l-.0164.1164a.5.5 0 0 0 .9903.1392l.0163-.1164ZM2.6902 5.8793c-.1614-1.1485.6387-2.2103 1.7872-2.3717l.0979-.0138c1.1484-.1614 2.2103.6388 2.3717 1.7872l.0164.1164a.5.5 0 1 1-.9903.1392l-.0163-.1164c-.0846-.6016-.6408-1.0207-1.2423-.9362l-.098.0138c-.6015.0845-1.0206.6407-.936 1.2423l.0163.1164a.5.5 0 0 1-.9902.1392l-.0164-.1164Z' fill='%231C1C1D'/%3E%3C/g%3E%3Cdefs%3E%3CradialGradient id='paint1_radial_15251_63610' cx='0' cy='0' r='1' gradientUnits='userSpaceOnUse' gradientTransform='matrix(0 7.9992 -7.99863 0 7.9986 7.9992)'%3E%3Cstop offset='.5637' stop-color='%23FF5758' stop-opacity='0'/%3E%3Cstop offset='1' stop-color='%23FF5758' stop-opacity='.1'/%3E%3C/radialGradient%3E%3CradialGradient id='paint2_radial_15251_63610' cx='0' cy='0' r='1' gradientUnits='userSpaceOnUse' gradientTransform='rotate(45 -4.5272 10.9202) scale(10.1818)'%3E%3Cstop stop-color='%23FFF287'/%3E%3Cstop offset='1' stop-color='%23FFF287' stop-opacity='0'/%3E%3C/radialGradient%3E%3ClinearGradient id='paint0_linear_15251_63610' x1='2.396' y1='2.3999' x2='13.5954' y2='13.5993' gradientUnits='userSpaceOnUse'%3E%3Cstop stop-color='%23FFF287'/%3E%3Cstop offset='1' stop-color='%23F68628'/%3E%3C/linearGradient%3E%3ClinearGradient id='paint3_linear_15251_63610' x1='5.1979' y1='10.7996' x2='5.245' y2='14.2452' gradientUnits='userSpaceOnUse'%3E%3Cstop stop-color='%23FF60A4'/%3E%3Cstop offset='.2417' stop-color='%23FA2E3E'/%3E%3Cstop offset='1' stop-color='%23BC0A26'/%3E%3C/linearGradient%3E%3CclipPath id='clip0_15251_63610'%3E%3Cpath fill='%23fff' d='M-.002 0h16v15.9992h-16z'/%3E%3C/clipPath%3E%3C/defs%3E%3C/svg%3E",[object Object],·,1 balasan
https://www.facebook.com/yani.arjuna.792?comment_id=Y29tbWVudDoyNDk1MDY4ODAwMTE5ODExNl82NjkxNTMwMDYxNjgzNjM%3D&__tn__=R,Yani Arjuna,Diborong kk cann,,,Riry Aryanti membalas,https://www.facebook.com/reel/724081317219157/?comment_id=669153006168363&__tn__=R,,,"data:image/svg+xml,%3Csvg fill='none' xmlns='http://www.w3.org/2000/svg' viewBox='0 0 16 16'%3E%3Cpath d='M16.0001 7.9996c0 4.418-3.5815 7.9996-7.9995 7.9996S.001 12.4176.001 7.9996 3.5825 0 8.0006 0C12.4186 0 16 3.5815 16 7.9996Z' fill='url(%23paint0_linear_15251_63610)'/%3E%3Cpath d='M16.0001 7.9996c0 4.418-3.5815 7.9996-7.9995 7.9996S.001 12.4176.001 7.9996 3.5825 0 8.0006 0C12.4186 0 16 3.5815 16 7.9996Z' fill='url(%23paint1_radial_15251_63610)'/%3E%3Cpath d='M16.0001 7.9996c0 4.418-3.5815 7.9996-7.9995 7.9996S.001 12.4176.001 7.9996 3.5825 0 8.0006 0C12.4186 0 16 3.5815 16 7.9996Z' fill='url(%23paint2_radial_15251_63610)' fill-opacity='.5'/%3E%3Cpath d='M7.3014 3.8662a.6974.6974 0 0 1 .6974-.6977c.6742 0 1.2207.5465 1.2207 1.2206v1.7464a.101.101 0 0 0 .101.101h1.7953c.992 0 1.7232.9273 1.4917 1.892l-.4572 1.9047a2.301 2.301 0 0 1-2.2374 1.764H6.9185a.5752.5752 0 0 1-.5752-.5752V7.7384c0-.4168.097-.8278.2834-1.2005l.2856-.5712a3.6878 3.6878 0 0 0 .3893-1.6509l-.0002-.4496ZM4.367 7a.767.767 0 0 0-.7669.767v3.2598a.767.767 0 0 0 .767.767h.767a.3835.3835 0 0 0 .3835-.3835V7.3835A.3835.3835 0 0 0 5.134 7h-.767Z' fill='%23fff'/%3E%3Cdefs%3E%3CradialGradient id='paint1_radial_15251_63610' cx='0' cy='0' r='1' gradientUnits='userSpaceOnUse' gradientTransform='rotate(90 .0005 8) scale(7.99958)'%3E%3Cstop offset='.5618' stop-color='%230866FF' stop-opacity='0'/%3E%3Cstop offset='1' stop-color='%230866FF' stop-opacity='.1'/%3E%3C/radialGradient%3E%3CradialGradient id='paint2_radial_15251_63610' cx='0' cy='0' r='1' gradientUnits='userSpaceOnUse' gradientTransform='rotate(45 -4.5257 10.9237) scale(10.1818)'%3E%3Cstop offset='.3143' stop-color='%2302ADFC'/%3E%3Cstop offset='1' stop-color='%2302ADFC' stop-opacity='0'/%3E%3C/radialGradient%3E%3ClinearGradient id='paint0_linear_15251_63610' x1='2.3989' y1='2.3999' x2='13.5983' y2='13.5993' gradientUnits='userSpaceOnUse'%3E%3Cstop stop-color='%2302ADFC'/%3E%3Cstop offset='.5' stop-color='%230866FF'/%3E%3Cstop offset='1' stop-color='%232B7EFF'/%3E%3C/linearGradient%3E%3C/defs%3E%3C/svg%3E",[object Object],·,1 balasan
https://www.facebook.com/kelink.ayaheadhan?comment_id=Y29tbWVudDoyNDk1MDY4ODAwMTE5ODExNl8xMzk4OTI2OTQ0NzI4ODA2&__tn__=R,Kelink Åyåhé Ådhån,Asyik... selamat berbelanja,,,Riry Aryanti membalas,https://www.facebook.com/reel/724081317219157/?comment_id=1398926944728806&__tn__=R,,,"data:image/svg+xml,%3Csvg fill='none' xmlns='http://www.w3.org/2000/svg' viewBox='0 0 16 16'%3E%3Cpath d='M16.0001 7.9996c0 4.418-3.5815 7.9996-7.9995 7.9996S.001 12.4176.001 7.9996 3.5825 0 8.0006 0C12.4186 0 16 3.5815 16 7.9996Z' fill='url(%23paint0_linear_15251_63610)'/%3E%3Cpath d='M16.0001 7.9996c0 4.418-3.5815 7.9996-7.9995 7.9996S.001 12.4176.001 7.9996 3.5825 0 8.0006 0C12.4186 0 16 3.5815 16 7.9996Z' fill='url(%23paint1_radial_15251_63610)'/%3E%3Cpath d='M16.0001 7.9996c0 4.418-3.5815 7.9996-7.9995 7.9996S.001 12.4176.001 7.9996 3.5825 0 8.0006 0C12.4186 0 16 3.5815 16 7.9996Z' fill='url(%23paint2_radial_15251_63610)' fill-opacity='.5'/%3E%3Cpath d='M7.3014 3.8662a.6974.6974 0 0 1 .6974-.6977c.6742 0 1.2207.5465 1.2207 1.2206v1.7464a.101.101 0 0 0 .101.101h1.7953c.992 0 1.7232.9273 1.4917 1.892l-.4572 1.9047a2.301 2.301 0 0 1-2.2374 1.764H6.9185a.5752.5752 0 0 1-.5752-.5752V7.7384c0-.4168.097-.8278.2834-1.2005l.2856-.5712a3.6878 3.6878 0 0 0 .3893-1.6509l-.0002-.4496ZM4.367 7a.767.767 0 0 0-.7669.767v3.2598a.767.767 0 0 0 .767.767h.767a.3835.3835 0 0 0 .3835-.3835V7.3835A.3835.3835 0 0 0 5.134 7h-.767Z' fill='%23fff'/%3E%3Cdefs%3E%3CradialGradient id='paint1_radial_15251_63610' cx='0' cy='0' r='1' gradientUnits='userSpaceOnUse' gradientTransform='rotate(90 .0005 8) scale(7.99958)'%3E%3Cstop offset='.5618' stop-color='%230866FF' stop-opacity='0'/%3E%3Cstop offset='1' stop-color='%230866FF' stop-opacity='.1'/%3E%3C/radialGradient%3E%3CradialGradient id='paint2_radial_15251_63610' cx='0' cy='0' r='1' gradientUnits='userSpaceOnUse' gradientTransform='rotate(45 -4.5257 10.9237) scale(10.1818)'%3E%3Cstop offset='.3143' stop-color='%2302ADFC'/%3E%3Cstop offset='1' stop-color='%2302ADFC' stop-opacity='0'/%3E%3C/radialGradient%3E%3ClinearGradient id='paint0_linear_15251_63610' x1='2.3989' y1='2.3999' x2='13.5983' y2='13.5993' gradientUnits='userSpaceOnUse'%3E%3Cstop stop-color='%2302ADFC'/%3E%3Cstop offset='.5' stop-color='%230866FF'/%3E%3Cstop offset='1' stop-color='%232B7EFF'/%3E%3C/linearGradient%3E%3C/defs%3E%3C/svg%3E",[object Object],·,1 balasan
https://www.facebook.com/fhentiel?comment_id=Y29tbWVudDoyNDk1MDY4ODAwMTE5ODExNl8yNDI0MDU5NDU0ODkwNzU0Nw%3D%3D&__tn__=R,Papah Adam Jarkasih,Selamat soreeee,,,Riry Aryanti membalas,https://www.facebook.com/reel/724081317219157/?comment_id=24240594548907547&__tn__=R,·,Ikuti,"data:image/svg+xml,%3Csvg fill='none' xmlns='http://www.w3.org/2000/svg' viewBox='0 0 16 16'%3E%3Cpath d='M16.0001 7.9996c0 4.418-3.5815 7.9996-7.9995 7.9996S.001 12.4176.001 7.9996 3.5825 0 8.0006 0C12.4186 0 16 3.5815 16 7.9996Z' fill='url(%23paint0_linear_15251_63610)'/%3E%3Cpath d='M16.0001 7.9996c0 4.418-3.5815 7.9996-7.9995 7.9996S.001 12.4176.001 7.9996 3.5825 0 8.0006 0C12.4186 0 16 3.5815 16 7.9996Z' fill='url(%23paint1_radial_15251_63610)'/%3E%3Cpath d='M16.0001 7.9996c0 4.418-3.5815 7.9996-7.9995 7.9996S.001 12.4176.001 7.9996 3.5825 0 8.0006 0C12.4186 0 16 3.5815 16 7.9996Z' fill='url(%23paint2_radial_15251_63610)' fill-opacity='.5'/%3E%3Cpath d='M7.3014 3.8662a.6974.6974 0 0 1 .6974-.6977c.6742 0 1.2207.5465 1.2207 1.2206v1.7464a.101.101 0 0 0 .101.101h1.7953c.992 0 1.7232.9273 1.4917 1.892l-.4572 1.9047a2.301 2.301 0 0 1-2.2374 1.764H6.9185a.5752.5752 0 0 1-.5752-.5752V7.7384c0-.4168.097-.8278.2834-1.2005l.2856-.5712a3.6878 3.6878 0 0 0 .3893-1.6509l-.0002-.4496ZM4.367 7a.767.767 0 0 0-.7669.767v3.2598a.767.767 0 0 0 .767.767h.767a.3835.3835 0 0 0 .3835-.3835V7.3835A.3835.3835 0 0 0 5.134 7h-.767Z' fill='%23fff'/%3E%3Cdefs%3E%3CradialGradient id='paint1_radial_15251_63610' cx='0' cy='0' r='1' gradientUnits='userSpaceOnUse' gradientTransform='rotate(90 .0005 8) scale(7.99958)'%3E%3Cstop offset='.5618' stop-color='%230866FF' stop-opacity='0'/%3E%3Cstop offset='1' stop-color='%230866FF' stop-opacity='.1'/%3E%3C/radialGradient%3E%3CradialGradient id='paint2_radial_15251_63610' cx='0' cy='0' r='1' gradientUnits='userSpaceOnUse' gradientTransform='rotate(45 -4.5257 10.9237) scale(10.1818)'%3E%3Cstop offset='.3143' stop-color='%2302ADFC'/%3E%3Cstop offset='1' stop-color='%2302ADFC' stop-opacity='0'/%3E%3C/radialGradient%3E%3ClinearGradient id='paint0_linear_15251_63610' x1='2.3989' y1='2.3999' x2='13.5983' y2='13.5993' gradientUnits='userSpaceOnUse'%3E%3Cstop stop-color='%2302ADFC'/%3E%3Cstop offset='.5' stop-color='%230866FF'/%3E%3Cstop offset='1' stop-color='%232B7EFF'/%3E%3C/linearGradient%3E%3C/defs%3E%3C/svg%3E",[object Object],·,1 balasan
https://www.facebook.com/nona.kelin.767246?comment_id=Y29tbWVudDoyNDk1MDY4ODAwMTE5ODExNl8xMDc2NzUxODU3NzUyMDI2&__tn__=R,Nona Kelin,Mantap  jj ya kak,,,Riry Aryanti membalas,https://www.facebook.com/reel/724081317219157/?comment_id=1076751857752026&__tn__=R,·,Ikuti,"data:image/svg+xml,%3Csvg fill='none' xmlns='http://www.w3.org/2000/svg' viewBox='0 0 16 16'%3E%3Cpath d='M16.0001 7.9996c0 4.418-3.5815 7.9996-7.9995 7.9996S.001 12.4176.001 7.9996 3.5825 0 8.0006 0C12.4186 0 16 3.5815 16 7.9996Z' fill='url(%23paint0_linear_15251_63610)'/%3E%3Cpath d='M16.0001 7.9996c0 4.418-3.5815 7.9996-7.9995 7.9996S.001 12.4176.001 7.9996 3.5825 0 8.0006 0C12.4186 0 16 3.5815 16 7.9996Z' fill='url(%23paint1_radial_15251_63610)'/%3E%3Cpath d='M16.0001 7.9996c0 4.418-3.5815 7.9996-7.9995 7.9996S.001 12.4176.001 7.9996 3.5825 0 8.0006 0C12.4186 0 16 3.5815 16 7.9996Z' fill='url(%23paint2_radial_15251_63610)' fill-opacity='.5'/%3E%3Cpath d='M7.3014 3.8662a.6974.6974 0 0 1 .6974-.6977c.6742 0 1.2207.5465 1.2207 1.2206v1.7464a.101.101 0 0 0 .101.101h1.7953c.992 0 1.7232.9273 1.4917 1.892l-.4572 1.9047a2.301 2.301 0 0 1-2.2374 1.764H6.9185a.5752.5752 0 0 1-.5752-.5752V7.7384c0-.4168.097-.8278.2834-1.2005l.2856-.5712a3.6878 3.6878 0 0 0 .3893-1.6509l-.0002-.4496ZM4.367 7a.767.767 0 0 0-.7669.767v3.2598a.767.767 0 0 0 .767.767h.767a.3835.3835 0 0 0 .3835-.3835V7.3835A.3835.3835 0 0 0 5.134 7h-.767Z' fill='%23fff'/%3E%3Cdefs%3E%3CradialGradient id='paint1_radial_15251_63610' cx='0' cy='0' r='1' gradientUnits='userSpaceOnUse' gradientTransform='rotate(90 .0005 8) scale(7.99958)'%3E%3Cstop offset='.5618' stop-color='%230866FF' stop-opacity='0'/%3E%3Cstop offset='1' stop-color='%230866FF' stop-opacity='.1'/%3E%3C/radialGradient%3E%3CradialGradient id='paint2_radial_15251_63610' cx='0' cy='0' r='1' gradientUnits='userSpaceOnUse' gradientTransform='rotate(45 -4.5257 10.9237) scale(10.1818)'%3E%3Cstop offset='.3143' stop-color='%2302ADFC'/%3E%3Cstop offset='1' stop-color='%2302ADFC' stop-opacity='0'/%3E%3C/radialGradient%3E%3ClinearGradient id='paint0_linear_15251_63610' x1='2.3989' y1='2.3999' x2='13.5983' y2='13.5993' gradientUnits='userSpaceOnUse'%3E%3Cstop stop-color='%2302ADFC'/%3E%3Cstop offset='.5' stop-color='%230866FF'/%3E%3Cstop offset='1' stop-color='%232B7EFF'/%3E%3C/linearGradient%3E%3C/defs%3E%3C/svg%3E",[object Object],·,1 balasan
https://www.facebook.com/andy.a.muhsinin?comment_id=Y29tbWVudDoyNDk1MDY4ODAwMTE5ODExNl8yNDM0MzgzMTEyODU1NTQyNg%3D%3D&__tn__=R,Andy Ahmad,Asiikkk,,,Riry Aryanti membalas,https://www.facebook.com/reel/724081317219157/?comment_id=24343831128555426&__tn__=R,,,"data:image/svg+xml,%3Csvg fill='none' xmlns='http://www.w3.org/2000/svg' viewBox='0 0 16 16'%3E%3Cpath d='M16.0001 7.9996c0 4.418-3.5815 7.9996-7.9995 7.9996S.001 12.4176.001 7.9996 3.5825 0 8.0006 0C12.4186 0 16 3.5815 16 7.9996Z' fill='url(%23paint0_linear_15251_63610)'/%3E%3Cpath d='M16.0001 7.9996c0 4.418-3.5815 7.9996-7.9995 7.9996S.001 12.4176.001 7.9996 3.5825 0 8.0006 0C12.4186 0 16 3.5815 16 7.9996Z' fill='url(%23paint1_radial_15251_63610)'/%3E%3Cpath d='M16.0001 7.9996c0 4.418-3.5815 7.9996-7.9995 7.9996S.001 12.4176.001 7.9996 3.5825 0 8.0006 0C12.4186 0 16 3.5815 16 7.9996Z' fill='url(%23paint2_radial_15251_63610)' fill-opacity='.5'/%3E%3Cpath d='M7.3014 3.8662a.6974.6974 0 0 1 .6974-.6977c.6742 0 1.2207.5465 1.2207 1.2206v1.7464a.101.101 0 0 0 .101.101h1.7953c.992 0 1.7232.9273 1.4917 1.892l-.4572 1.9047a2.301 2.301 0 0 1-2.2374 1.764H6.9185a.5752.5752 0 0 1-.5752-.5752V7.7384c0-.4168.097-.8278.2834-1.2005l.2856-.5712a3.6878 3.6878 0 0 0 .3893-1.6509l-.0002-.4496ZM4.367 7a.767.767 0 0 0-.7669.767v3.2598a.767.767 0 0 0 .767.767h.767a.3835.3835 0 0 0 .3835-.3835V7.3835A.3835.3835 0 0 0 5.134 7h-.767Z' fill='%23fff'/%3E%3Cdefs%3E%3CradialGradient id='paint1_radial_15251_63610' cx='0' cy='0' r='1' gradientUnits='userSpaceOnUse' gradientTransform='rotate(90 .0005 8) scale(7.99958)'%3E%3Cstop offset='.5618' stop-color='%230866FF' stop-opacity='0'/%3E%3Cstop offset='1' stop-color='%230866FF' stop-opacity='.1'/%3E%3C/radialGradient%3E%3CradialGradient id='paint2_radial_15251_63610' cx='0' cy='0' r='1' gradientUnits='userSpaceOnUse' gradientTransform='rotate(45 -4.5257 10.9237) scale(10.1818)'%3E%3Cstop offset='.3143' stop-color='%2302ADFC'/%3E%3Cstop offset='1' stop-color='%2302ADFC' stop-opacity='0'/%3E%3C/radialGradient%3E%3ClinearGradient id='paint0_linear_15251_63610' x1='2.3989' y1='2.3999' x2='13.5983' y2='13.5993' gradientUnits='userSpaceOnUse'%3E%3Cstop stop-color='%2302ADFC'/%3E%3Cstop offset='.5' stop-color='%230866FF'/%3E%3Cstop offset='1' stop-color='%232B7EFF'/%3E%3C/linearGradient%3E%3C/defs%3E%3C/svg%3E",[object Object],·,1 balasan
https://www.facebook.com/abi.ummi.92560?comment_id=Y29tbWVudDoyNDk1MDY4ODAwMTE5ODExNl83MDEwMTY0MTI4OTk4ODA%3D&__tn__=R,Abi Ummi,Mlm.k,,,Riry Aryanti membalas,https://www.facebook.com/reel/724081317219157/?comment_id=701016412899880&__tn__=R,,,"data:image/svg+xml,%3Csvg fill='none' xmlns='http://www.w3.org/2000/svg' viewBox='0 0 16 16'%3E%3Cpath d='M16.0001 7.9996c0 4.418-3.5815 7.9996-7.9995 7.9996S.001 12.4176.001 7.9996 3.5825 0 8.0006 0C12.4186 0 16 3.5815 16 7.9996Z' fill='url(%23paint0_linear_15251_63610)'/%3E%3Cpath d='M16.0001 7.9996c0 4.418-3.5815 7.9996-7.9995 7.9996S.001 12.4176.001 7.9996 3.5825 0 8.0006 0C12.4186 0 16 3.5815 16 7.9996Z' fill='url(%23paint1_radial_15251_63610)'/%3E%3Cpath d='M16.0001 7.9996c0 4.418-3.5815 7.9996-7.9995 7.9996S.001 12.4176.001 7.9996 3.5825 0 8.0006 0C12.4186 0 16 3.5815 16 7.9996Z' fill='url(%23paint2_radial_15251_63610)' fill-opacity='.5'/%3E%3Cpath d='M7.3014 3.8662a.6974.6974 0 0 1 .6974-.6977c.6742 0 1.2207.5465 1.2207 1.2206v1.7464a.101.101 0 0 0 .101.101h1.7953c.992 0 1.7232.9273 1.4917 1.892l-.4572 1.9047a2.301 2.301 0 0 1-2.2374 1.764H6.9185a.5752.5752 0 0 1-.5752-.5752V7.7384c0-.4168.097-.8278.2834-1.2005l.2856-.5712a3.6878 3.6878 0 0 0 .3893-1.6509l-.0002-.4496ZM4.367 7a.767.767 0 0 0-.7669.767v3.2598a.767.767 0 0 0 .767.767h.767a.3835.3835 0 0 0 .3835-.3835V7.3835A.3835.3835 0 0 0 5.134 7h-.767Z' fill='%23fff'/%3E%3Cdefs%3E%3CradialGradient id='paint1_radial_15251_63610' cx='0' cy='0' r='1' gradientUnits='userSpaceOnUse' gradientTransform='rotate(90 .0005 8) scale(7.99958)'%3E%3Cstop offset='.5618' stop-color='%230866FF' stop-opacity='0'/%3E%3Cstop offset='1' stop-color='%230866FF' stop-opacity='.1'/%3E%3C/radialGradient%3E%3CradialGradient id='paint2_radial_15251_63610' cx='0' cy='0' r='1' gradientUnits='userSpaceOnUse' gradientTransform='rotate(45 -4.5257 10.9237) scale(10.1818)'%3E%3Cstop offset='.3143' stop-color='%2302ADFC'/%3E%3Cstop offset='1' stop-color='%2302ADFC' stop-opacity='0'/%3E%3C/radialGradient%3E%3ClinearGradient id='paint0_linear_15251_63610' x1='2.3989' y1='2.3999' x2='13.5983' y2='13.5993' gradientUnits='userSpaceOnUse'%3E%3Cstop stop-color='%2302ADFC'/%3E%3Cstop offset='.5' stop-color='%230866FF'/%3E%3Cstop offset='1' stop-color='%232B7EFF'/%3E%3C/linearGradient%3E%3C/defs%3E%3C/svg%3E",[object Object],·,1 balasan
https://www.facebook.com/lhadi.hamdani?comment_id=Y29tbWVudDoyNDk1MDY4ODAwMTE5ODExNl8yMjc4MjkwMzYyNjMwNjgw&__tn__=R,L Hadi Hamdani,Enak kakak nitip kk hehe,,,Riry Aryanti membalas,https://www.facebook.com/reel/724081317219157/?comment_id=2278290362630680&__tn__=R,,,"data:image/svg+xml,%3Csvg fill='none' xmlns='http://www.w3.org/2000/svg' viewBox='0 0 16 16'%3E%3Cpath d='M16.0001 7.9996c0 4.418-3.5815 7.9996-7.9995 7.9996S.001 12.4176.001 7.9996 3.5825 0 8.0006 0C12.4186 0 16 3.5815 16 7.9996Z' fill='url(%23paint0_linear_15251_63610)'/%3E%3Cpath d='M16.0001 7.9996c0 4.418-3.5815 7.9996-7.9995 7.9996S.001 12.4176.001 7.9996 3.5825 0 8.0006 0C12.4186 0 16 3.5815 16 7.9996Z' fill='url(%23paint1_radial_15251_63610)'/%3E%3Cpath d='M16.0001 7.9996c0 4.418-3.5815 7.9996-7.9995 7.9996S.001 12.4176.001 7.9996 3.5825 0 8.0006 0C12.4186 0 16 3.5815 16 7.9996Z' fill='url(%23paint2_radial_15251_63610)' fill-opacity='.5'/%3E%3Cpath d='M7.3014 3.8662a.6974.6974 0 0 1 .6974-.6977c.6742 0 1.2207.5465 1.2207 1.2206v1.7464a.101.101 0 0 0 .101.101h1.7953c.992 0 1.7232.9273 1.4917 1.892l-.4572 1.9047a2.301 2.301 0 0 1-2.2374 1.764H6.9185a.5752.5752 0 0 1-.5752-.5752V7.7384c0-.4168.097-.8278.2834-1.2005l.2856-.5712a3.6878 3.6878 0 0 0 .3893-1.6509l-.0002-.4496ZM4.367 7a.767.767 0 0 0-.7669.767v3.2598a.767.767 0 0 0 .767.767h.767a.3835.3835 0 0 0 .3835-.3835V7.3835A.3835.3835 0 0 0 5.134 7h-.767Z' fill='%23fff'/%3E%3Cdefs%3E%3CradialGradient id='paint1_radial_15251_63610' cx='0' cy='0' r='1' gradientUnits='userSpaceOnUse' gradientTransform='rotate(90 .0005 8) scale(7.99958)'%3E%3Cstop offset='.5618' stop-color='%230866FF' stop-opacity='0'/%3E%3Cstop offset='1' stop-color='%230866FF' stop-opacity='.1'/%3E%3C/radialGradient%3E%3CradialGradient id='paint2_radial_15251_63610' cx='0' cy='0' r='1' gradientUnits='userSpaceOnUse' gradientTransform='rotate(45 -4.5257 10.9237) scale(10.1818)'%3E%3Cstop offset='.3143' stop-color='%2302ADFC'/%3E%3Cstop offset='1' stop-color='%2302ADFC' stop-opacity='0'/%3E%3C/radialGradient%3E%3ClinearGradient id='paint0_linear_15251_63610' x1='2.3989' y1='2.3999' x2='13.5983' y2='13.5993' gradientUnits='userSpaceOnUse'%3E%3Cstop stop-color='%2302ADFC'/%3E%3Cstop offset='.5' stop-color='%230866FF'/%3E%3Cstop offset='1' stop-color='%232B7EFF'/%3E%3C/linearGradient%3E%3C/defs%3E%3C/svg%3E",[object Object],·,1 balasan
x1i10hfl href,x193iq5w,xdj266r,x1i10hfl href 3,x1lliihq,x1lliihq 2,xz74otr src,,,,,,
https://www.facebook.com/azzahra.rara.5680899?comment_id=Y29tbWVudDoyMjg1OTMzODc4MjY2OTkwXzIyMTgyNjIwMDk4OTE5Ng%3D%3D&__tn__=R,Azzahra Rara,Bikin gagal diet ini mh,https://www.facebook.com/reel/935524548115533/?comment_id=221826200989196&__tn__=R,Ipey Hendar membalas,1 balasan,,,,,,,
https://www.facebook.com/yenni.indahsari?comment_id=Y29tbWVudDoyMjg1OTMzODc4MjY2OTkwXzEyODEzNTc5MjI1NTgyNTM%3D&__tn__=R,Yenni Indah Sari,Ya allah enak nya coklat itu,https://www.facebook.com/reel/935524548115533/?comment_id=1281357922558253&__tn__=R,Ipey Hendar membalas,1 balasan,https://static.xx.fbcdn.net/images/emoji.php/v9/td2/1/16/1f604.png,,,,,,
https://www.facebook.com/neng.sriyuliani.5?comment_id=Y29tbWVudDoyMjg1OTMzODc4MjY2OTkwXzI2NzI1OTE2NjI5MDUyMDA%3D&__tn__=R,Neychan Firmansyah,"Aduh,,,ngiler bngt,,sumpah,,",https://www.facebook.com/reel/935524548115533/?comment_id=2672591662905200&__tn__=R,Ipey Hendar membalas,1 balasan,https://static.xx.fbcdn.net/images/emoji.php/v9/t2/1/16/1f60d.png,,,,,,
https://www.facebook.com/nyaik.prihatini?comment_id=Y29tbWVudDoyMjg1OTMzODc4MjY2OTkwXzEwNDg3OTE4OTMwODgyMzc%3D&__tn__=R,Nyaik Prihatini,Selamat siang,https://www.facebook.com/reel/935524548115533/?comment_id=1048791893088237&__tn__=R,Ipey Hendar membalas,1 balasan,,,,,,,
https://www.facebook.com/indah.indh.3?comment_id=Y29tbWVudDoyMjg1OTMzODc4MjY2OTkwXzM0MzgyNjk4ODQ3Mzk1Nw%3D%3D&__tn__=R,Indah PN,Wowww ngiler. Favorit bgt coklat niiii,https://www.facebook.com/reel/935524548115533/?comment_id=343826988473957&__tn__=R,Ipey Hendar membalas,2 Balasan,https://static.xx.fbcdn.net/images/emoji.php/v9/td3/1/16/1f924.png,,,,,,
https://www.facebook.com/sudarni.arni.102?comment_id=Y29tbWVudDoyMjg1OTMzODc4MjY2OTkwXzE0MTI1NDYyMzYzMjgwMjM%3D&__tn__=R,Sudarni Arni,Mau donk coklatnya..,https://www.facebook.com/reel/935524548115533/?comment_id=1412546236328023&__tn__=R,Ipey Hendar membalas,1 balasan,,,,,,,
https://www.facebook.com/rita.pratiwi.129?comment_id=Y29tbWVudDoyMjg1OTMzODc4MjY2OTkwXzkwNzY5NzQzNDA4ODEwMg%3D%3D&__tn__=R,Rita Pratiwi,Borong semua coklatnya bun,https://www.facebook.com/reel/935524548115533/?comment_id=907697434088102&__tn__=R,Ipey Hendar membalas,1 balasan,,,,,,,
https://www.facebook.com/almirazl?comment_id=Y29tbWVudDoyMjg1OTMzODc4MjY2OTkwXzE4NDIwMDM2Mjk1OTAwNjY%3D&__tn__=R,Almira Fauzia,Mantap kak… bingung kalo aku mau beli yg mana psti enak semua,https://www.facebook.com/reel/935524548115533/?comment_id=1842003629590066&__tn__=R,Ipey Hendar membalas,1 balasan,,,,,,,
https://www.facebook.com/lina.merawati.3?comment_id=Y29tbWVudDoyMjg1OTMzODc4MjY2OTkwXzY4NTU1MjI0Njk1ODkxMQ%3D%3D&__tn__=R,Lina Merawati,Enak bnget itu ka,https://www.facebook.com/reel/935524548115533/?comment_id=685552246958911&__tn__=R,Ipey Hendar membalas,1 balasan,https://static.xx.fbcdn.net/images/emoji.php/v9/t3/1/16/1f92d.png,,,,,,
https://www.facebook.com/ochiramzela?comment_id=Y29tbWVudDoyMjg1OTMzODc4MjY2OTkwXzM4NzE0Mzc2NzMxNTU1Mw%3D%3D&__tn__=R,Ram Zela Oci,Mantap,https://www.facebook.com/reel/935524548115533/?comment_id=387143767315553&__tn__=R,Ipey Hendar membalas,1 balasan,https://static.xx.fbcdn.net/images/emoji.php/v9/td3/1/16/1f924.png,,,,,,
https://www.facebook.com/uning.dian?comment_id=Y29tbWVudDoyMjg1OTMzODc4MjY2OTkwXzkwNDY1NjQzMTI0MjczOA%3D%3D&__tn__=R,Uning Dian,Nitip satu bun,https://www.facebook.com/reel/935524548115533/?comment_id=904656431242738&__tn__=R,Ipey Hendar membalas,1 balasan,,,,,,,
https://www.facebook.com/profile.php?id=100089917591776&comment_id=Y29tbWVudDoyMjg1OTMzODc4MjY2OTkwXzQwMDI4MTc1MjU3MjU2NA%3D%3D&__tn__=R,Indry Iskandarsyah,Mantulitaa,https://www.facebook.com/reel/935524548115533/?comment_id=400281752572564&__tn__=R,Ipey Hendar membalas,1 balasan,,,,,,,
https://www.facebook.com/SrizalT?comment_id=Y29tbWVudDoyMjg1OTMzODc4MjY2OTkwXzE3NDY1ODU0OTI1MDQ5OTM%3D&__tn__=R,S Rizal T,Enaknya,https://www.facebook.com/reel/935524548115533/?comment_id=1746585492504993&__tn__=R,Ipey Hendar membalas,1 balasan,,,,,,,
https://www.facebook.com/nursyam.ahmad?comment_id=Y29tbWVudDoyMjg1OTMzODc4MjY2OTkwXzM3OTY0MDI1ODA1MjI1OA%3D%3D&__tn__=R,Nursyam Ahmad,Jadi nngiler ini mah,https://www.facebook.com/reel/935524548115533/?comment_id=379640258052258&__tn__=R,Ipey Hendar membalas,1 balasan,,,,,,,
https://www.facebook.com/putra.djinjurichi?comment_id=Y29tbWVudDoyMjg1OTMzODc4MjY2OTkwXzIzNDIyMjg1MTkzMDY0MDY%3D&__tn__=R,Nurmansyah Putra,Heeemmmm.nyummmmmiii,https://www.facebook.com/reel/935524548115533/?comment_id=2342228519306406&__tn__=R,Ipey Hendar membalas,1 balasan,,,,,,,
https://www.facebook.com/gangga.dewi.31542?comment_id=Y29tbWVudDoyMjg1OTMzODc4MjY2OTkwXzEyMzY0ODQ1ODcyNzI2MDE%3D&__tn__=R,Gangga Dewi,Wahhhh mau coklatnya,https://www.facebook.com/reel/935524548115533/?comment_id=1236484587272601&__tn__=R,Ipey Hendar membalas,1 balasan,https://static.xx.fbcdn.net/images/emoji.php/v9/td2/1/16/1f604.png,,,,,,
https://www.facebook.com/IpeyHendar?comment_id=Y29tbWVudDoyMjg1OTMzODc4MjY2OTkwXzY3MTY2MDQ2NDg5NDk2MA%3D%3D&__tn__=R,Ipey Hendar,iya emang enak bangett itu ka,https://www.facebook.com/reel/935524548115533/?comment_id=671660464894960&__tn__=R,Lina Merawati membalas,1 balasan,https://static.xx.fbcdn.net/images/emoji.php/v9/t4f/1/16/1f601.png,,,,,,
https://www.facebook.com/profile.php?id=100071123321609&comment_id=Y29tbWVudDoyMjg1OTMzODc4MjY2OTkwXzcyNDczNzEwOTYwNDM1OQ%3D%3D&__tn__=R,Kulsum M,,https://www.facebook.com/reel/935524548115533/?comment_id=724737109604359&__tn__=R,Ipey Hendar membalas,1 balasan,https://scontent-cgk1-1.xx.fbcdn.net/v/t39.1997-6/395412634_1094927528536673_3817195519217219091_n.png?stp=dst-png_s168x128&_nc_cat=106&ccb=1-7&_nc_sid=23dd7b&_nc_eui2=AeG97-jAsUTukY6dj2hVfBY-Oxg9gA8-yII7GD2ADz7Igjh7LtWRZFNTLGX21skl8EoPzDRJUHqOwV2ekPK3Czfr&_nc_ohc=vcA6vJKIicYQ7kNvwFzeaZj&_nc_oc=AdmdsEAqNXLXxrFY6nB1zCCsyiGAeFtFF5A68glGhLhPZMrgw13qKIqm3ys1ppFeYx0&_nc_zt=26&_nc_ht=scontent-cgk1-1.xx&_nc_gid=GrGxcyES4XmK9BsvUMSvig&oh=00_AfVm5CqlA6N0rcdPGBvgxiLQ_Jv7foK7LdeAWzE4qQk7rA&oe=68B1A036,,,,,,
https://www.facebook.com/imanuel.taneo.3?comment_id=Y29tbWVudDoyMjg1OTMzODc4MjY2OTkwXzM4MTc0MzY2NDUwOTgzNA%3D%3D&__tn__=R,Diandra,,https://www.facebook.com/reel/935524548115533/?comment_id=381743664509834&__tn__=R,Ipey Hendar membalas,1 balasan,https://scontent-cgk1-2.xx.fbcdn.net/v/t39.1997-6/28419240_2035749786667326_1190152780799541248_n.png?stp=cp0_dst-png_s110x80&_nc_cat=107&ccb=1-7&_nc_sid=23dd7b&_nc_eui2=AeEXrDcM5AMMO5zUdLpeW5q_DAobKlOCty8MChsqU4K3L0n6RG4tBXukfX2XQKtt82pTsF-LlCwhrY30qYIJRCsM&_nc_ohc=DZpVyhE4YCoQ7kNvwHRzCzk&_nc_oc=AdmPToaDm6eIskdrWzsmu8uuNVgkcnaQ4nS1SrJ2fDO4-zSHnUy04o-PFeLE9NSdZcY&_nc_zt=26&_nc_ht=scontent-cgk1-2.xx&_nc_gid=GrGxcyES4XmK9BsvUMSvig&oh=00_AfXH69uJGvYIhRBBgXS0gz9TdDO7QFYC6_Q_Zk1u8yAaFw&oe=68B18D3F,,,,,,
https://www.facebook.com/berland.hayaka?comment_id=Y29tbWVudDoyMjg1OTMzODc4MjY2OTkwXzM2MzQwNTE0MzM1ODI3NjY%3D&__tn__=R,Berland Hayaka,,https://www.facebook.com/reel/935524548115533/?comment_id=3634051433582766&__tn__=R,Ipey Hendar membalas,1 balasan,https://external-cgk1-1.xx.fbcdn.net/emg1/v/t13/6046422345167106347?url=https%3A%2F%2Fmedia0.giphy.com%2Fmedia%2FdzOEJocQ3fDf5fvfzR%2Fgiphy.gif%3Fkid%3Dbe302117%26ct%3Ds&fb_obo=1&utld=giphy.com&stp=dst-gif_fr_q75&_nc_gid=GrGxcyES4XmK9BsvUMSvig&_nc_eui2=AeGpd-3vHOBCGwbeclvnNWO0yb3Lo7jtPPTJvcujuO089B1kc68nnBmJMvjEArYmZBaIaMUugiNtYh9gaNfPnKte&_nc_oc=AdkAu1fSmzqAqWAjuwVvgiUHjLcQ8P6mOm_S4YvuWimzlpoFQ40dkdocmBDE8-zyOUg&ccb=13-1&oh=06_Q3-2AZbQVDgKUJi2bYDHKWNmhwNJ6D29WIFoO_XOBxqXv5ij&oe=68AD82E3&_nc_sid=4782a8,,,,,,
https://www.facebook.com/profile.php?id=61553787764720&comment_id=Y29tbWVudDoyMjg1OTMzODc4MjY2OTkwXzkwMTQzNjMzMTY5NjY5NA%3D%3D&__tn__=R,Susandi Mas,Assalamu'alaikum,https://www.facebook.com/reel/935524548115533/?comment_id=901436331696694&__tn__=R,Ipey Hendar membalas,1 balasan,,,,,,,
https://www.facebook.com/profile.php?id=61555247908496&comment_id=Y29tbWVudDoyMjg1OTMzODc4MjY2OTkwXzM3Mzc2OTM1NDk3OTQzNzc%3D&__tn__=R,As Ria,,https://www.facebook.com/reel/935524548115533/?comment_id=3737693549794377&__tn__=R,Ipey Hendar membalas,1 balasan,https://scontent-cgk1-2.xx.fbcdn.net/v/t39.1997-6/122841908_812223766267933_3152842039885787285_n.png?stp=dst-png_p403x403&_nc_cat=108&ccb=1-7&_nc_sid=ba09c1&_nc_eui2=AeFWWwZrzveMaMNFgEDUprsGaHDXMrjoO21ocNcyuOg7bTYSdXbwP9_9C1xTTpRE-EO8lSvV-kf0Fp1680dIcmFA&_nc_ohc=gJZCSjzLUiEQ7kNvwFmPvSD&_nc_oc=Adn1OAB9hWz_0tX5OFCK74PjqeFC4ZGlY_ykQYOh2Uxc1FkgA0ddT8PttbUmeIiEnC0&_nc_zt=26&_nc_ht=scontent-cgk1-2.xx&_nc_gid=GrGxcyES4XmK9BsvUMSvig&oh=00_AfWJq3hQMSNESw259E_de2lEuw0Yb7y03wtVLpNbdi5Feg&oe=68B198DF,,,,,,
https://www.facebook.com/profile.php?id=61554974656010&comment_id=Y29tbWVudDoyMjg1OTMzODc4MjY2OTkwXzc4NzA2NjAxNjc3MDIxMA%3D%3D&__tn__=R,Yoga Saputra,,https://www.facebook.com/reel/935524548115533/?comment_id=787066016770210&__tn__=R,Ipey Hendar membalas,1 balasan,https://scontent-cgk1-1.xx.fbcdn.net/v/t39.1997-6/47472862_1846683478763869_5271603212267290624_n.png?stp=dst-png_p240x240&_nc_cat=1&ccb=1-7&_nc_sid=ba09c1&_nc_eui2=AeEJ4qhsqIpISzp6ts9ciJRO76o6EcjejO_vqjoRyN6M75GrGLUkFzETKB5cxq-cb5z_tCZIPYVkdwSaZASGo1IL&_nc_ohc=WbdWsREg228Q7kNvwFQWZGi&_nc_oc=Adm5BGE9XICbo5uZfeyM6248lAL-0bWh5ttWNOTHYdC_zID-JYe94zzsb0aYz0rSQmA&_nc_zt=26&_nc_ht=scontent-cgk1-1.xx&_nc_gid=GrGxcyES4XmK9BsvUMSvig&oh=00_AfWeo8h27K4zv2yJlbcrxGpf9tDwosvh986jaCU81Ci86A&oe=68B19E3E,,,,,,
https://www.facebook.com/imanuel.taneo.3?comment_id=Y29tbWVudDoyMjg1OTMzODc4MjY2OTkwXzkwMTMzNDk2MTMwMTUwMg%3D%3D&__tn__=R,Diandra,Salam kenal bunda saling support ya jgn lupa mampir ke beranda sy bunda,https://www.facebook.com/reel/935524548115533/?comment_id=901334961301502&__tn__=R,Ipey Hendar membalas,1 balasan,,,,,,,
https://www.facebook.com/profile.php?id=61555212716377&comment_id=Y29tbWVudDoyMjg1OTMzODc4MjY2OTkwXzEwNDkwNTQ5OTYzMzA3ODI%3D&__tn__=R,Alli G Kadil,,https://www.facebook.com/reel/935524548115533/?comment_id=1049054996330782&__tn__=R,Ipey Hendar membalas,1 balasan,https://scontent-cgk1-1.xx.fbcdn.net/v/t39.1997-6/70049209_2494354163990780_8707503201399603200_n.png?stp=cp0_dst-png_s110x80&_nc_cat=1&ccb=1-7&_nc_sid=23dd7b&_nc_eui2=AeGiRJ5OoPYZSLtUrfbz6IWdRGeq-ufGeXNEZ6r658Z5cw3cRfeZ7eoQ93Hde3SgUYjHDcl-0rS-AdIkVqedIL0s&_nc_ohc=vwPHTq6PFwkQ7kNvwFi8g7J&_nc_oc=AdlydrOZQhLTtavsrxE9DXHKmQOQfRJnIuPu-QAnramLofLP-7z3ksWYG0PaU9DJaJ4&_nc_zt=26&_nc_ht=scontent-cgk1-1.xx&_nc_gid=GrGxcyES4XmK9BsvUMSvig&oh=00_AfUXNBB8WC-z3a0ug3d0rw0Nk5RG7mrAR2Czhnv_iKP6jw&oe=68B1739D,,,,,,
