style-scope src,yt-simple-endpoint href,style-scope,yt-simple-endpoint,yt-simple-endpoint href 2,yt-core-attributed-string,style-scope 2,style-scope 3,,,
https://yt3.ggpht.com/ytc/AIdro_nDk9mEY6yOLKFZnLr9zWx1PuQ83qZkGp-x_l3eISA=s88-c-k-c0x00ffffff-no-rj,https://www.youtube.com/@ratnawilis3114,@ratnawilis3114,3 tahun yang lalu,https://www.youtube.com/watch?v=0c6UL0EmkQs&lc=Ugyx3Grk7Wzrvh8y5WV4AaABAg,"Saya punya kakak ipar orang Garut
Bbrp tahun yg lalu kami berkumjumg ,dan d ajak belanja ke toko yg menjual produk dr kulit ini
Dan kami belanja tas, sepatu jg dompet
Pingin lagi kesini, insya Allah tahun ini kesampaian.",1,,,,
https://yt3.ggpht.com/ytc/AIdro_noleBxV5snWzFrLjU16Qak9wuDziMsyxeO0fPArfQ=s88-c-k-c0x00ffffff-no-rj,https://www.youtube.com/@waswasiah9689,@waswasiah9689,3 tahun yang lalu,https://www.youtube.com/watch?v=0c6UL0EmkQs&lc=Ugzb0Ddo18E91WY6G0J4AaABAg,Sayang ya tempo hari saya ziarah  di garut langsung ke.wisata papa ndayan  pulang nya malem hujan lagi.jadi gak tau.kota garut .ternyata banyak tas yg bagus2.,1,,,,
https://yt3.ggpht.com/ytc/AIdro_noleBxV5snWzFrLjU16Qak9wuDziMsyxeO0fPArfQ=s88-c-k-c0x00ffffff-no-rj,https://www.youtube.com/@waswasiah9689,@waswasiah9689,3 tahun yang lalu,https://www.youtube.com/watch?v=0c6UL0EmkQs&lc=Ugzoc9NS6KqKXgjBxdp4AaABAg,Trimakasih infermasinya ibu,1,,,,
https://yt3.ggpht.com/ytc/AIdro_ka_OJb0XNJYDEohFXLN9aw8SQx2wooMyAYwzwnScVwBS5AeOdo4U3-cDL-EXswMyKilw=s88-c-k-c0x00ffffff-no-rj,https://www.youtube.com/@artinimelak5366,@artinimelak5366,3 tahun yang lalu,https://www.youtube.com/watch?v=0c6UL0EmkQs&lc=UgydO0wUTEajeO1ZPEN4AaABAg,Bagus banget tas my,,,,,
https://yt3.ggpht.com/ytc/AIdro_kf9KU5X_J0__f5ZsDBAK8AS_xbUJxt53gqhwb3MKU=s88-c-k-c0x00ffffff-no-rj,https://www.youtube.com/@intangarut8354,@intangarut8354,4 tahun yang lalu,https://www.youtube.com/watch?v=0c6UL0EmkQs&lc=Ugy76O0xzaaSNJpdF3p4AaABAg,"Akhir bulan rencana mudik ke Garut, InsyaAllah mampir belanja di Altisa, minta discount ya, Bu? He he...",2,,,,
https://yt3.ggpht.com/ytc/AIdro_mGCcO77qRAILeeq23h9y6AoVb-S6jhNjs55xh4H1JqzRtYoueMFrSC8S9Y7lZhzF6Tww=s88-c-k-c0x00ffffff-no-rj,https://www.youtube.com/@srymulyatii2306,@srymulyatii2306,3 tahun yang lalu,https://www.youtube.com/watch?v=0c6UL0EmkQs&lc=UgzK-mYeBt0JWq28thh4AaABAg,Blh pilih tasnya dan berapa harganya? Blh model tas sama dompet nya jg asli kulit yah sy tinggal di bali? Ksh kbr yah?,1,,,,
https://yt3.ggpht.com/ytc/AIdro_nEm552y_vq3QhV4ykdrodyQu9efHxOKaUfgwoxWcA=s88-c-k-c0x00ffffff-no-rj,https://www.youtube.com/@nenirulyani8855,@nenirulyani8855,3 tahun yang lalu,https://www.youtube.com/watch?v=0c6UL0EmkQs&lc=UgzTIFWv0x6CSPvk5Kl4AaABAg&pp=0gcJCSMANpG00pGi,Ini tokonya masih di  sukareang ya?,1,,,,
https://yt3.ggpht.com/ytc/AIdro_lXc5UA50P0MC8Z3l_hXvLv7B2TSeR_ZT0FUwhvepQ=s88-c-k-c0x00ffffff-no-rj,https://www.youtube.com/@rizkywahyu2025,@rizkywahyu2025,3 tahun yang lalu,https://www.youtube.com/watch?v=0c6UL0EmkQs&lc=Ugzwhn2THE-ewsy4lF14AaABAg,"Cek harga kak, tas fosil kuning",1,,,,
https://yt3.ggpht.com/ytc/AIdro_la_07zoaORpKCYmMnleQLEDWlTrDleYJ2UbY_Dqnw=s88-c-k-c0x00ffffff-no-rj,https://www.youtube.com/@eniyatiprayitno654,@eniyatiprayitno654,3 tahun yang lalu,https://www.youtube.com/watch?v=0c6UL0EmkQs&lc=Ugzq4qYruyf7y_hOm2p4AaABAg,Assalamualaikum bgmn caranya ibu untuk jadi reseller,1,,,,
,https://www.youtube.com/@ribucaroline6167,@ribucaroline6167,3 tahun yang lalu,https://www.youtube.com/watch?v=0c6UL0EmkQs&lc=UgxLxyQZDDEbm_TRxcp4AaABAg,Ini tas wanita coklat n biru  brp hrgny bu mn no wanya.,1,,,,
,https://www.youtube.com/@99510004,@99510004,3 tahun yang lalu,https://www.youtube.com/watch?v=0c6UL0EmkQs&lc=Ugz2yIY9R7FCU6LgzvZ4AaABAg,ada lapak di tokopedia?,1,,,,
,https://www.youtube.com/@sabirinlahei7566,@sabirinlahei7566,1 tahun yang lalu,https://www.youtube.com/watch?v=0c6UL0EmkQs&lc=UgwQtHeIpJqrC0OfX6t4AaABAg,sayang tidak ada kontak yang bisa dihubungi buat bermitra,,,,,
,https://www.youtube.com/@randuanggara9403,@randuanggara9403,3 tahun yang lalu,https://www.youtube.com/watch?v=0c6UL0EmkQs&lc=Ugz7aXIJ0kn0Ci_MElZ4AaABAg,Ass Bu Abi  gaduh bahan kulit ti pabrik  upami peryogi ready stick,1,Terjemahkan ke bahasa Indonesia,,,
,https://www.youtube.com/@diarysibungbung,@diarysibungbung,3 tahun yang lalu,https://www.youtube.com/watch?v=0c6UL0EmkQs&lc=UgzdTOGMYksVFck9tKB4AaABAg,Sayang g ada kontaknya...,1,,,,
,https://www.youtube.com/@marthashinta5958,@marthashinta5958,3 tahun yang lalu,https://www.youtube.com/watch?v=0c6UL0EmkQs&lc=UgyiaEHzGqCZkf9Snah4AaABAg&pp=0gcJCSMANpG00pGi,Kang Arief  no wa nya ALTISA  tulis dong.. biar  lbh lengkap,1,,,,
,https://www.youtube.com/@nurcahyaningrum,@nurcahyaningrum,4 tahun yang lalu,https://www.youtube.com/watch?v=0c6UL0EmkQs&lc=UgxgAfLmNOTdihPMB3t4AaABAg,Imaji. Dakifty. RQ. Syagita.Haska.Aska. LQ.Ghazi. Altisa.,,Terjemahkan ke bahasa Indonesia,,,
,https://www.youtube.com/@indeschannel8281,@indeschannel8281,4 tahun yang lalu,https://www.youtube.com/watch?v=0c6UL0EmkQs&lc=UgxPIq8kD6d22CIMk914AaABAg,Link pembelian,2,Terjemahkan ke bahasa Indonesia,,,
,https://www.youtube.com/@siapacantik2932,@siapacantik2932,4 tahun yang lalu,https://www.youtube.com/watch?v=0c6UL0EmkQs&lc=UgyCwTutDAcMghx9tdR4AaABAg,Harga nya tas kulis asli spi brapa Bu...,1,,,,
,https://www.youtube.com/@NurulalamsyahAlamsyah-bc1ts,@NurulalamsyahAlamsyah-bc1ts,1 tahun yang lalu,https://www.youtube.com/watch?v=0c6UL0EmkQs&lc=Ugy17y2Y3D3RHqOF6RB4AaABAg,Nama toko nya pak di shopee,,,,,
,https://www.youtube.com/@ranpnd2072,@ranpnd2072,3 tahun yang lalu,https://www.youtube.com/watch?v=0c6UL0EmkQs&lc=UgxJxPAKr7GJ5Pgz5x54AaABAg,"Apa ada tas gendong cewenya, kalau pengen tau gimana",,,,,
https://yt3.ggpht.com/ytc/AIdro_nhoOi8Lhcr7w0l0Ur6N0ern1n6gqe49p8sDZDsXjKezsAllwS3frRAi1p45L_qVDrCfQ=s88-c-k-c0x00ffffff-no-rj,https://www.youtube.com/@ribucaroline6167,@ribucaroline6167,3 tahun yang lalu,https://www.youtube.com/watch?v=0c6UL0EmkQs&lc=UgxLxyQZDDEbm_TRxcp4AaABAg,Ini tas wanita coklat n biru  brp hrgny bu mn no wanya.,1,,,,
https://yt3.ggpht.com/ytc/AIdro_mOGYWlakfX3kJZztWnDyzOZczcBsJoNVezScNfYbPndg=s88-c-k-c0x00ffffff-no-rj,https://www.youtube.com/@99510004,@99510004,3 tahun yang lalu,https://www.youtube.com/watch?v=0c6UL0EmkQs&lc=Ugz2yIY9R7FCU6LgzvZ4AaABAg,ada lapak di tokopedia?,1,,,,
https://yt3.ggpht.com/ytc/AIdro_nuNlfceTDiBSTQUhxQ56YDJFbBu1DjRfTpJMFP6ck9D0x3tsglom8eMUA2blBLpRVU8w=s88-c-k-c0x00ffffff-no-rj,https://www.youtube.com/@sabirinlahei7566,@sabirinlahei7566,1 tahun yang lalu,https://www.youtube.com/watch?v=0c6UL0EmkQs&lc=UgwQtHeIpJqrC0OfX6t4AaABAg,sayang tidak ada kontak yang bisa dihubungi buat bermitra,,,,,
https://yt3.ggpht.com/ytc/AIdro_mRUPEVs1NW1mJTnQRfIL319EZ0jK8gL5MU0AEuDJ0=s88-c-k-c0x00ffffff-no-rj,https://www.youtube.com/@randuanggara9403,@randuanggara9403,3 tahun yang lalu,https://www.youtube.com/watch?v=0c6UL0EmkQs&lc=Ugz7aXIJ0kn0Ci_MElZ4AaABAg,Ass Bu Abi  gaduh bahan kulit ti pabrik  upami peryogi ready stick,1,Terjemahkan ke bahasa Indonesia,,,
https://yt3.ggpht.com/vSsSjEqTSERE6-VK3Ik0qOWkJVWUbpKfRYSpR1sLtfMDvoCLWuBrdSpMOuuOTnaP0ute6J-Lbw=s88-c-k-c0x00ffffff-no-rj,https://www.youtube.com/@diarysibungbung,@diarysibungbung,3 tahun yang lalu,https://www.youtube.com/watch?v=0c6UL0EmkQs&lc=UgzdTOGMYksVFck9tKB4AaABAg,Sayang g ada kontaknya...,1,,,,
https://yt3.ggpht.com/ytc/AIdro_kcFwHceuSjrAN21C7qAEiZhZcjftPOfbNlG5jTdf8=s88-c-k-c0x00ffffff-no-rj,https://www.youtube.com/@marthashinta5958,@marthashinta5958,3 tahun yang lalu,https://www.youtube.com/watch?v=0c6UL0EmkQs&lc=UgyiaEHzGqCZkf9Snah4AaABAg&pp=0gcJCSMANpG00pGi,Kang Arief  no wa nya ALTISA  tulis dong.. biar  lbh lengkap,1,,,,
https://yt3.ggpht.com/uywPmmHJgrRvamilufN4tnBaTKthH8iL3e0j6b0deUNzJ1Bd6bFF50Xu00cAO4615JHSs1YIMA=s88-c-k-c0x00ffffff-no-rj,https://www.youtube.com/@nurcahyaningrum,@nurcahyaningrum,4 tahun yang lalu,https://www.youtube.com/watch?v=0c6UL0EmkQs&lc=UgxgAfLmNOTdihPMB3t4AaABAg,Imaji. Dakifty. RQ. Syagita.Haska.Aska. LQ.Ghazi. Altisa.,,Terjemahkan ke bahasa Indonesia,,,
https://yt3.ggpht.com/0XWppEm6916-yQjkfCYfXPKDPW9fNSfRnINftrwA1RakNSz9JwAHLPSStFCohXlNvSnXRAJUIwM=s88-c-k-c0x00ffffff-no-rj,https://www.youtube.com/@indeschannel8281,@indeschannel8281,4 tahun yang lalu,https://www.youtube.com/watch?v=0c6UL0EmkQs&lc=UgxPIq8kD6d22CIMk914AaABAg,Link pembelian,2,Terjemahkan ke bahasa Indonesia,,,
https://yt3.ggpht.com/ytc/AIdro_mAwTftn-ef_EtMdiprWeIy-XHMmmMRs951lluat_ds0g=s88-c-k-c0x00ffffff-no-rj,https://www.youtube.com/@siapacantik2932,@siapacantik2932,4 tahun yang lalu,https://www.youtube.com/watch?v=0c6UL0EmkQs&lc=UgyCwTutDAcMghx9tdR4AaABAg,Harga nya tas kulis asli spi brapa Bu...,1,,,,
https://yt3.ggpht.com/ytc/AIdro_k1LWy2-ZaCt94WtaY4PUNFE_nUp-XVIvsg9jCs2tC1GNY_tKwPcAude-AKcSa6CckaqQ=s88-c-k-c0x00ffffff-no-rj,https://www.youtube.com/@NurulalamsyahAlamsyah-bc1ts,@NurulalamsyahAlamsyah-bc1ts,1 tahun yang lalu,https://www.youtube.com/watch?v=0c6UL0EmkQs&lc=Ugy17y2Y3D3RHqOF6RB4AaABAg,Nama toko nya pak di shopee,,,,,
https://yt3.ggpht.com/ytc/AIdro_nozxui9ILXrX_8Izxu9tBkihzVUcSXgN-vOeZvyTI=s88-c-k-c0x00ffffff-no-rj,https://www.youtube.com/@ranpnd2072,@ranpnd2072,3 tahun yang lalu,https://www.youtube.com/watch?v=0c6UL0EmkQs&lc=UgxJxPAKr7GJ5Pgz5x54AaABAg,"Apa ada tas gendong cewenya, kalau pengen tau gimana",,,,,
https://yt3.ggpht.com/ytc/AIdro_mXl5vEZetSFCfuG2B7_VLqc38fE5TVJMtL_CGIeMUbdXJf55quvy5KONcX81xCv66Llw=s88-c-k-c0x00ffffff-no-rj,https://www.youtube.com/@Juwitaaja9486,@Juwitaaja9486,3 tahun yang lalu,https://www.youtube.com/watch?v=0c6UL0EmkQs&lc=UgxeOOFfVPh_cXZTEtx4AaABAg&pp=0gcJCSMANpG00pGi,Boleh minta no wa pemilik nya,1,Terjemahkan ke bahasa Indonesia,,,
https://yt3.ggpht.com/ytc/AIdro_mZ2daLTjGGi9zviVJt3B__CO7tcsQJmhk6N2FR2mY=s88-c-k-c0x00ffffff-no-rj,https://www.youtube.com/@daman5488,@daman5488,1 tahun yang lalu,https://www.youtube.com/watch?v=0c6UL0EmkQs&lc=UgwBr9c0hWWzvmzMsHd4AaABAg,No wa tokonya bang ?,,,,,
https://yt3.ggpht.com/dxqm0JaXuxTHnbRTuU3UtBIFaGrcvzSDSWX_zYakyxYv3dmeZVcQUF2SlpJB_d8FVA4xJOsUjbc=s88-c-k-c0x00ffffff-no-rj,https://www.youtube.com/@Hidayah-xf6iy,@Hidayah-xf6iy,3 tahun yang lalu,https://www.youtube.com/watch?v=0c6UL0EmkQs&lc=UgzEybLCl29FCpAYZTl4AaABAg,Ngga ada nmr tlpn toko altisa ya min,,,,,
https://yt3.ggpht.com/ytc/AIdro_nk0uPiScZ1125YNGEYw1GxNYvNVng7O4-wrbIEMCA=s88-c-k-c0x00ffffff-no-rj,https://www.youtube.com/@bandungraya2819,@bandungraya2819,4 tahun yang lalu,https://www.youtube.com/watch?v=0c6UL0EmkQs&lc=UgzhxdDGF0zTf_iSYq54AaABAg,Harganya,,,,,
https://yt3.ggpht.com/ytc/AIdro_kuWA2sGjs3mT4qmh_k-blatkNQFEfsVekLf30EvGc=s88-c-k-c0x00ffffff-no-rj,https://www.youtube.com/@murniati7595,@murniati7595,4 tahun yang lalu,https://www.youtube.com/watch?v=0c6UL0EmkQs&lc=UgyLJc6bSRPAd4PJhS54AaABAg,jlo ada no wa nya dong,,,,,
https://yt3.ggpht.com/ytc/AIdro_kgWEvg8KgghJTsCy-dqXg1EQV75mchfm6hswUFSFvMHFs=s88-c-k-c0x00ffffff-no-rj,https://www.youtube.com/@srifadilah161,@srifadilah161,4 tahun yang lalu,https://www.youtube.com/watch?v=0c6UL0EmkQs&lc=UgzpZG1Hnvb-3RFJEzB4AaABAg,Bisa minta wa nya,2,,,,
https://yt3.ggpht.com/ytc/AIdro_m0woX6FPeglGrVsuhXooaJRtnLMBTr4c0cz6mxqFE=s88-c-k-c0x00ffffff-no-rj,https://www.youtube.com/@maliksuhartono6505,@maliksuhartono6505,3 tahun yang lalu,https://www.youtube.com/watch?v=0c6UL0EmkQs&lc=Ugw4yU0MCjrk8UNPRzZ4AaABAg,Minta no  hp altisa,,,,,
,https://www.youtube.com/@murniati7595,@murniati7595,4 tahun yang lalu,https://www.youtube.com/watch?v=0c6UL0EmkQs&lc=UgzSIcqo45_dtFH80kd4AaABAg,Bu mestinya no hp nya dipajang disini dong..mkssy pengin punya no wa nya,,,,,
https://yt3.ggpht.com/ytc/AIdro_nTeuSNs7Fwcmo4n5L9Siwty8iZJhYQBPCFxj2wQks=s88-c-k-c0x00ffffff-no-rj,https://www.youtube.com/@tetehgarut9482,@tetehgarut9482,7 tahun yang lalu,https://www.youtube.com/watch?v=fBw4q4f-CB4&lc=UgzV31J6vT7NS9UBBwN4AaABAg,Produksi kulit dari Garut Terkenal di Nanca Negara*Terutama Jackets kulit*Maju Terus Garut*,8,,,,
https://yt3.ggpht.com/ytc/AIdro_nIA75ZsRzA-msDbnzHxxG-Ovlw7yxgoRV8Woir98Y=s88-c-k-c0x00ffffff-no-rj,https://www.youtube.com/@chandrahermawan2778,@chandrahermawan2778,6 tahun yang lalu,https://www.youtube.com/watch?v=fBw4q4f-CB4&lc=UgwnrLPK-aMQuPu31F54AaABAg,"alhmdulilah, smoga sukses trus kota klahiran ku grt",3,,,,
https://yt3.ggpht.com/ytc/AIdro_lJDYPih61UMx1uGUlwuf8g5jQJUoJQGzPM5XVVLWuDKA=s88-c-k-c0x00ffffff-no-rj,https://www.youtube.com/@andrianthigarsel5159,@andrianthigarsel5159,7 tahun yang lalu,https://www.youtube.com/watch?v=fBw4q4f-CB4&lc=Ugz8LND5T5PjKgQinXx4AaABAg,kren indonesia semoga sukses garut,2,,,,
https://yt3.ggpht.com/ytc/AIdro_nOM4GWf19EJlCm6SJ0Dp014aR4g9--JPooq50zbh_lzQ=s88-c-k-c0x00ffffff-no-rj,https://www.youtube.com/@rizalofficial7803,@rizalofficial7803,4 tahun yang lalu,https://www.youtube.com/watch?v=fBw4q4f-CB4&lc=UgzIka_IE3Vd-nnN3HJ4AaABAg,"saya bangga jadi orang sukaregang,",,Terjemahkan ke bahasa Indonesia,,,
https://yt3.ggpht.com/ytc/AIdro_nLLCf0Zah8NqOj3Ou5WQJ8JNI38BQSLt6opFK7GydeRlI=s88-c-k-c0x00ffffff-no-rj,https://www.youtube.com/@nongilal4459,@nongilal4459,6 tahun yang lalu,https://www.youtube.com/watch?v=fBw4q4f-CB4&lc=Ugx0ULeYw7yz1CHI6Ul4AaABAg,Kangen Garut..,1,Terjemahkan ke bahasa Indonesia,,,
https://yt3.ggpht.com/ytc/AIdro_lE8p9BprayXXNMSGSzW2_z1WWb4daKhSXtOnZveiCBTw=s88-c-k-c0x00ffffff-no-rj,https://www.youtube.com/@rozeita5452,@rozeita5452,6 tahun yang lalu,https://www.youtube.com/watch?v=fBw4q4f-CB4&lc=Ugy1MuM5J0GC3QuxY_x4AaABAg,"maju lah kota garut ku
dombrutt hehe",4,,,,
https://yt3.ggpht.com/ytc/AIdro_ngKOtPIR7ItAn_BMWxqQvpg-sD4yc8V2FbESfiZfc=s88-c-k-c0x00ffffff-no-rj,https://www.youtube.com/@superdobi7629,@superdobi7629,4 tahun yang lalu,https://www.youtube.com/watch?v=fBw4q4f-CB4&lc=UgzONxhCbSV5rk9dLhZ4AaABAg,"Kehkehkeh !! 
Asslm admin minta pencerahan ttg Kota Garut ! Gi mana cara mau kekota tersebut ??Dimana terletaknya Kota Garut ?? Kota yg berhampiran kota apa ??",,Terjemahkan ke bahasa Indonesia,,,
https://yt3.ggpht.com/ytc/AIdro_kdkEdT0hsKwIY9bC5D9EhLaeTQmwVIeRsaRGGbW6Y=s88-c-k-c0x00ffffff-no-rj,https://www.youtube.com/@aay4570,@aay4570,6 tahun yang lalu,https://www.youtube.com/watch?v=fBw4q4f-CB4&lc=UgzK8b_XfTK82Ffo0v94AaABAg,"Jaket  kulit  garut  ..dodol   GARUT  domba  GARUT  ..oleh "" GARUT   ...is the best    GARUT  no 1 ..maju  truss   garut   ..",,,,,
https://yt3.ggpht.com/ytc/AIdro_mdxCz2Cmg_qUUqD3xCZP6Z9WSC8-OHGWC7MxgbP2hrJA=s88-c-k-c0x00ffffff-no-rj,https://www.youtube.com/@hendrasirait1318,@hendrasirait1318,6 tahun yang lalu,https://www.youtube.com/watch?v=fBw4q4f-CB4&lc=UgxYiUAHRPee0IRH4zd4AaABAg,"air limbah usaha penyamakan kulitnya,dibuang kemana ya dan diolah apa tidak ya? smoga usaha lokal yang mnjadi kebanggaan garut dan dikenal terbaik tidak menimbulkan dampak cemar lingkungan.jayalah terus Garut Ku",,,,,
https://yt3.ggpht.com/ytc/AIdro_kpQzEeK-qVXk2XxfuPsdBpRXsSn22muaHtRvMfwtk=s88-c-k-c0x00ffffff-no-rj,https://www.youtube.com/@kamalaja8889,@kamalaja8889,6 tahun yang lalu,https://www.youtube.com/watch?v=fBw4q4f-CB4&lc=UgzKZW7XMelNWgUOZ1Z4AaABAg,Sukses domba garut tercinta,,,,,
https://yt3.ggpht.com/ytc/AIdro_kQqpi7bVpU1wVYppKyRMt00MybWGSqu3kNVxJKSad6Lg=s88-c-k-c0x00ffffff-no-rj,https://www.youtube.com/@agussobur4897,@agussobur4897,6 tahun yang lalu,https://www.youtube.com/watch?v=fBw4q4f-CB4&lc=Ugxvv-DO-VDr56BPTc94AaABAg,"Semoga pengelolaan limbah nya benar benar di perhatikan, sehingga tidak menimbulkan pencemaran lingkungan di sekitar nya",,,,,
https://yt3.ggpht.com/ytc/AIdro_njcFy3p_v1KwsAS1KjsHSvdPQKIb4C6-zUCoApzlyNnw=s88-c-k-c0x00ffffff-no-rj,https://www.youtube.com/@agustianprecious2591,@agustianprecious2591,6 tahun yang lalu,https://www.youtube.com/watch?v=fBw4q4f-CB4&lc=Ugw1KlbMQoyRvkBoEO54AaABAg,Pembawa acaranya hadeuh manis,,Terjemahkan ke bahasa Indonesia,,,
https://yt3.ggpht.com/ytc/AIdro_kzXC_Qii3mzv3h2sKMDwklseVqUG_3uYQAwhAP9g=s88-c-k-c0x00ffffff-no-rj,https://www.youtube.com/@dennywood8058,@dennywood8058,7 tahun yang lalu,https://www.youtube.com/watch?v=fBw4q4f-CB4&lc=UgyMs_I82FiD58yPV5F4AaABAg,KWALITAS NYA GAK DIRAGUKAN LAGI....HARGA SANGAT MURAH...,2,,,,
https://yt3.ggpht.com/ytc/AIdro_mwntsDgIhDiQK0NphCpRHrM3j047LMWYyeznnndOGhos4=s88-c-k-c0x00ffffff-no-rj,https://www.youtube.com/@03.amaliaafidatulaini83,@03.amaliaafidatulaini83,4 tahun yang lalu,https://www.youtube.com/watch?v=fBw4q4f-CB4&lc=UgyJc0A9hkWrJ0jxSYJ4AaABAg,Selamat vidio anda menjadi materi pembelajaran saya:),,,,,
https://yt3.ggpht.com/ytc/AIdro_nnUoJzIY-8YoEKCQpqq8CI4DbaJG3nvilQrOoz2kg=s88-c-k-c0x00ffffff-no-rj,https://www.youtube.com/@amriyansar1595,@amriyansar1595,6 tahun yang lalu,https://www.youtube.com/watch?v=fBw4q4f-CB4&lc=UgzgwtQcJjxUeriRvHZ4AaABAg,Salamu alaikum,,Terjemahkan ke bahasa Indonesia,,,
https://yt3.ggpht.com/ytc/AIdro_nOWHrHjYrKgneSGsM_13YKipphgoVZoPBkw2oKSCA=s88-c-k-c0x00ffffff-no-rj,https://www.youtube.com/@kojongremonasgar1289,@kojongremonasgar1289,7 tahun yang lalu,https://www.youtube.com/watch?v=fBw4q4f-CB4&lc=UgzOtETCUw1d6oRVZl54AaABAg,hidup garutt,1,,,,
https://yt3.ggpht.com/v4KKnnh_mH0VYa_AvkWlbbM_wwlmJCNlbu2ERXSM3jTR50OnzMeFCr8HLseRnLEU1W0Jo1gP=s88-c-k-c0x00ffffff-no-rj,https://www.youtube.com/@semestabastaman,@semestabastaman,6 tahun yang lalu,https://www.youtube.com/watch?v=fBw4q4f-CB4&lc=UgxAvWSzHlZtG12StX14AaABAg&pp=0gcJCSMANpG00pGi,Kadang hidup itu seperti life,,,,,
https://yt3.ggpht.com/ytc/AIdro_lOQ0lXVEQWS5ztiOYOsObF4dYmrF5A_D0QTvpU-hOjiSw=s88-c-k-c0x00ffffff-no-rj,https://www.youtube.com/@yudhiedwinrossario2954,@yudhiedwinrossario2954,5 tahun yang lalu,https://www.youtube.com/watch?v=fBw4q4f-CB4&lc=UgyDjvNpUPNu8yMxbPt4AaABAg,Referensi kalo mau beli di toko apa di Garut nya??,,,,,
https://yt3.ggpht.com/ytc/AIdro_mgbr-G6GbhHxkRjbbYcqabIA5OmlMpPfiG1feEaYC5vg=s88-c-k-c0x00ffffff-no-rj,https://www.youtube.com/@akukngabrett6609,@akukngabrett6609,6 tahun yang lalu,https://www.youtube.com/watch?v=fBw4q4f-CB4&lc=UgzA0doobRaxlN1SDud4AaABAg,Sukaregang yah,1,Terjemahkan ke bahasa Indonesia,,,
https://yt3.ggpht.com/ytc/AIdro_muMaaueVFqiHSMjGbZUI6BVtMWK2Izw10IhsQbfCL9rkE=s88-c-k-c0x00ffffff-no-rj,https://www.youtube.com/@hermansrizki7092,@hermansrizki7092,6 tahun yang lalu,https://www.youtube.com/watch?v=fBw4q4f-CB4&lc=Ugyg6FAx-d1bgsOpXdt4AaABAg&pp=0gcJCSMANpG00pGi,Limbah nya loh meleleh,,,,,
https://yt3.ggpht.com/ytc/AIdro_k4GIi_9hyfS_JNAf4w2saHu5DZC0qE426RK0-HZpO0_g=s88-c-k-c0x00ffffff-no-rj,https://www.youtube.com/@pebysugiri,@pebysugiri,4 tahun yang lalu,https://www.youtube.com/watch?v=fBw4q4f-CB4&lc=UgzZbYl1mhAkOJUitbt4AaABAg,nama pabrik nya apa ya ?? mohon info,,,,,
https://yt3.ggpht.com/ytc/AIdro_mxeaBIEcwDOJg8KuP0mH-LQWludqRfaexWHFtI6FjZSTXU=s88-c-k-c0x00ffffff-no-rj,https://www.youtube.com/@iwansiwen2388,@iwansiwen2388,6 tahun yang lalu,https://www.youtube.com/watch?v=fBw4q4f-CB4&lc=UgxvTHlgJRQ2XHpvbR54AaABAg,"Majulah garutku
Semoga SUNGAI CIMANUK NGGA TERCEMAR LAGI SELAMA BERTAHUN-TAHUN",,,,,
https://yt3.ggpht.com/jbIQrbAPBqjHQzoEpqC1Fz2kPKTppVJKdiOtO6H_MaTiN1sY5o5k9C0NO5qi2kJ_cSmUdl4GoRY=s88-c-k-c0x00ffffff-no-rj,https://www.youtube.com/@IqbalQ,@IqbalQ,6 tahun yang lalu,https://www.youtube.com/watch?v=fBw4q4f-CB4&lc=UgzXbDSoou7DbdG21Cp4AaABAg,limbah nya di buang ke saluran air,,,,,
https://yt3.ggpht.com/ytc/AIdro_nzTgITKjyvJzHoiovkQ8irxc1y-iUP7rPAYxcfY1s=s88-c-k-c0x00ffffff-no-rj,https://www.youtube.com/@alexstexpad6099,@alexstexpad6099,7 tahun yang lalu,https://www.youtube.com/watch?v=fBw4q4f-CB4&lc=UgxII-AT1LDCjSE4DvJ4AaABAg,mnta alamat nya dong,1,,,,
https://yt3.ggpht.com/ytc/AIdro_kTrY-DiwAH-1_0HXoh2PH6YpQ1qAGygjIt6wriL1w=s88-c-k-c0x00ffffff-no-rj,https://www.youtube.com/@pakkasno1128,@pakkasno1128,5 tahun yang lalu,https://www.youtube.com/watch?v=fBw4q4f-CB4&lc=UgwNzfi4g8r8AXlsy4p4AaABAg,Saya mau beli bahan kulit kambing berapa harganya,,,,,
https://yt3.ggpht.com/vTOz77gGrgMGmSbJkLKvaCPnz288rYlJtJl_HedqzKIUX7lP0-QJuENiV4tjkXe1i2VHILwr-Q=s88-c-k-c0x00ffffff-no-rj,https://www.youtube.com/@ceritasambilan,@ceritasambilan,6 tahun yang lalu,https://www.youtube.com/watch?v=fBw4q4f-CB4&lc=UgwJiH-UCnywg9rus7l4AaABAg,Itu garut bagian mana?,,,,,
,https://www.youtube.com/@KangOpiMoring,@KangOpiMoring,6 tahun yang lalu,https://www.youtube.com/watch?v=fBw4q4f-CB4&lc=UgyC1Q7UhBFlWUGRFh14AaABAg,garut . kadungora,,Terjemahkan ke bahasa Indonesia,,,
,https://www.youtube.com/@martinsolo2415,@martinsolo2415,5 tahun yang lalu,https://www.youtube.com/watch?v=fBw4q4f-CB4&lc=UgwqGlA5Za4VsaMuKYx4AaABAg,"Minta Alamat dan no wa
Mau kulakan kulit domba",,,,,
,https://www.youtube.com/@idafaridaida8503,@idafaridaida8503,6 tahun yang lalu,https://www.youtube.com/watch?v=fBw4q4f-CB4&lc=Ugzq9dmshtYAOyw2m_14AaABAg,masa sih  dapat upah 300   atau 500 rupiah perkulitnya gk salah tuh,1,,,,
style-scope src,yt-simple-endpoint href,style-scope,yt-simple-endpoint,yt-simple-endpoint href 2,yt-core-attributed-string,style-scope 2,hidden 2,dot,yt-core-attributed-string 3,style-scope src 2
https://yt3.ggpht.com/ytc/AIdro_m8XKHqSWkWTWqWfEqmk_VKzILNNjD_Lzb82OiQOJGQrEQgbhrNF_TgQFrd7LuMlqJAqQ=s88-c-k-c0x00ffffff-no-rj,https://www.youtube.com/@SalsaBila-o1e2r,@SalsaBila-o1e2r,13 hari yang lalu,https://www.youtube.com/watch?v=8Gcv_QgVEZg&lc=Ugy4bkJTO6z-crGdA-94AaABAg,Brp bang..hrg yeah,Terjemahkan ke bahasa Indonesia,Tidak suka,,,
https://yt3.ggpht.com/ytc/AIdro_l62_QFfNewb6OZTelHg_ci3dSC4CTMuUi1E0Jcm-w=s88-c-k-c0x00ffffff-no-rj,https://www.youtube.com/@indramus2586,@indramus2586,4 minggu yang lalu,https://www.youtube.com/watch?v=8Gcv_QgVEZg&lc=Ugx5ZCdKrwF3Cj-vYFl4AaABAg&pp=0gcJCSMANpG00pGi,Custom bisa kang?,Terjemahkan ke bahasa Indonesia,Tidak suka,,,
https://yt3.ggpht.com/ytc/AIdro_lXNBnVor2T5FVc9Go-w378cXn6JmX-YLkW1G6mVZyFzwgLjg01XTaBOrjvCuKmfuRq9g=s88-c-k-c0x00ffffff-no-rj,https://www.youtube.com/@RoniAhmadya,@RoniAhmadya,7 hari yang lalu,https://www.youtube.com/watch?v=8Gcv_QgVEZg&lc=UgyDnJLeWNgI3OLekUJ4AaABAg,Tolong di infokan harga nya,,Tidak suka,,,
https://yt3.ggpht.com/ytc/AIdro_k489dbUjVHiavMXCVBLGMHjuZ1MbGhFgMATRJyE25ZAk1KhQl3s6Hf7REnBDXFhbKjBA=s88-c-k-c0x00ffffff-no-rj,https://www.youtube.com/@Adin-o9t,@Adin-o9t,13 hari yang lalu,https://www.youtube.com/watch?v=8Gcv_QgVEZg&lc=UgyHx_4s3FHPdFYTc094AaABAg,Berapa harganya yg di pai,,Tidak suka,,,
,https://www.youtube.com/@YusufSz-f1u,@YusufSz-f1u,2 bulan yang lalu,https://www.youtube.com/watch?v=8Gcv_QgVEZg&lc=UgyEyrALMCjDnmNZtUB4AaABAg,Harga kang braha,,Tidak suka,,,
,https://www.youtube.com/@membacabuku74,@membacabuku74,3 bulan yang lalu,https://www.youtube.com/watch?v=8Gcv_QgVEZg&lc=UgwbM6wYTfKAqC2Lk3V4AaABAg,Alamat kang,Terjemahkan ke bahasa Indonesia,Tidak suka,,,
,https://www.youtube.com/@FrankyNew-c5z,@FrankyNew-c5z,5 bulan yang lalu,https://www.youtube.com/watch?v=8Gcv_QgVEZg&lc=UgxIi43GHy34Tc7atXF4AaABAg,serlok bang,Terjemahkan ke bahasa Indonesia,Tidak suka,,,
,https://www.youtube.com/@HenNadun,@HenNadun,6 bulan yang lalu,https://www.youtube.com/watch?v=8Gcv_QgVEZg&lc=UgynB4seGonBrDSZfLd4AaABAg,berapa harga mas,Terjemahkan ke bahasa Indonesia,Tidak suka,·,1 balasan,
,https://www.youtube.com/@MisiRan-x8m,@MisiRan-x8m,2 bulan yang lalu,https://www.youtube.com/watch?v=8Gcv_QgVEZg&lc=UgxM7KyGUPGS9hy1A9N4AaABAg,Bisa cod bos?,,Tidak suka,·,1 balasan,
,https://www.youtube.com/@HenNadun,@HenNadun,6 bulan yang lalu,https://www.youtube.com/watch?v=8Gcv_QgVEZg&lc=UgzjV10mNLpdlq8gnwZ4AaABAg,berapa harga mas,Terjemahkan ke bahasa Indonesia,Tidak suka,,1 balasan,
,https://www.youtube.com/@cahangon8938,@cahangon8938,3 bulan yang lalu,https://www.youtube.com/watch?v=8Gcv_QgVEZg&lc=UgweK23IpSFnY7z_Rfp4AaABAg&pp=0gcJCSMANpG00pGi,Jahit sulam ya ..berapa harga minta wa nya dong,Terjemahkan ke bahasa Indonesia,Tidak suka,·,2 balasan,
,https://www.youtube.com/@rizapurwoto9755,@rizapurwoto9755,3 bulan yang lalu,https://www.youtube.com/watch?v=8Gcv_QgVEZg&lc=Ugy2lL9wCFTcKexq7oZ4AaABAg,Harga ny brapa bro,,Tidak suka,,1 balasan,
,https://www.youtube.com/@YusufSz-f1u,@YusufSz-f1u,2 bulan yang lalu,https://www.youtube.com/watch?v=8Gcv_QgVEZg&lc=UgyxKQIw3PvGnYUjM8p4AaABAg,Harga kang braha,,Tidak suka,·,1 balasan,
https://yt3.ggpht.com/ytc/AIdro_k2R4gOzj0DsreLUb4kJ-3QT_RJonCM46s3u0VdSDzVQ_aqrvfIIZb1V__Snx8UK1XO4A=s88-c-k-c0x00ffffff-no-rj,https://www.youtube.com/@YusufSz-f1u,@YusufSz-f1u,2 bulan yang lalu,https://www.youtube.com/watch?v=8Gcv_QgVEZg&lc=UgyEyrALMCjDnmNZtUB4AaABAg,Harga kang braha,,Tidak suka,,,
https://yt3.ggpht.com/ytc/AIdro_k6ik9k6NPqHs0kvMwv9SpZyE9qUk9AxeJZJ9_zucX5-Srt4Jkr8so6gIcmOMBS08yveQ=s88-c-k-c0x00ffffff-no-rj,https://www.youtube.com/@HenNadun,@HenNadun,6 bulan yang lalu,https://www.youtube.com/watch?v=8Gcv_QgVEZg&lc=UgzjV10mNLpdlq8gnwZ4AaABAg,berapa harga mas,Terjemahkan ke bahasa Indonesia,Tidak suka,,1 balasan,
https://yt3.ggpht.com/CEzGFbNTUda961ldt6lha53XwNcCeRrpiXi_JZeetU9waW1jLwO6RQMjEmi62prnx8XTqTBdbQ=s88-c-k-c0x00ffffff-no-rj,https://www.youtube.com/@cahangon8938,@cahangon8938,3 bulan yang lalu,https://www.youtube.com/watch?v=8Gcv_QgVEZg&lc=UgweK23IpSFnY7z_Rfp4AaABAg&pp=0gcJCSMANpG00pGi,Jahit sulam ya ..berapa harga minta wa nya dong,Terjemahkan ke bahasa Indonesia,Tidak suka,·,2 balasan,https://yt3.ggpht.com/pS54Af72BSHKtC9PZZxCq20YfptRlcH08-dkUXIznV2NSa2hjktxmTjIL6hXw0r6c13T9J8m0A=s48-c-k-c0x00ffffff-no-rj
https://yt3.ggpht.com/ytc/AIdro_lkvZL6_kz1dOZZNlAfaTAAvzD815r_d0GFkV8C9bR31YRZeGPylgyyE4sM5v8Yxu6Veg=s88-c-k-c0x00ffffff-no-rj,https://www.youtube.com/@rizapurwoto9755,@rizapurwoto9755,3 bulan yang lalu,https://www.youtube.com/watch?v=8Gcv_QgVEZg&lc=Ugy2lL9wCFTcKexq7oZ4AaABAg,Harga ny brapa bro,,Tidak suka,,1 balasan,
https://yt3.ggpht.com/ytc/AIdro_k2R4gOzj0DsreLUb4kJ-3QT_RJonCM46s3u0VdSDzVQ_aqrvfIIZb1V__Snx8UK1XO4A=s88-c-k-c0x00ffffff-no-rj,https://www.youtube.com/@YusufSz-f1u,@YusufSz-f1u,2 bulan yang lalu,https://www.youtube.com/watch?v=8Gcv_QgVEZg&lc=UgyxKQIw3PvGnYUjM8p4AaABAg,Harga kang braha,,Tidak suka,·,1 balasan,https://yt3.ggpht.com/pS54Af72BSHKtC9PZZxCq20YfptRlcH08-dkUXIznV2NSa2hjktxmTjIL6hXw0r6c13T9J8m0A=s48-c-k-c0x00ffffff-no-rj
https://yt3.ggpht.com/ytc/AIdro_laowbR60Lv85DaL-1gkW1CI1Ge8ed3cejEr3plrfWmaFd8UJx0FOv7bqO0B0l7qqkXLg=s88-c-k-c0x00ffffff-no-rj,https://www.youtube.com/@tatang2271,@tatang2271,1 tahun yang lalu,https://www.youtube.com/watch?v=4Du7BszT6bQ&lc=Ugzv6t9G0X8fBgoM7ip4AaABAg,Pingin ky yg model ky gitu.,,Tidak suka,·,3 balasan,https://yt3.ggpht.com/ytc/AIdro_nyqp29CJGqK1gA6IzX9TtqpOVwYeovoPlewJrdNudfzo8=s48-c-k-c0x00ffffff-no-rj
https://yt3.ggpht.com/ytc/AIdro_mRQLehkt2niqMO91xS89AcJJ2-hkXHsoARBUkzNe73O9w=s88-c-k-c0x00ffffff-no-rj,https://www.youtube.com/@gunawan7690,@gunawan7690,1 bulan yang lalu,https://www.youtube.com/watch?v=4Du7BszT6bQ&lc=UgylZeLWqPSACri5NzZ4AaABAg,Bahan jok motor,,Tidak suka,·,1 balasan,https://yt3.ggpht.com/ytc/AIdro_nyqp29CJGqK1gA6IzX9TtqpOVwYeovoPlewJrdNudfzo8=s48-c-k-c0x00ffffff-no-rj
https://yt3.ggpht.com/ytc/AIdro_laowbR60Lv85DaL-1gkW1CI1Ge8ed3cejEr3plrfWmaFd8UJx0FOv7bqO0B0l7qqkXLg=s88-c-k-c0x00ffffff-no-rj,https://www.youtube.com/@tatang2271,@tatang2271,1 tahun yang lalu,https://www.youtube.com/watch?v=4Du7BszT6bQ&lc=UgxCUDuprJqN8FqDt9R4AaABAg,Kualitas kulit nya bagua mn pa super nappa apa super premium,Tidak suka,,·,1 balasan,https://yt3.ggpht.com/ytc/AIdro_nyqp29CJGqK1gA6IzX9TtqpOVwYeovoPlewJrdNudfzo8=s48-c-k-c0x00ffffff-no-rj
https://yt3.ggpht.com/ytc/AIdro_lqybv1ymmQZzV-g7nROuYqYvRtqWJrzgIBL02smStPjjYqrzc547dVBcr4Ak5lP7MDAg=s88-c-k-c0x00ffffff-no-rj,https://www.youtube.com/@ocoshrus4522,@ocoshrus4522,8 bulan yang lalu,https://www.youtube.com/watch?v=4Du7BszT6bQ&lc=Ugzi4qNcMRuSo_jZMVF4AaABAg,Ada jual di Shopee?,,Tidak suka,·,1 balasan,https://yt3.ggpht.com/ytc/AIdro_nyqp29CJGqK1gA6IzX9TtqpOVwYeovoPlewJrdNudfzo8=s48-c-k-c0x00ffffff-no-rj
https://yt3.ggpht.com/m9vhusXuHpj4LPkr8BKyXCQunHtwwD1ZuVe7g8XnmSPxhTCGDuMjCqqAUatLxcxFViJoTWGq=s88-c-k-c0x00ffffff-no-rj,https://www.youtube.com/@AnakMami92,@AnakMami92,1 tahun yang lalu,https://www.youtube.com/watch?v=4Du7BszT6bQ&lc=UgzET6RHbKzAAIPC8IR4AaABAg,Cek harga bang,,Tidak suka,·,2 balasan,https://yt3.ggpht.com/ytc/AIdro_nyqp29CJGqK1gA6IzX9TtqpOVwYeovoPlewJrdNudfzo8=s48-c-k-c0x00ffffff-no-rj
