css-175oi2r_href,css-9pa8cd_src,css-1jxf684,css-1jxf684_2,css-1jxf684_3,r-4qtqp9_src_2,css-1jxf684_4,css-175oi2r_href_4,css-9pa8cd_src_2,css-175oi2r_href_5,css-1jxf684_5,css-1jxf684_6,css-1jxf684_7,css-1jxf684_8,css-1jxf684_9,css-1jxf684_10,css-1jxf684_11,css-146c3p1_href,css-146c3p1,r-1p0dtai_src,unnamed:_20,unnamed:_21,unnamed:_22,unnamed:_23,unnamed:_24,unnamed:_25,unnamed:_26,unnamed:_27,unnamed:_28
https://x.com/itsufika,https://pbs.twimg.com/profile_images/1856392971161329664/Xn2EBtJa_bigger.jpg,Pikachu,@itsufika,"In this economy‚Ä¶ nemu baso aci isian lengkap banget cuma 13k, mana packagingnya juaraa",https://abs-0.twimg.com/emoji/v2/svg/2728.svg,"Yang jumbo ada isian ayam suwir sama jando, kuahnya seger pedes asem gurih‚Äîmantep banget euy!",https://x.com/itsufika/status/1957327463954231760/photo/1,https://pbs.twimg.com/media/GynS8h-acAAGJym?format=jpg&name=small,https://x.com/itsufika/status/1957327463954231760/photo/2,1.23 PM ¬∑ 18 Agt 2025,¬∑,5.232,Tayangan,46,74,162,,,,,,,,,,,,
https://x.com/itsufika,https://pbs.twimg.com/profile_images/1856392971161329664/Xn2EBtJa_bigger.jpg,Pikachu,@itsufika,¬∑,https://abs-0.twimg.com/emoji/v2/svg/1f449.svg,Pecinta baso aci wajib coba,https://x.com/itsufika/status/1957327479854555472/photo/1,https://pbs.twimg.com/media/GynS9pUbEAA_dh7?format=jpg&name=900x900,https://x.com/itsufika/status/1957327479854555472/analytics,"Truly a hidden gem in this economy. 

belinya disini",s.shopee.co.id/5feegZKPke,https://,Endul pisan euyyy,btw di kalian dapet harga berapa guys?,11,465,https://x.com/itsufika/status/1957327479854555472,18 Agt,,,,,,,,,,
https://x.com/TrivExchange,https://pbs.twimg.com/profile_images/1561906085044244481/KfvPWb2E_bigger.jpg,Triv Exchange,@TrivExchange,Lanjutkan perjalanan investasimu di awal tahun bareng TRIV dengan Staking Crypto dan dapatkan dividen setiap hari nya !,,0:02 / 0:34,https://x.com/TrivExchange/status/1749462676840050891/analytics,,,104,60,757,5¬†jt,Dipromosikan,,,https://triv.co.id/aff/twit1?twclid=22slrsxm4bacy3nj72tabatsjx,Dari triv.co.id,blob:https://x.com/3d540e3a-44b2-4e3a-b591-3f97c75fc083,,,,,,,,,
https://x.com/oiiputcat,https://pbs.twimg.com/profile_images/1954049462739025920/0yB_5_DH_bigger.jpg,putcat’û,@oiiputcat,¬∑,,ihh mantep bgt baso aci yg gede nya ga cuma satu,https://x.com/oiiputcat/status/1957331893206098404/analytics,,,1,1,126,,,,,https://x.com/oiiputcat/status/1957331893206098404,18 Agt,,,,,,,,,,
https://x.com/itsufika,https://pbs.twimg.com/profile_images/1856392971161329664/Xn2EBtJa_bigger.jpg,Pikachu,@itsufika,¬∑,,"Ada 4 malah, yang kecil 3",,,https://x.com/itsufika/status/1957334649610625149/analytics,,,,,,1,91,https://x.com/itsufika/status/1957334649610625149,18 Agt,,,,,,,,,,
https://x.com/TrivExchange,https://pbs.twimg.com/profile_images/1561906085044244481/KfvPWb2E_bigger.jpg,Triv Exchange,@TrivExchange,Lanjutkan perjalanan investasimu di awal tahun bareng TRIV dengan Staking Crypto dan dapatkan dividen setiap hari nya !,,0:31,https://x.com/TrivExchange/status/1749462676840050891/analytics,,,104,60,757,5¬†jt,Dipromosikan,TRIV - Beli & Staking Crypto,,https://triv.co.id/aff/twit1?twclid=22slrsxm4bacy3nj72tabatsjx,Dari triv.co.id,blob:https://x.com/3d540e3a-44b2-4e3a-b591-3f97c75fc083,,,,,,,,,
https://x.com/grinndey,https://pbs.twimg.com/profile_images/1947525251094736896/Z9q2wKDU_bigger.jpg,ùôçùôñùôúùôûùôó,@grinndey,¬∑,https://abs-0.twimg.com/emoji/v2/svg/1f3a7.svg,awet brp lama ya fik? Pengen nyetok biar ga dikit2 beli,,,https://x.com/grinndey/status/1957472610280960012/analytics,,,,,,,35,https://x.com/grinndey/status/1957472610280960012,18 Agt,,,,,,,,,,
https://x.com/ayanav_,https://pbs.twimg.com/profile_images/1581167560300453889/KFyfdwaW_bigger.jpg,Aya,@ayanav_,¬∑,,Bikin penasaran pengen nyobain nih,,,https://x.com/ayanav_/status/1957502643456385188/analytics,,,,,,,27,https://x.com/ayanav_/status/1957502643456385188,19 Agt,,,,,,,,,,
https://x.com/ezteh_maniez,https://pbs.twimg.com/profile_images/1916275162686828544/O4ij0VV0_bigger.jpg,L U N A,@ezteh_maniez,¬∑,,Hmm jadi kayak gt ya kalo single,https://help.x.com/rules-and-policies/authenticity,https://abs.twimg.com/responsive-web/client-web/parody-mask.92274f0a.svg,https://x.com/ezteh_maniez/status/1957497579777978648/analytics,Akun parodi,,,,,,11,https://x.com/ezteh_maniez/status/1957497579777978648,19 Agt,,,,,,,,,,
https://x.com/dewafortunaa,https://pbs.twimg.com/profile_images/1905215374418903040/sOqAxOyw_bigger.jpg,Kang Defor,@dewafortunaa,¬∑,https://abs-0.twimg.com/emoji/v2/svg/1f1ee-1f1e9.svg,aduhh tbtb pen baso aci put,,,https://x.com/dewafortunaa/status/1957378630910403055/analytics,,,,,,,82,https://x.com/dewafortunaa/status/1957378630910403055,18 Agt,,,,,,,,,,
https://x.com/punaidaon,https://pbs.twimg.com/profile_images/1929459388462592000/6KSZbLPS_bigger.jpg,coffeemix.,@punaidaon,¬∑,,"Aku lebih suka bakso sapi, kalo aci tuh kenyal kenyal",,,https://x.com/punaidaon/status/1957374383972024359/analytics,,,,,,,22,https://x.com/punaidaon/status/1957374383972024359,18 Agt,,,,,,,,,,
https://x.com/ohygil,https://pbs.twimg.com/profile_images/1881905856868147200/ZSr2GumC_bigger.jpg,achel,@ohygil,¬∑,,buset tapi emang murah poll sih,,,https://x.com/ohygil/status/1957521034787319820/analytics,,,,,,,14,https://x.com/ohygil/status/1957521034787319820,19 Agt,,,,,,,,,,
https://x.com/alikabarbar,https://pbs.twimg.com/profile_images/1947296390771822592/ODIm0auQ_bigger.jpg,alika,@alikabarbar,¬∑,https://abs-0.twimg.com/emoji/v2/svg/1f9dc-200d-2640-fe0f.svg,Jadi pengen nyobain deh,,,https://x.com/alikabarbar/status/1957420958534578569/analytics,,,,,,,27,https://x.com/alikabarbar/status/1957420958534578569,18 Agt,,,,,,,,,,
https://x.com/premium,https://pbs.twimg.com/profile_images/1683366300054069248/67v23AEj_bigger.jpg,Premium,@premium,Enjoy the best experience on X.,,,https://x.com/premium/status/1952590396653207656/analytics,https://pbs.twimg.com/profile_images/1955359038532653056/OSHY3ewP_bigger.jpg,,1¬†rb,18¬†rb,,207¬†jt,Dipromosikan,,,https://x.com/i/premium_sign_up?tier=premium&referring_page=ad_static_generalmark&twclid=2-57ctf583lhps8bmhvxiwk8eec,Dari x.com,blob:https://x.com/9b5f227a-f838-4917-9778-53082177f7cd,,,,,,,,,
https://x.com/TrivExchange,https://pbs.twimg.com/profile_images/1561906085044244481/KfvPWb2E_bigger.jpg,Triv Exchange,@TrivExchange,Lanjutkan perjalanan investasimu di awal tahun bareng TRIV dengan Staking Crypto dan dapatkan dividen setiap hari nya !,,0:05 / 0:34,https://x.com/TrivExchange/status/1749462676840050891/analytics,,,104,60,757,5¬†jt,Dipromosikan,,,https://triv.co.id/aff/twit1?twclid=22slrsxm4bacy3nj72tabatsjx,Dari triv.co.id,blob:https://x.com/3d540e3a-44b2-4e3a-b591-3f97c75fc083,,,,,,,,,
https://x.com/sojoyus,https://pbs.twimg.com/profile_images/1941408831311142912/T2qx9u6i_bigger.jpg,cimaciiiim,@sojoyus,¬∑,,13rb murah banget yaa ternyata,https://help.x.com/rules-and-policies/authenticity,https://abs.twimg.com/responsive-web/client-web/parody-mask.92274f0a.svg,https://x.com/sojoyus/status/1957440317533389121/analytics,Akun parodi,,,,,,23,https://x.com/sojoyus/status/1957440317533389121,18 Agt,,,,,,,,,,
https://x.com/peachypuch,https://pbs.twimg.com/profile_images/1946542651890618368/4W2OpCHP_bigger.jpg,Puch,@peachypuch,¬∑,https://abs-0.twimg.com/emoji/v2/svg/1f351.svg,Tambahin telur enak tuh kak,,,https://x.com/peachypuch/status/1957469170960138616/analytics,,,,,,,10,https://x.com/peachypuch/status/1957469170960138616,18 Agt,,,,,,,,,,
https://x.com/strssovrld,https://pbs.twimg.com/profile_images/1680375028045713408/aEsV-WzC_bigger.jpg,Strssbgt,@strssovrld,¬∑,,Aku lah salah satu orang yang suka baso aci,,,https://x.com/strssovrld/status/1957498817999433788/analytics,,,,,,,24,https://x.com/strssovrld/status/1957498817999433788,19 Agt,,,,,,,,,,
https://x.com/untitled246,https://pbs.twimg.com/profile_images/1809127733852786688/yrrg6QlT_bigger.jpg,bunga hati,@untitled246,¬∑,,Yang suka baso aci harua liar,,,https://x.com/untitled246/status/1957353223507066961/analytics,,,,,,,50,https://x.com/untitled246/status/1957353223507066961,18 Agt,,,,,,,,,,
https://x.com/cxdarel,https://pbs.twimg.com/profile_images/1942934352091918336/-EWmU9--_bigger.jpg,ùêëùêÑ_,@cxdarel,¬∑,,Kok bisa murah banget sih harganya,https://help.x.com/rules-and-policies/authenticity,https://abs.twimg.com/responsive-web/client-web/parody-mask.92274f0a.svg,https://x.com/cxdarel/status/1957336413810421899/analytics,Akun parodi,,,,,,31,https://x.com/cxdarel/status/1957336413810421899,18 Agt,,,,,,,,,,
https://x.com/paracetamoods,https://pbs.twimg.com/profile_images/1825561586083495936/uppg3rS4_bigger.jpg,Paracetamoods,@paracetamoods,¬∑,,Udah lama gue ga makan ini,,,https://x.com/paracetamoods/status/1957433314975117763/analytics,,,,,,,22,https://x.com/paracetamoods/status/1957433314975117763,18 Agt,,,,,,,,,,
https://x.com/SonyPicturesID,https://pbs.twimg.com/profile_images/1783721844266487808/dWrGRJK8_bigger.jpg,Sony Pictures Indonesia,@SonyPicturesID,"Dakota Johnson sebagai Lucy bimbang, harus pilih Pedro Pascal sebagai Harry pria matang yang penuh pesona atau Chris Evans sebagai John yang bikin nyaman? Kalau kamu di posisi Lucy, pilih siapa? Saksikan Materialists di bioskop!",,0:02 / 0:15,https://x.com/SonyPicturesID/status/1956018421449285867/analytics,,,5,29,231,1¬†jt,Dipromosikan,,,https://www.youtube.com/watch?v=GHrHH_I1WFg&twclid=21ugzis189i5e2up36uf5i86v7,Dari youtube.com,blob:https://x.com/b3d0fee1-70fa-4c88-bee5-fb971c45f951,,,,,,,,,
https://x.com/txtlongtong,https://pbs.twimg.com/profile_images/1846952572227371008/5Qg4xPM4_bigger.jpg,the longtong,@txtlongtong,¬∑,,"Wow, saya jadi lapar",,,https://x.com/txtlongtong/status/1957382603037700311/analytics,,,,,,,95,https://x.com/txtlongtong/status/1957382603037700311,18 Agt,,,,,,,,,,
https://x.com/reveriekeona,https://pbs.twimg.com/profile_images/1892349223460626432/S7wyGRE1_bigger.jpg,reverie keona,@reveriekeona,¬∑,,jadi pengen mam ini aku,https://help.x.com/rules-and-policies/authenticity,https://abs.twimg.com/responsive-web/client-web/parody-mask.92274f0a.svg,https://x.com/reveriekeona/status/1957399489544917298/analytics,Akun parodi,,,,,,20,https://x.com/reveriekeona/status/1957399489544917298,18 Agt,,,,,,,,,,
https://x.com/Bersajak_id,https://pbs.twimg.com/profile_images/1563178581101928450/ZTwKWkpy_bigger.jpg,Bersajak,@Bersajak_id,¬∑,,pasti enak ya ini,,,https://x.com/Bersajak_id/status/1957496967631896685/analytics,,,,,,1,72,https://x.com/Bersajak_id/status/1957496967631896685,19 Agt,,,,,,,,,,
,,Postingan ini tidak tersedia.,Pelajari lebih lanjut,,,,,,,,,,,,,,,,,,,,,,,,,
https://x.com/randoscope,https://pbs.twimg.com/profile_images/1946785309292707840/b6PSFIRa_bigger.jpg,Random Scope,@randoscope,¬∑,,Ow like a delicious,,,https://x.com/randoscope/status/1957443292280570031/analytics,,,,,,,7,https://x.com/randoscope/status/1957443292280570031,18 Agt,,,,,,,,,,
https://x.com/cyleshy,https://pbs.twimg.com/profile_images/1937400999565754368/0CGMe6e5_bigger.jpg,ùñäùñòùñôùñä,@cyleshy,¬∑,,ih kayanya enak banget deh,,,https://x.com/cyleshy/status/1957406106394694043/analytics,,,,,,,11,https://x.com/cyleshy/status/1957406106394694043,18 Agt,,,,,,,,,,
https://x.com/_cxnoah,https://pbs.twimg.com/profile_images/1926410109699162112/LomvPJBz_bigger.jpg,ùêÇùê¢ùêö_,@_cxnoah,¬∑,https://abs-0.twimg.com/emoji/v2/svg/1f41d.svg,Enak banget mumpung lagi hujan,https://help.x.com/rules-and-policies/authenticity,https://abs.twimg.com/responsive-web/client-web/parody-mask.92274f0a.svg,https://x.com/_cxnoah/status/1957352971504877892/analytics,Akun parodi,,,,,,18,https://x.com/_cxnoah/status/1957352971504877892,18 Agt,,,,,,,,,,
https://x.com/vidio,https://pbs.twimg.com/profile_images/1611290996251426816/ees18KmA_bigger.jpg,Vidio,@vidio,"Dari drama yang bikin gemes sampai gol yang bikin teriak bareng, Berwarga, saat tontonan jadi obrolan. 

Vidio, Lebih Dari Hiburan.",,0:25,https://x.com/vidio/status/1955509097660580327/analytics,,,2,2,80,1¬†jt,Dipromosikan,Berwarga Yuk!,,https://www.vidio.com/?utm_source=marketing&utm_medium=twitter-card&utm_campaign=brandrefresh_awareness_kickoff_launch&twclid=2-14m7nw94fbjtkjf82aofym303,Dari vidio.com,blob:https://x.com/2e5047f1-f5a0-450a-aeb3-4dec1be06dba,,,,,,,,,
https://x.com/vidio,https://pbs.twimg.com/profile_images/1611290996251426816/ees18KmA_bigger.jpg,Vidio,@vidio,"Dari drama yang bikin gemes sampai gol yang bikin teriak bareng, Berwarga, saat tontonan jadi obrolan. 

Vidio, Lebih Dari Hiburan.",,0:21,https://x.com/vidio/status/1955509097660580327/analytics,,,Berwarga Yuk!,2,2,80,1¬†jt,Dipromosikan,,https://www.vidio.com/?utm_source=marketing&utm_medium=twitter-card&utm_campaign=brandrefresh_awareness_kickoff_launch&twclid=2-14m7nw94fbjtkjf82aofym303,Dari vidio.com,blob:https://x.com/2e5047f1-f5a0-450a-aeb3-4dec1be06dba,,,,,,,,,
https://x.com/vidio,https://pbs.twimg.com/profile_images/1611290996251426816/ees18KmA_bigger.jpg,Vidio,@vidio,"Dari drama yang bikin gemes sampai gol yang bikin teriak bareng, Berwarga, saat tontonan jadi obrolan. 

Vidio, Lebih Dari Hiburan.",,0:17,https://x.com/vidio/status/1955509097660580327/analytics,,,2,2,80,1¬†jt,Dipromosikan,Berwarga Yuk!,,https://www.vidio.com/?utm_source=marketing&utm_medium=twitter-card&utm_campaign=brandrefresh_awareness_kickoff_launch&twclid=2-14m7nw94fbjtkjf82aofym303,Dari vidio.com,blob:https://x.com/2e5047f1-f5a0-450a-aeb3-4dec1be06dba,,,,,,,,,
css-1jxf684,css-175oi2r href,css-9pa8cd src,css-175oi2r href 2,css-1jxf684 2,css-1jxf684 3,css-146c3p1,css-1jxf684 4,r-4qtqp9 src,css-146c3p1 href,css-1jxf684 5,css-1jxf684 6,css-1jxf684 7,r-4qtqp9 src 2,r-4qtqp9 src 3,css-175oi2r href 4,css-9pa8cd src 2,css-175oi2r href 5,css-9pa8cd src 3,css-1jxf684 8,css-1jxf684 9,css-1jxf684 10,css-146c3p1 2,css-1jxf684 14,css-1jxf684 15,css-1jxf684 16,css-175oi2r href 10,css-1jxf684 17,r-4qtqp9 src 6
Orang,,,,,,,,,,,,,,,,,,,,,,,,,,,,
Baso Aci,https://x.com/yuliastriindra,https://pbs.twimg.com/profile_images/1526632244458434560/uJ_bdDSX_bigger.jpg,https://x.com/yuliastriindra,@yuliastriindra,Ikuti,Klik untuk Ikuti yuliastriindra,Doyan banget Jajan. Tapi bercita-cita memiliki body goals seperti Anya Geraldine,https://abs-0.twimg.com/emoji/v2/svg/1f970.svg,,,,,,,,,,,,,,,,,,,,
dan | baso aci lovers,https://x.com/street4697,https://pbs.twimg.com/profile_images/1674939060819996673/vWrs-6ki_bigger.jpg,https://x.com/street4697,@street4697,Ikuti,Klik untuk Ikuti street4697,i love gy(u) dangerously,,,,,,,,,,,,,,,,,,,,,
Baso Aci,https://x.com/Basoaci2,https://pbs.twimg.com/profile_images/1108671826056482816/I4zrYGcY_bigger.jpg,https://x.com/Basoaci2,@Basoaci2,Ikuti,Klik untuk Ikuti Basoaci2,"BASO ACI, SEBLAK, CEKER, SEBRING, CUANGKI

info pemesanan?
bisa DM",,,,,,,,,,,,,,,,,,,,,
Lihat semua,https://x.com/search?q=baso%20aci&src=typed_query&f=user,,,,,,,,,,,,,,,,,,,,,,,,,,,
N…ëth…ëlie.,https://x.com/realicstic,https://pbs.twimg.com/profile_images/1957405240594173953/wwjGr-Pr_bigger.png,https://x.com/realicstic,@realicstic,¬∑,19 Agt,Thanks Indonesia for blessing us with SEBLAK and,https://abs-0.twimg.com/emoji/v2/svg/1f970.svg,https://x.com/realicstic/status/1957653043186733287,BASO,ACI,.,https://abs-0.twimg.com/emoji/v2/svg/1f970.svg,https://abs-0.twimg.com/emoji/v2/svg/1f970.svg,https://x.com/realicstic/status/1957653043186733287/photo/1,https://pbs.twimg.com/media/Gyr7EDUacAMSrii?format=jpg&name=900x900,https://x.com/realicstic/status/1957653043186733287/photo/2,https://pbs.twimg.com/media/Gyr7EDTasAAmZ6S?format=jpg&name=900x900,Kutipan,Txt dari Kuliner,@txtdrkuliner,18 Agt,2,6,11,https://x.com/realicstic/status/1957653043186733287/analytics,3¬†rb,
Pikachu,https://x.com/itsufika,https://pbs.twimg.com/profile_images/1856392971161329664/Xn2EBtJa_bigger.jpg,https://x.com/itsufika,@itsufika,¬∑,18 Agt,In this economy‚Ä¶ nemu,https://abs-0.twimg.com/emoji/v2/svg/1f62d.svg,https://x.com/itsufika/status/1957327463954231760,baso,aci,"isian lengkap banget cuma 13k, mana packagingnya juaraa",https://abs-0.twimg.com/emoji/v2/svg/2728.svg,https://abs-0.twimg.com/emoji/v2/svg/1f525.svg,https://x.com/itsufika/status/1957327463954231760/photo/1,https://pbs.twimg.com/media/GynS8h-acAAGJym?format=jpg&name=small,https://x.com/itsufika/status/1957327463954231760/photo/2,https://pbs.twimg.com/media/GynS8iJboAAS0lO?format=jpg&name=small,"Yang jumbo ada isian ayam suwir sama jando, kuahnya seger pedes asem gurih‚Äîmantep banget euy!",,,,46,74,162,https://x.com/itsufika/status/1957327463954231760/analytics,5¬†rb,
Dew,https://x.com/hotdeestuffs,https://pbs.twimg.com/profile_images/1938819670775341058/3f3eWevY_bigger.jpg,https://x.com/hotdeestuffs,@hotdeestuffs,¬∑,1 Agt,,https://abs-0.twimg.com/emoji/v2/svg/1f924.svg,https://x.com/hotdeestuffs/status/1951262521752690988,Baso,aci,ter-ENAK yang selalu aku repurchase:,,,https://x.com/hotdeestuffs/status/1951262521752690988/photo/1,https://pbs.twimg.com/media/GxRG6AVaIAYylGK?format=jpg&name=small,https://x.com/hotdeestuffs/status/1951262521752690988/photo/2,https://pbs.twimg.com/media/GxRG6AaacAAUAeV?format=jpg&name=small,Jomblo kuah taichan,Baso,Aci,,1,4,,https://x.com/hotdeestuffs/status/1951262521752690988/analytics,464,
shortcake,https://x.com/yangbiiii,https://pbs.twimg.com/profile_images/1957403258387120128/2DLHGrt9_bigger.jpg,https://x.com/yangbiiii,@yangbiiii,¬∑,5 Agt,C0bain,,https://x.com/yangbiiii/status/1952662962369421600,baso,aci,beli ditok2,,,https://x.com/yangbiiii/status/1952662962369421600/photo/1,https://pbs.twimg.com/media/GxlAj9jagAANGlz?format=jpg&name=small,https://x.com/yangbiiii/status/1952662962369421600/photo/2,https://pbs.twimg.com/media/GxlAkaibAAAF5ET?format=jpg&name=small,,,,,3,5,,https://x.com/yangbiiii/status/1952662962369421600/analytics,222,
JUAL BASO ACI KHAS GARUT,https://x.com/ngenyanginbyer,https://pbs.twimg.com/profile_images/1892177185588563968/cBDXk73z_bigger.jpg,https://x.com/ngenyanginbyer,@ngenyanginbyer,¬∑,7 Agt,"hai temen temen X 

udah pada cobain",https://abs-0.twimg.com/emoji/v2/svg/1f92d.svg,https://x.com/ngenyanginbyer/status/1953411199884009582,baso,aci,khas garut belum? disini aku jual yaaa cuman 11rb aja lhoo!,https://abs-0.twimg.com/emoji/v2/svg/1f606.svg,https://abs-0.twimg.com/emoji/v2/svg/1f917.svg,https://x.com/ngenyanginbyer/status/1953411199884009582/photo/1,https://pbs.twimg.com/media/GxvpIQFaUAALufs?format=jpg&name=small,https://x.com/ngenyanginbyer/status/1953411199884009582/photo/2,https://pbs.twimg.com/media/GxvpIitbkAARxKz?format=jpg&name=900x900,"bisa kirim ke luar kota lhoo, gratis ongkirrr juga lewat syopi",komunitas murah-murah,,,1,,,https://x.com/ngenyanginbyer/status/1953411199884009582/analytics,97,
mi ‚™©‚™®,https://x.com/intrped,https://pbs.twimg.com/profile_images/1958066369381138432/vb8n91P__bigger.jpg,https://x.com/intrped,@intrped,¬∑,21j,urat dan,https://abs-0.twimg.com/emoji/v2/svg/1f91d-1f3fb.svg,https://x.com/intrped/status/1958066822487343162,baso,baso,again,https://abs-0.twimg.com/emoji/v2/svg/1f497.svg,,https://x.com/intrped/status/1958066822487343162/photo/1,https://pbs.twimg.com/media/GyxzZKFacAIOlBh?format=jpg&name=900x900,,,#fattzar,aci,#fattrose,,18,,,https://x.com/intrped/status/1958066822487343162/analytics,559,
komunitas murah-murah,https://x.com/ngenyanginbyer,https://pbs.twimg.com/profile_images/1892177185588563968/cBDXk73z_bigger.jpg,https://x.com/ngenyanginbyer,JUAL BASO ACI KHAS GARUT,@ngenyanginbyer,7 Agt,¬∑,https://abs-0.twimg.com/emoji/v2/svg/1f92d.svg,https://x.com/i/communities/1771067849236512927,"hai temen temen X 

udah pada cobain",baso,aci,https://abs-0.twimg.com/emoji/v2/svg/1f606.svg,https://abs-0.twimg.com/emoji/v2/svg/1f917.svg,https://x.com/ngenyanginbyer/status/1953411199884009582/photo/1,https://pbs.twimg.com/media/GxvpIQFaUAALufs?format=jpg&name=small,https://x.com/ngenyanginbyer/status/1953411199884009582/photo/2,https://pbs.twimg.com/media/GxvpIitbkAARxKz?format=jpg&name=900x900,khas garut belum? disini aku jual yaaa cuman 11rb aja lhoo!,"bisa kirim ke luar kota lhoo, gratis ongkirrr juga lewat syopi",jajan yu,,,,,,,
santoz pati,https://x.com/Ngethuwel1,https://pbs.twimg.com/profile_images/1705798841180786688/DfmzFm6N_bigger.jpg,https://x.com/Ngethuwel1,@Ngethuwel1,¬∑,1j,"Assalamualaikum 
Bismillahirrahmanirrahim",,https://x.com/Ngethuwel1/status/1958374971941724484,Baso,aci,,,,https://x.com/Ngethuwel1/status/1958374971941724484/photo/1,https://pbs.twimg.com/media/Gy2LqGQb0AAA6Xs?format=jpg&name=900x900,,,,,,,,,,https://x.com/Ngethuwel1/status/1958374971941724484/analytics,2,
sar ‚òÜ,https://x.com/fiorettalgi,https://pbs.twimg.com/profile_images/1916364290426343459/i59tMnPO_bigger.jpg,https://x.com/fiorettalgi,@fiorettalgi,¬∑,16 Agt,,https://abs-0.twimg.com/emoji/v2/svg/1f62d.svg,https://x.com/fiorettalgi/status/1956587911601901870,baso,aci,yg kusuka skrg ada kejunya,https://abs-0.twimg.com/emoji/v2/svg/2764.svg,https://abs-0.twimg.com/emoji/v2/svg/2764.svg,https://help.x.com/rules-and-policies/authenticity,https://abs.twimg.com/responsive-web/client-web/parody-mask.92274f0a.svg,https://x.com/fiorettalgi/status/1956587911601901870/photo/1,https://pbs.twimg.com/media/GycyVitbwAATq81?format=jpg&name=medium,,,,,4,4,,https://x.com/fiorettalgi/status/1956587911601901870/analytics,166,
GUIS,https://x.com/FOOD_FESS,https://pbs.twimg.com/profile_images/1475459335706726401/hqyNcS9F_bigger.jpg,https://x.com/FOOD_FESS,@FOOD_FESS,¬∑,6 Agt,,https://abs-0.twimg.com/emoji/v2/svg/1f924.svg,https://x.com/FOOD_FESS/status/1953045919047303362,baso,aci,"khas garut 11rb an aja, gratong ke luar kota via tokren! guis",https://abs-0.twimg.com/emoji/v2/svg/1f4cd.svg,,https://x.com/FOOD_FESS/status/1953045919047303362/photo/1,https://pbs.twimg.com/media/Gxqc6bRWMAAzVjF?format=jpg&name=900x900,,,garut,,Otomatis,,1,2,23,https://x.com/FOOD_FESS/status/1953045919047303362/analytics,6¬†rb,
gendhis,https://x.com/amusendhis,https://pbs.twimg.com/profile_images/1947312952048033792/akC7HNsZ_bigger.jpg,https://x.com/amusendhis,@amusendhis,¬∑,11 Agt,jkt ujan trs makan,,https://x.com/amusendhis/status/1954886232867250252,baso,aci,enak bgt,,,,,https://x.com/amusendhis/status/1954886232867250252/photo/1,https://pbs.twimg.com/media/GyEmoTRaIAAwC2A?format=jpg&name=900x900,,,,,21,14,,https://x.com/amusendhis/status/1954886232867250252/analytics,1¬†rb,https://abs-0.twimg.com/emoji/v2/svg/1fab7.svg
Caramelmachiato,https://x.com/sweeeztie,https://pbs.twimg.com/profile_images/1952383132185030656/7rtk9VNc_bigger.jpg,https://x.com/sweeeztie,@sweeeztie,¬∑,8 Agt,Besttt,https://abs-0.twimg.com/emoji/v2/svg/1f60d.svg,https://x.com/sweeeztie/status/1953766822878360050,baso,aci,galaxy,https://abs-0.twimg.com/emoji/v2/svg/1f60d.svg,,,,https://x.com/sweeeztie/status/1953766822878360050/photo/1,https://pbs.twimg.com/media/Gx0skJ-bsAUBpCL?format=jpg&name=900x900,,,,,6,8,,https://x.com/sweeeztie/status/1953766822878360050/analytics,319,
ùöïùö¢ùöïùöíùöü,https://x.com/fallinflowelily,https://pbs.twimg.com/profile_images/1730805993779671040/OchJ6j4R_bigger.jpg,https://x.com/fallinflowelily,@fallinflowelily,¬∑,12 Agt,,https://abs-0.twimg.com/emoji/v2/svg/1f924.svg,https://x.com/fallinflowelily/status/1955250909824553234,baso,aci,dilu gaksiiie,,,https://x.com/fallinflowelily/status/1955250909824553234/photo/1,https://pbs.twimg.com/media/GyJyVSGWUAAFlL5?format=jpg&name=900x900,https://x.com/fallinflowelily/status/1955250909824553234/photo/2,https://pbs.twimg.com/media/GyJyVSMXQAEBTL3?format=jpg&name=900x900,,,,,5,4,,https://x.com/fallinflowelily/status/1955250909824553234/analytics,309,
baso aci stroberi,https://x.com/ddalgimilk_,https://pbs.twimg.com/profile_images/1704054739162497024/4_XjHSF1_bigger.jpg,https://x.com/ddalgimilk_,@ddalgimilk_,¬∑,10 Agt,well spent sunday dengan 2 bocah ini,https://abs-0.twimg.com/emoji/v2/svg/1f353.svg,https://x.com/ddalgimilk_/status/1954529624765182383,@nohyuuuuuck,,,,,,,https://x.com/ddalgimilk_/status/1954529624765182383/photo/1,https://pbs.twimg.com/media/Gx_iSY-bUAAzK7p?format=jpg&name=900x900,,@eggcikinroll,,,1,3,7,https://x.com/ddalgimilk_/status/1954529624765182383/analytics,1¬†rb,https://abs-0.twimg.com/emoji/v2/svg/1f95b.svg
Yanto Tegek,https://x.com/sudahvaksinasi,https://pbs.twimg.com/profile_images/1942328786227453952/_DFc7QdJ_bigger.jpg,https://x.com/sudahvaksinasi,@sudahvaksinasi,¬∑,15 Agt,Buat man teman para pecinta,https://abs-0.twimg.com/emoji/v2/svg/1f929.svg,https://x.com/sudahvaksinasi/status/1956275984983810235,baso,aci,", nih tak kasih rekomendasi enak! Rasa asin, gurih, pedesnya balance. Disetiap ciloknya ada isian tulang rangu, dan topping2nya kyk cuanki tahu, siomay & lidah enak. Berminat? Langsung cus order ke temanku",https://abs-0.twimg.com/emoji/v2/svg/1f924.svg,,,,https://x.com/sudahvaksinasi/status/1956275984983810235/photo/1,https://pbs.twimg.com/media/GyYWow_agAAIUAv?format=jpg&name=900x900,ya. Wajib nyoba!,@kentangorenx,,,1,2,,https://x.com/sudahvaksinasi/status/1956275984983810235/analytics,291,
Baso Aci,https://x.com/yuliastriindra,https://pbs.twimg.com/profile_images/1526632244458434560/uJ_bdDSX_bigger.jpg,https://x.com/yuliastriindra,@yuliastriindra,¬∑,9 Mei 2022,"nemu di snapgram temenku, jodoh orang cakep bgt si herannn",https://abs-0.twimg.com/emoji/v2/svg/1f62d.svg,https://x.com/yuliastriindra/status/1523649422714114051,,,,,,https://x.com/yuliastriindra/status/1523649422714114051/photo/1,https://pbs.twimg.com/media/FSUXEPoaAAAtwo9?format=jpg&name=900x900,https://x.com/yuliastriindra/status/1523649422714114051/photo/2,https://pbs.twimg.com/media/FSUXEoaaMAAouF0?format=jpg&name=900x900,,@refalhady,,,240,761,4¬†rb,https://x.com/yuliastriindra/status/1523649422714114051/analytics,,
sil êöÅ,https://x.com/yawnsils,https://pbs.twimg.com/profile_images/1948309906123067392/S-1ra-0q_bigger.jpg,https://x.com/yawnsils,@yawnsils,¬∑,18 Agt,ini salah angle apa gmn? sungjin bulet banget kek,,https://x.com/yawnsils/status/1957305511160021501,baso,aci,wkwkwk,,,,,,,,0:01 / 0:42,,Dari,10,3,35,https://x.com/yawnsils/status/1957305511160021501/analytics,1¬†rb,
Brawijaya Menfess,https://x.com/yubifess,https://pbs.twimg.com/profile_images/1947289524062814208/qh5l_Puz_bigger.jpg,https://x.com/yubifess,@yubifess,¬∑,18 Agt,braw! siapa yg mau beli,https://abs-0.twimg.com/emoji/v2/svg/1f44a.svg,https://x.com/yubifess/status/1957355768023294447,baso,,aciii? 5k per bungkus yaa. bisa dianter sampe depan kost. beli 3 gratis ongkir. beli di bawah 3 kena ongkir 1-3k an aja ya. yg mau rep aja. nanti sender dm in hehe,https://abs-0.twimg.com/emoji/v2/svg/1f60b.svg,,https://x.com/yubifess/status/1957355768023294447/photo/1,https://pbs.twimg.com/media/GynssqaWsAApqNf?format=jpg&name=900x900,,,,,,,30,1,32,https://x.com/yubifess/status/1957355768023294447/analytics,5¬†rb,
baso aci tiga ribu,https://x.com/basoaci3ribu,https://pbs.twimg.com/profile_images/1833812148310679552/XOEHGsFF_bigger.jpg,https://x.com/basoaci3ribu,@basoaci3ribu,¬∑,19 Agt,,,https://x.com/basoaci3ribu/status/1957768933324271657,,,,,,,,https://x.com/basoaci3ribu/status/1957768933324271657/photo/1,https://pbs.twimg.com/media/Gytkdm4acAIdjkV?format=jpg&name=medium,,,,,2,27,,https://x.com/basoaci3ribu/status/1957768933324271657/analytics,1¬†rb,
GUIS,https://x.com/FOOD_FESS,https://pbs.twimg.com/profile_images/1475459335706726401/hqyNcS9F_bigger.jpg,https://x.com/FOOD_FESS,@FOOD_FESS,¬∑,14 Agt,guis siapa yang belum coba,https://abs-0.twimg.com/emoji/v2/svg/1f924.svg,https://x.com/FOOD_FESS/status/1955958866929168722,baso,aci,khas garuttt? isinya ada jando sm ayamm! 11rb an azzaa,https://abs-0.twimg.com/emoji/v2/svg/1f606.svg,https://abs-0.twimg.com/emoji/v2/svg/1f4cd.svg,https://x.com/FOOD_FESS/status/1955958866929168722/photo/1,https://pbs.twimg.com/media/GyT2ONyWEAIJLb6?format=jpg&name=900x900,,,gratong ke luar kota via tokren! bisa nyebrang pulau juga,,Otomatis,,6,3,11,https://x.com/FOOD_FESS/status/1955958866929168722/analytics,5¬†rb,
nindy,https://x.com/wnisekai,https://pbs.twimg.com/profile_images/1917024272721317888/1_KfICZp_bigger.jpg,https://x.com/wnisekai,@wnisekai,¬∑,8 Agt,yg paling sering aku repurchase berkali-kali‚Ä¶,https://abs-0.twimg.com/emoji/v2/svg/2728.svg,https://x.com/wnisekai/status/1953762171713675364,baso,aci,sami raos,https://abs-0.twimg.com/emoji/v2/svg/2728.svg,https://abs-0.twimg.com/emoji/v2/svg/1f517.svg,https://x.com/wnisekai/status/1953762171713675364/photo/1,https://pbs.twimg.com/media/Gx0oUmNbsAALPKh?format=jpg&name=small,https://x.com/wnisekai/status/1953762171713675364/photo/2,https://pbs.twimg.com/media/Gx0oUmQbsAMQ7Is?format=jpg&name=small,geprek,baso,aci,Membalas,2,3,8,https://x.com/wnisekai/status/1953762171713675364/analytics,804,
fir.,https://x.com/inseupirits,https://pbs.twimg.com/profile_images/1939243969948389376/BEr2iOCY_bigger.jpg,https://x.com/inseupirits,@inseupirits,¬∑,20 Okt 2018,THREAD MEMBUAT,,https://x.com/inseupirits/status/1053587445218861056,BASO,ACI,DENGAN CEPAT DAN MUDAH,,,,,https://x.com/inseupirits/status/1053587445218861056/photo/1,https://pbs.twimg.com/media/Dp8YKjOU8AA3UA4?format=jpg&name=900x900,,,,,2,211,1¬†rb,https://x.com/inseupirits/status/1053587445218861056/analytics,,
Thread Shopee,https://x.com/threadshopee,https://pbs.twimg.com/profile_images/1440835097020665856/_egDSmDJ_bigger.jpg,https://x.com/threadshopee,@threadshopee,¬∑,31-Jan-21,,,https://x.com/threadshopee/status/1355706531442921474,Baso,aci,"geprek
Harga: 13.000 - 18.500
Link:",,,https://x.com/threadshopee/status/1355706531442921474/photo/1,https://pbs.twimg.com/media/EtBv5SFVoAYrEvR?format=jpg&name=small,https://x.com/threadshopee/status/1355706531442921474/photo/2,https://pbs.twimg.com/media/EtBv5fBVEAMTs3W?format=jpg&name=small,,,,Membalas,3,70,423,https://x.com/threadshopee/status/1355706531442921474/analytics,,https://abs-0.twimg.com/emoji/v2/svg/2728.svg
nay,https://x.com/eacchiel,https://pbs.twimg.com/profile_images/1938466034035658753/1WOU3mog_bigger.jpg,https://x.com/eacchiel,@eacchiel,¬∑,20-Jun,"bener banget kak, untung di domku ada yang jualan",https://abs-0.twimg.com/emoji/v2/svg/1f97a.svg,https://x.com/eacchiel/status/1935844250375405785,baso,aci,.  ini totalnya 12k dapet,,,https://help.x.com/rules-and-policies/authenticity,https://abs.twimg.com/responsive-web/client-web/parody-mask.92274f0a.svg,https://x.com/eacchiel/status/1935844250375405785/photo/1,https://pbs.twimg.com/media/Gt2AFhvbwAADV6d?format=jpg&name=900x900,JIMIN IS BACK,baso,aci,Membalas,7,1,235,https://x.com/eacchiel/status/1935844250375405785/analytics,33¬†rb,https://abs-0.twimg.com/emoji/v2/svg/1f98b.svg
Riyan || Mumet Ver.,https://x.com/eseojoon,https://pbs.twimg.com/profile_images/1875173455869685760/bcHBtS1V_bigger.jpg,https://x.com/eseojoon,@eseojoon,¬∑,9 Agt,"BELI JUALAN GUE! 
Kalo lo pada liat di grup ub mager promosi ini. itu gue‚Ä¶. basreng",,https://x.com/eseojoon/status/1953913154754510942,baso,aci,5 rebuan doang,,,https://x.com/eseojoon/status/1953913154754510942/photo/1,https://pbs.twimg.com/media/Gx2xpx1bsAUDD9C?format=jpg&name=900x900,https://x.com/eseojoon/status/1953913154754510942/photo/2,https://pbs.twimg.com/media/Gx2xpx2bsAQtvJw?format=jpg&name=small,,,,,3,1,,https://x.com/eseojoon/status/1953913154754510942/analytics,964,
BASE ON.,https://x.com/nctzenbase,https://pbs.twimg.com/profile_images/1377637072077393928/mjovA1q5_bigger.jpg,https://x.com/nctzenbase,@nctzenbase,¬∑,3-Sep-23,2,https://abs-0.twimg.com/emoji/v2/svg/1faf6.svg,https://x.com/nctzenbase/status/1698251650727903581,baso,aci,vs,https://abs-0.twimg.com/emoji/v2/svg/1f91b-1f3fb.svg,https://abs-0.twimg.com/emoji/v2/svg/1f973.svg,https://x.com/nctzenbase/status/1698251650727903581/photo/1,https://pbs.twimg.com/media/F5Fm39TacAAFee4?format=jpg&name=900x900,,,urat,baso,Otomatis,,8,27,309,https://x.com/nctzenbase/status/1698251650727903581/analytics,8¬†rb,
Riva,https://x.com/skyecloudys,https://pbs.twimg.com/profile_images/1908326935358545920/HBBxgL7x_bigger.jpg,https://x.com/skyecloudys,@skyecloudys,¬∑,5 Agt,BINGUBG BGT MAU MAKAN CIMOL BOJOT,https://abs-0.twimg.com/emoji/v2/svg/1f62d.svg,https://x.com/skyecloudys/status/1952745223576080598,BASO,ACI,APA CILOK GOANG,https://abs-0.twimg.com/emoji/v2/svg/1f62d.svg,https://abs-0.twimg.com/emoji/v2/svg/1f62d.svg,,https://pbs.twimg.com/ext_tw_video_thumb/1952745125886746625/pu/img/EQo3zWd-3xgu2SbM.jpg,,,,,,,3,42,253,https://x.com/skyecloudys/status/1952745223576080598/analytics,572,https://abs-0.twimg.com/emoji/v2/svg/1f62d.svg
raey Àö,https://x.com/tyubin_nie,https://pbs.twimg.com/profile_images/1917705929933639680/aSYYM-vT_bigger.jpg,https://x.com/tyubin_nie,@tyubin_nie,¬∑,4 Agt,guyss mwu,,https://x.com/tyubin_nie/status/1952332103917740329,baso,aci,?,,,https://help.x.com/rules-and-policies/authenticity,https://abs.twimg.com/responsive-web/client-web/parody-mask.92274f0a.svg,https://x.com/tyubin_nie/status/1952332103917740329/photo/1,https://pbs.twimg.com/media/GxgTsf_aYAAs7PK?format=jpg&name=900x900,,,,,32,,,https://x.com/tyubin_nie/status/1952332103917740329/analytics,932,https://abs-0.twimg.com/emoji/v2/svg/1f433.svg
Riva,https://x.com/skyecloudys,https://pbs.twimg.com/profile_images/1908326935358545920/HBBxgL7x_bigger.jpg,https://x.com/skyecloudys,@skyecloudys,¬∑,5 Agt,BINGUBG BGT MAU MAKAN CIMOL BOJOT,https://abs-0.twimg.com/emoji/v2/svg/1f62d.svg,https://x.com/skyecloudys/status/1952745223576080598,BASO,ACI,APA CILOK GOANG,https://abs-0.twimg.com/emoji/v2/svg/1f62d.svg,https://abs-0.twimg.com/emoji/v2/svg/1f62d.svg,,,,,,0:19,,,3,42,253,https://x.com/skyecloudys/status/1952745223576080598/analytics,572,https://abs-0.twimg.com/emoji/v2/svg/1f62d.svg
Basani SA,https://x.com/BasaniSA,https://pbs.twimg.com/profile_images/1830576748494266368/eV09zA_v_bigger.jpg,https://x.com/BasaniSA,@BasaniSA,¬∑,13-Nov-23,Nuestro,https://abs-0.twimg.com/emoji/v2/svg/1f60d.svg,https://x.com/BasaniSA/status/1723851309822943368,,,ma√±ana volviendo a casa en Aldo Bonzi,https://abs-0.twimg.com/emoji/v2/svg/1f498.svg,https://abs-0.twimg.com/emoji/v2/svg/2728.svg,,,https://x.com/BasaniSA/status/1723851309822943368/photo/1,https://pbs.twimg.com/media/F-xZn6aXkAA2EOt?format=jpg&name=medium,#Basani,,,,46,1¬†rb,17¬†rb,https://x.com/BasaniSA/status/1723851309822943368/analytics,594¬†rb,
tarara,https://x.com/intaeractiv,https://pbs.twimg.com/profile_images/1954517127865786368/ulptPVB2_bigger.jpg,https://x.com/intaeractiv,@intaeractiv,¬∑,15 Agt,Ini,https://abs-0.twimg.com/emoji/v2/svg/1f62d.svg,https://x.com/intaeractiv/status/1956374947800187164,baso,aci,apa batu anjg keras bgt,https://abs-0.twimg.com/emoji/v2/svg/1f62d.svg,https://abs-0.twimg.com/emoji/v2/svg/1f62d.svg,,,https://x.com/intaeractiv/status/1956374947800187164/photo/1,https://pbs.twimg.com/media/GyZwo6ha0AA_psg?format=jpg&name=900x900,,,,,2,,,https://x.com/intaeractiv/status/1956374947800187164/analytics,88,
arga,https://x.com/rubyodrigo,https://pbs.twimg.com/profile_images/1957753118109962240/DDhTn2QH_bigger.jpg,https://x.com/rubyodrigo,@rubyodrigo,¬∑,30-Jul,enjoying my coffee and,,https://x.com/rubyodrigo/status/1950464525632954679,baso,aci,is,,,,,,,#now,GIF,,,2,9,,https://x.com/rubyodrigo/status/1950464525632954679/analytics,654,
Baso Aci,https://x.com/yuliastriindra,https://pbs.twimg.com/profile_images/1526632244458434560/uJ_bdDSX_bigger.jpg,https://x.com/yuliastriindra,@yuliastriindra,¬∑,18mnt,Mohon izin melaporkan PR nih untuk POLRI.,https://abs-0.twimg.com/emoji/v2/svg/1f602.svg,https://x.com/yuliastriindra/status/1958387405960233146,@ListyoSigitP,,"Saya dijadikan umpan untuk salah 2 misi 1. Khusus, 1 umum. Umpan malah terluka. Karena target melakukan perlawanan. Ganti plan A ke plan-plan pak supir",https://abs-0.twimg.com/emoji/v2/svg/1f92a.svg,https://abs-0.twimg.com/emoji/v2/svg/1faf5-1f3fb.svg,https://x.com/yuliastriindra/status/1958387405960233146/photo/1,https://pbs.twimg.com/media/Gy2W8bpbwAAFbWH?format=jpg&name=small,https://x.com/yuliastriindra/status/1958387405960233146/photo/2,https://pbs.twimg.com/media/Gy2W8bybMAAPMjP?format=jpg&name=small,,@DivHumas_Polri,,,,,,https://x.com/yuliastriindra/status/1958387405960233146/analytics,3,
ùëÖùí∂ùìÉ,https://x.com/inihairan,https://pbs.twimg.com/profile_images/1953756936358539264/0XxYqDA7_bigger.jpg,https://x.com/inihairan,@inihairan,¬∑,14 Agt,SPILL LINK BELI >>,https://abs-0.twimg.com/emoji/v2/svg/1f516.svg,https://x.com/inihairan/status/1955910191037473005,baso,aci,dimsum,https://abs-0.twimg.com/emoji/v2/svg/1f516.svg,https://abs-0.twimg.com/emoji/v2/svg/1f516.svg,https://x.com/inihairan/status/1955910191037473005/photo/1,https://pbs.twimg.com/media/GyTJ8Zua4AAm0FX?format=jpg&name=small,https://x.com/inihairan/status/1955910191037473005/photo/2,https://pbs.twimg.com/media/GyTJ8Zza4AkIvMe?format=jpg&name=small,brownies,s.shopee.co.id/1Vn42Ic4Jh,http://,Membalas,1,1,6,https://x.com/inihairan/status/1955910191037473005/analytics,825,https://abs-0.twimg.com/emoji/v2/svg/1f36c.svg
Mik Ijo Asahi,https://x.com/teubeeee,https://pbs.twimg.com/profile_images/1952315861722906625/VvYCV06f_bigger.jpg,https://x.com/teubeeee,@teubeeee,¬∑,20mnt,,https://abs-0.twimg.com/emoji/v2/svg/2764-fe0f-200d-1f525.svg,https://x.com/teubeeee/status/1958386831172751693,Baso,aci,gais,,,,,https://x.com/teubeeee/status/1958386831172751693/photo/1,https://pbs.twimg.com/media/Gy2WcMsbIAAgKnF?format=jpg&name=900x900,,,,,1,,,https://x.com/teubeeee/status/1958386831172751693/analytics,11,https://abs-0.twimg.com/emoji/v2/svg/2764-fe0f-200d-1f525.svg
Pikachu,https://x.com/itsufika,https://pbs.twimg.com/profile_images/1856392971161329664/Xn2EBtJa_bigger.jpg,https://x.com/itsufika,@itsufika,¬∑,18 Agt,Pecinta,https://abs-0.twimg.com/emoji/v2/svg/1f4af.svg,https://x.com/itsufika/status/1957327479854555472,baso,aci,wajib coba,https://abs-0.twimg.com/emoji/v2/svg/1f449.svg,https://abs-0.twimg.com/emoji/v2/svg/1f924.svg,https://x.com/itsufika/status/1957327479854555472/photo/1,https://pbs.twimg.com/media/GynS9pUbEAA_dh7?format=jpg&name=900x900,,,"Truly a hidden gem in this economy. 

belinya disini",,,Membalas,11,,,https://x.com/itsufika/status/1957327479854555472/analytics,466,
POLINES MENFESS,https://x.com/Polinesmnfs,https://pbs.twimg.com/profile_images/1649379886732316673/7znQlYfv_bigger.jpg,https://x.com/Polinesmnfs,@Polinesmnfs,¬∑,30-Jul,"-plns ready indomie, pancake durian roll,",https://abs-0.twimg.com/emoji/v2/svg/1f973.svg,https://x.com/Polinesmnfs/status/1950398528800641478,baso,aci,ayam suwir jumbo hari ini free deliv area tembalang,,,https://x.com/Polinesmnfs/status/1950398528800641478/photo/1,https://pbs.twimg.com/media/GxE1DICa0AAToTi?format=jpg&name=small,https://x.com/Polinesmnfs/status/1950398528800641478/photo/2,https://pbs.twimg.com/media/GxE1FBpbYAABi5l?format=jpg&name=small,,,,,,,,https://x.com/Polinesmnfs/status/1950398528800641478/analytics,1¬†rb,https://abs-0.twimg.com/emoji/v2/svg/1f4cc.svg
Unesa Menfess,https://x.com/unesa_fess,https://pbs.twimg.com/profile_images/1830136269843861504/gbzUYfIc_bigger.jpg,https://x.com/unesa_fess,@unesa_fess,¬∑,21j,klo aku open po,https://abs-0.twimg.com/emoji/v2/svg/1f90f.svg,https://x.com/unesa_fess/status/1958065989611823249,baso,aci,5k an pada mau gak rek! kira kira,,,,,https://x.com/unesa_fess/status/1958065989611823249/photo/1,https://pbs.twimg.com/media/Gyxyo-tX0AAajxA?format=jpg&name=900x900,,,,,3,,,https://x.com/unesa_fess/status/1958065989611823249/analytics,828,
baso aci tiga ribu,https://x.com/basoaci3ribu,https://pbs.twimg.com/profile_images/1833812148310679552/XOEHGsFF_bigger.jpg,https://x.com/basoaci3ribu,@basoaci3ribu,¬∑,14j,pake beginian ke bawah ((mau ambil kopi)) malah ketemu DOKTER IGD WICIS DOKTER ISIP COWO ya allah malu....,,https://x.com/basoaci3ribu/status/1958174762922094986,,,,,,,,https://x.com/basoaci3ribu/status/1958174762922094986/photo/1,https://pbs.twimg.com/media/GyzVkOgb0AA_VMZ?format=jpg&name=medium,,,,,3,,,https://x.com/basoaci3ribu/status/1958174762922094986/analytics,144,
ùëÖùí∂ùìÉ,https://x.com/inihairan,https://pbs.twimg.com/profile_images/1953756936358539264/0XxYqDA7_bigger.jpg,https://x.com/inihairan,@inihairan,¬∑,14 Agt,‚Äî,https://abs-0.twimg.com/emoji/v2/svg/1f352.svg,https://x.com/inihairan/status/1955911486897054096,BASO,ACI,KEJU,,,https://x.com/inihairan/status/1955911486897054096/photo/1,https://pbs.twimg.com/media/GyTLIBha4AMZr7c?format=jpg&name=small,https://x.com/inihairan/status/1955911486897054096/photo/2,https://pbs.twimg.com/media/GyTLIBna4AMqnCr?format=jpg&name=small,,,,Membalas,1,1,6,https://x.com/inihairan/status/1955911486897054096/analytics,502,https://abs-0.twimg.com/emoji/v2/svg/1f36c.svg
baso aci tiga ribu,https://x.com/basoaci3ribu,https://pbs.twimg.com/profile_images/1833812148310679552/XOEHGsFF_bigger.jpg,https://x.com/basoaci3ribu,@basoaci3ribu,¬∑,6 Agt,masker ini di dlm ak ksi minyak telon + dobel masker pke masker yg dipake pasien TB it ttp MASUK BAUNYA,,https://x.com/basoaci3ribu/status/1953023059633541177,,,,,,,,https://x.com/basoaci3ribu/status/1953023059633541177/photo/1,https://pbs.twimg.com/media/GxqIHrda0AAbuqf?format=jpg&name=medium,,,,,1,9,,https://x.com/basoaci3ribu/status/1953023059633541177/analytics,406,
SissiEmperatriz,https://x.com/GabyLob,https://pbs.twimg.com/profile_images/1718184441288298496/q3xpHz53_bigger.jpg,https://x.com/GabyLob,@GabyLob,¬∑,27-Jan,"Averig√ºen qu√© es el Bacha Bazi y quienes lo practican‚Ä¶

Bueno, los ayudo:

(‚Ä¶) es un t√©rmino en jerga past√∫n que se refiere al sexo entre hombres mayores y bailarines varones adolescentes y prep√∫beres en Afganist√°n. En este acto, los bailarines, tambi√©n llamados ni√±os danzantes",,https://x.com/GabyLob/status/1883812487117644019,Tampilkan lebih banyak,,,,,,https://pbs.twimg.com/amplify_video_thumb/1883812427432697856/img/Yme1FefKInwFwx7A.jpg,,,,,,,467,1¬†rb,1¬†rb,https://x.com/GabyLob/status/1883812487117644019/analytics,225¬†rb,https://abs-0.twimg.com/emoji/v2/svg/1f1ee-1f1f1.svg
ichut,https://x.com/Annichut,https://pbs.twimg.com/profile_images/1875380846473179138/RLqYekOL_bigger.jpg,https://x.com/Annichut,@Annichut,¬∑,18-Feb-19,-,,https://x.com/Annichut/status/1097465793791455232,ÃóÃÄBaso,Aci,"Ala Aku   ÃñÃÅ  -
Bahan :
‚Äî‚óè 4 sdm tepung tapioka (rose brand)
‚Äî‚óè 2 sdm tepung terigu (segitiga biru)
‚Äî‚óè garam, lada, penyedap rasa secukupnya
‚Äî‚óè bumbu instan kuah bakso (mama suka)
‚Äî‚óè 2 helai daun bawang & seledri
‚Äî‚óè tahu goreng
‚Äî‚óè air panas secukupnya",,,https://x.com/Annichut/status/1097465793791455232/photo/1,https://pbs.twimg.com/media/Dzr7Tv6UYAAeziT?format=jpg&name=900x900,,,,,,,3,50,217,https://x.com/Annichut/status/1097465793791455232/analytics,,https://abs-0.twimg.com/emoji/v2/svg/1f451.svg
Riva,https://x.com/skyecloudys,https://pbs.twimg.com/profile_images/1908326935358545920/HBBxgL7x_bigger.jpg,https://x.com/skyecloudys,@skyecloudys,¬∑,25-Jul,,,https://x.com/skyecloudys/status/1948596447987073306,baso,aci,,,,https://x.com/skyecloudys/status/1948596447987073306/photo/1,https://pbs.twimg.com/media/GwrOJLybgAEhILP?format=jpg&name=small,,,,,,,5,6,,https://x.com/skyecloudys/status/1948596447987073306/analytics,303,
GUIS,https://x.com/FOOD_FESS,https://pbs.twimg.com/profile_images/1475459335706726401/hqyNcS9F_bigger.jpg,https://x.com/FOOD_FESS,@FOOD_FESS,¬∑,11 Agt,"tadi sore mau jajan street food tapi hujan dari ashar, alhasil bikin sendiri aja guis sender bikin",,https://x.com/FOOD_FESS/status/1954879284503269806,baso,aci,pake oatmeal (keliatan flat soalnya pake bahan yg ada di rumah aja) met makan semuaa,,,https://x.com/FOOD_FESS/status/1954879284503269806/photo/1,https://pbs.twimg.com/media/GyEgWXNXAAEBEdI?format=jpg&name=900x900,,,,,Otomatis,,5,2,24,https://x.com/FOOD_FESS/status/1954879284503269806/analytics,5¬†rb,
baso aci tiga ribu,https://x.com/basoaci3ribu,https://pbs.twimg.com/profile_images/1833812148310679552/XOEHGsFF_bigger.jpg,https://x.com/basoaci3ribu,@basoaci3ribu,¬∑,18 Agt,thx qpon,https://abs-0.twimg.com/emoji/v2/svg/1f44d-1f3fb.svg,https://x.com/basoaci3ribu/status/1957402052679651685,,,,,,,,https://x.com/basoaci3ribu/status/1957402052679651685/photo/1,https://pbs.twimg.com/media/GyoS0JibUAA3Oay?format=jpg&name=900x900,,,,,7,,,https://x.com/basoaci3ribu/status/1957402052679651685/analytics,296,
+,https://x.com/AkuSukaRacun,https://pbs.twimg.com/profile_images/1442651210830340098/ci2vu4cV_bigger.jpg,https://x.com/AkuSukaRacun,@AkuSukaRacun,¬∑,29-Jul,,,https://x.com/AkuSukaRacun/status/1950060866541441166,baso,aci,dapet 10,,,,,https://x.com/AkuSukaRacun/status/1950060866541441166/photo/1,https://pbs.twimg.com/media/GxACBLgaYAAKuiE?format=jpg&name=900x900,,,,,1,,,https://x.com/AkuSukaRacun/status/1950060866541441166/analytics,275,
kanayaaa,https://x.com/nayaacantikkko,https://pbs.twimg.com/profile_images/1939526692038475776/bMUUHigf_bigger.jpg,https://x.com/nayaacantikkko,@nayaacantikkko,¬∑,17 Agt,I love my man alias,https://abs-0.twimg.com/emoji/v2/svg/1f635-200d-1f4ab.svg,https://x.com/nayaacantikkko/status/1956780446856958265,baso,aci,and iqbal ramadhan,,,,,,,,,,,1,,,https://x.com/nayaacantikkko/status/1956780446856958265/analytics,163,
baso aci tiga ribu,https://x.com/basoaci3ribu,https://pbs.twimg.com/profile_images/1833812148310679552/XOEHGsFF_bigger.jpg,https://x.com/basoaci3ribu,@basoaci3ribu,¬∑,19 Agt,abis nerima psien kll kepala moncrot tnp APD,https://abs-0.twimg.com/emoji/v2/svg/1f44d-1f3fb.svg,https://x.com/basoaci3ribu/status/1957505574930968965,,,,,,,,https://x.com/basoaci3ribu/status/1957505574930968965/photo/1,https://pbs.twimg.com/media/Gyp05l_acAARqjU?format=jpg&name=medium,,,,,,,,https://x.com/basoaci3ribu/status/1957505574930968965/analytics,201,
I N F I N I T A,https://x.com/infinitack,https://pbs.twimg.com/profile_images/1895107443425718272/nSR04FSI_bigger.jpg,https://x.com/infinitack,@infinitack,¬∑,11 Mei,Bacha bazi significa ‚Äújuego de ni√±os‚Äù. Es esclavitud sexual infantil. Una tradici√≥n que se lleva a cabo con la complicidad de familias y autoridades. Las familias pobres venden a sus hijos a hombres poderosos y estos los ‚Äúadoptan‚Äù para abusar de ellos durante a√±os.,,https://x.com/infinitack/status/1921502387421778164,,,,,,https://x.com/infinitack/status/1921502387421778164/photo/1,https://pbs.twimg.com/media/GqqMPIEWcAAf_62?format=jpg&name=900x900,,,,,,Membalas,16,177,1¬†rb,https://x.com/infinitack/status/1921502387421778164/analytics,139¬†rb,
Brawijaya Menfess,https://x.com/yubifess,https://pbs.twimg.com/profile_images/1947289524062814208/qh5l_Puz_bigger.jpg,https://x.com/yubifess,@yubifess,¬∑,21j,kemarin siapa yang nanyain,,https://x.com/yubifess/status/1958068184390492324,baso,aci,tapi belum kebagian? sekarang aku ada ready lagi,,,https://x.com/yubifess/status/1958068184390492324/photo/1,https://pbs.twimg.com/media/Gyx0oxCXoAArewi?format=jpg&name=900x900,,,"acinya untuk besok/lusa nih braw! harganya 5k-an/pcs nya. bisa diantar sampe depan kost ( minbel 3 gratis ongkir, beli di bawah itu ongkir 1-3k). yg minat rep, nanti tak dm",baso,,,2,,,https://x.com/yubifess/status/1958068184390492324/analytics,629,
baso aci tiga ribu,https://x.com/basoaci3ribu,https://pbs.twimg.com/profile_images/1833812148310679552/XOEHGsFF_bigger.jpg,https://x.com/basoaci3ribu,@basoaci3ribu,¬∑,20 Agt,pas jaga icu jg ada umur 20 dah meninggal grgr ckd,https://abs-0.twimg.com/emoji/v2/svg/1f937-1f3fb-200d-2640-fe0f.svg,https://x.com/basoaci3ribu/status/1957964367695344079,,,lu pd atiati dah,https://abs-0.twimg.com/emoji/v2/svg/1f972.svg,https://abs-0.twimg.com/emoji/v2/svg/1f972.svg,https://x.com/hariantimeline/status/1957826310925066354/photo/1,https://pbs.twimg.com/media/GyuYpojbUAAT_6Z?format=jpg&name=900x900,,,Kutipan,Harian Timeline,@hariantimeline,19 Agt,1,,,https://x.com/basoaci3ribu/status/1957964367695344079/analytics,217,
yeye,https://x.com/yewoohye,https://pbs.twimg.com/profile_images/1934855430519574528/h2w7y1Ge_bigger.jpg,https://x.com/yewoohye,@yewoohye,¬∑,18 Agt,,https://abs-0.twimg.com/emoji/v2/svg/1f60b.svg,https://x.com/yewoohye/status/1957328424529268970,baso,aci,#NAME?,,,https://x.com/yewoohye/status/1957328424529268970/photo/1,https://pbs.twimg.com/media/GynTzY1bQAAFu9X?format=jpg&name=small,https://x.com/yewoohye/status/1957328424529268970/photo/2,https://pbs.twimg.com/media/GynTzY1b0AAgPkw?format=jpg&name=small,,,,,1,9,,https://x.com/yewoohye/status/1957328424529268970/analytics,139,
baso aci tiga ribu,https://x.com/basoaci3ribu,https://pbs.twimg.com/profile_images/1833812148310679552/XOEHGsFF_bigger.jpg,https://x.com/basoaci3ribu,@basoaci3ribu,¬∑,20 Agt,ih pgn ewe,,https://x.com/basoaci3ribu/status/1957981130210308103,,,,,,,,,,,,,,2,9,,https://x.com/basoaci3ribu/status/1957981130210308103/analytics,336,
Maxime,https://x.com/gagitutem,https://pbs.twimg.com/profile_images/1957560926846222336/142kM4je_bigger.jpg,https://x.com/gagitutem,@gagitutem,¬∑,18 Agt,Bingung banget mau beli Pajero apa seblak,,https://x.com/gagitutem/status/1957317385553400039,baso,aci,,,,,,,,,,,,2,10,,https://x.com/gagitutem/status/1957317385553400039/analytics,1¬†rb,
baso aci tiga ribu,https://x.com/basoaci3ribu,https://pbs.twimg.com/profile_images/1833812148310679552/XOEHGsFF_bigger.jpg,https://x.com/basoaci3ribu,@basoaci3ribu,¬∑,18 Agt,pgn 3s,,https://x.com/basoaci3ribu/status/1957262618231767509,,,,,,,,,,,,,,2,8,,https://x.com/basoaci3ribu/status/1957262618231767509/analytics,280,
Aya,https://x.com/ayastrophiile,https://pbs.twimg.com/profile_images/1795554157149253636/xfdXgIg5_bigger.jpg,https://x.com/ayastrophiile,@ayastrophiile,¬∑,20-Feb-18,Makan,https://abs-0.twimg.com/emoji/v2/svg/1f602.svg,https://x.com/ayastrophiile/status/965989926826164224,Baso,aci,"nya udah beres. Mau gosok gigi terus bobo, tbtb flu terus pusing wkwk. Bersin-bersin terus dr tadi sore. Barusan bersin aku itungin nyampe 10x bersin tuh",https://abs-0.twimg.com/emoji/v2/svg/1f923.svg,https://abs-0.twimg.com/emoji/v2/svg/1f923.svg,,,,,"jaga kesehatan ya semua. Good night, sampe ketemu di Mimpi wkawka",,,,60,40,254,https://x.com/ayastrophiile/status/965989926826164224/analytics,,
GUIS,https://x.com/FOOD_FESS,https://pbs.twimg.com/profile_images/1475459335706726401/hqyNcS9F_bigger.jpg,https://x.com/FOOD_FESS,@FOOD_FESS,¬∑,30-Jul,,https://abs-0.twimg.com/emoji/v2/svg/1f606.svg,https://x.com/FOOD_FESS/status/1950505932862996838,baso,aci,khas garut guis 11rb an aja keluar kota udh gratong lewat oren,https://abs-0.twimg.com/emoji/v2/svg/1f4cd.svg,,https://x.com/FOOD_FESS/status/1950505932862996838/photo/1,https://pbs.twimg.com/media/GxGWzzJXkAA5Mn4?format=jpg&name=900x900,,,garut,,Otomatis,,2,2,21,https://x.com/FOOD_FESS/status/1950505932862996838/analytics,3¬†rb,
rei‚ó°Ãà,https://x.com/_yvngr_,https://pbs.twimg.com/profile_images/1957767889739739139/4AbHlt09_bigger.jpg,https://x.com/_yvngr_,@_yvngr_,¬∑,19 Agt,Kirain teh,https://abs-0.twimg.com/emoji/v2/svg/1f62d.svg,https://x.com/_yvngr_/status/1957814541594574938,baso,aci,,,,https://help.x.com/rules-and-policies/authenticity,https://abs.twimg.com/responsive-web/client-web/parody-mask.92274f0a.svg,https://x.com/_yvngr_/status/1957814541594574938/photo/1,https://pbs.twimg.com/media/GyuN8fvacAQN9xi?format=jpg&name=900x900,,,,,1,,,https://x.com/_yvngr_/status/1957814541594574938/analytics,244,
Riyan || Mumet Ver.,https://x.com/eseojoon,https://pbs.twimg.com/profile_images/1875173455869685760/bcHBtS1V_bigger.jpg,https://x.com/eseojoon,@eseojoon,¬∑,18 Agt,yang mau,,https://x.com/eseojoon/status/1957367584996938033,baso,aci,plis jangan priv biar bisa di dm‚Ä¶ atau langsung dm gue aja,https://abs-0.twimg.com/emoji/v2/svg/1f44a.svg,https://abs-0.twimg.com/emoji/v2/svg/1f60b.svg,https://x.com/yubifess/status/1957355768023294447/photo/1,https://pbs.twimg.com/media/GynssqaWsAApqNf?format=jpg&name=900x900,,,Kutipan,Brawijaya Menfess,@yubifess,18 Agt,1,,,https://x.com/eseojoon/status/1957367584996938033/analytics,267,
ùêë,https://x.com/RYABGL,https://pbs.twimg.com/profile_images/1921952448463450112/UN7MCWaY_bigger.jpg,https://x.com/RYABGL,@RYABGL,¬∑,5 Agt,gak boleh sering2 tp lg pengeeeeen bgt,https://abs-0.twimg.com/emoji/v2/svg/1f972.svg,https://x.com/RYABGL/status/1952662236477989234,baso,aci,pangsit merconnn ini!!!,https://abs-0.twimg.com/emoji/v2/svg/1f606.svg,,https://x.com/RYABGL/status/1952662236477989234/photo/1,https://pbs.twimg.com/media/Gxk_8m-aUAA1Sym?format=jpg&name=900x900,,,,,,,2,,,https://x.com/RYABGL/status/1952662236477989234/analytics,146,https://abs-0.twimg.com/emoji/v2/svg/2b50.svg
baso aci tiga ribu,https://x.com/basoaci3ribu,https://pbs.twimg.com/profile_images/1833812148310679552/XOEHGsFF_bigger.jpg,https://x.com/basoaci3ribu,@basoaci3ribu,¬∑,18 Agt,tuhan kapan aku libur..,,https://x.com/basoaci3ribu/status/1957403741470269772,G√ºmiho.,@OHMYV3NUS,¬∑,,,https://x.com/OHMYV3NUS/status/1957276968342508005/photo/1,https://pbs.twimg.com/media/GymlB4tasAA5nQu?format=jpg&name=900x900,https://help.x.com/rules-and-policies/authenticity,https://pbs.twimg.com/profile_images/1741656707472982016/4xRzh6cz_normal.png,Kutipan,Akun parodi,,18 Agt,,,,https://x.com/basoaci3ribu/status/1957403741470269772/analytics,209,
miw.,https://x.com/dearmyjunseo,https://pbs.twimg.com/profile_images/1932396884938854400/JbIq0V2d_bigger.jpg,https://x.com/dearmyjunseo,@dearmyjunseo,¬∑,3j,Junseo tuh kayak,,https://x.com/dearmyjunseo/status/1958340568742015179,baso,aci,banget kenapa ya,,,,,,,,,,,2,,,https://x.com/dearmyjunseo/status/1958340568742015179/analytics,84,
baso aci tiga ribu,https://x.com/basoaci3ribu,https://pbs.twimg.com/profile_images/1833812148310679552/XOEHGsFF_bigger.jpg,https://x.com/basoaci3ribu,@basoaci3ribu,¬∑,20 Agt,syp ya yg mw bantu keringin rambut ak,https://abs-0.twimg.com/emoji/v2/svg/1f61e.svg,https://x.com/basoaci3ribu/status/1957974747741917434,,,,,,,,,,,,,,2,,,https://x.com/basoaci3ribu/status/1957974747741917434/analytics,193,
baso aci tiga ribu,https://x.com/basoaci3ribu,https://pbs.twimg.com/profile_images/1833812148310679552/XOEHGsFF_bigger.jpg,https://x.com/basoaci3ribu,@basoaci3ribu,¬∑,20 Agt,ily igd,,https://x.com/basoaci3ribu/status/1957851503898816969,,,,,,,,https://x.com/basoaci3ribu/status/1957851503898816969/photo/1,https://pbs.twimg.com/media/GyuvjWwaMAABj5C?format=jpg&name=medium,,,,,2,,,https://x.com/basoaci3ribu/status/1957851503898816969/analytics,201,
baso aci tiga ribu,https://x.com/basoaci3ribu,https://pbs.twimg.com/profile_images/1833812148310679552/XOEHGsFF_bigger.jpg,https://x.com/basoaci3ribu,@basoaci3ribu,¬∑,20 Agt,WANGI,,https://x.com/basoaci3ribu/status/1957960968681803919,,,,,,https://x.com/basoaci3ribu/status/1957960968681803919/photo/1,https://pbs.twimg.com/media/GywTHPZbkAA2Nck?format=jpg&name=900x900,,,,,,,12,,,https://x.com/basoaci3ribu/status/1957960968681803919/analytics,197,
na,https://x.com/sleepywonderful,https://pbs.twimg.com/profile_images/1955129955861532677/bcHwtBYJ_bigger.jpg,https://x.com/sleepywonderful,@sleepywonderful,¬∑,11 Agt,masak mie apa masak,https://abs-0.twimg.com/emoji/v2/svg/1f62d.svg,https://x.com/sleepywonderful/status/1954907980270584159,baso,aci,yaa?,,,,,,,,,,,2,1,,https://x.com/sleepywonderful/status/1954907980270584159/analytics,121,
indy,https://x.com/ShfraIndy,https://pbs.twimg.com/profile_images/1956036943369920515/iCG4M8BE_bigger.jpg,https://x.com/ShfraIndy,@ShfraIndy,¬∑,9 Agt,fix butuh,,https://x.com/ShfraIndy/status/1954061522021539894,baso,aci,wkwkwk,,,,,,,,,,,2,,,https://x.com/ShfraIndy/status/1954061522021539894/analytics,69,
Ciyya kemeng,https://x.com/fairyh0tt,https://pbs.twimg.com/profile_images/1855620959975186433/3uHQmXLp_bigger.jpg,https://x.com/fairyh0tt,@fairyh0tt,¬∑,15j,karna gempa barusan gue mam,https://abs-0.twimg.com/emoji/v2/svg/1f62d.svg,https://x.com/fairyh0tt/status/1958152771385119219,baso,aci,sangat ga tenang jd buru buru,,,,,,,,,,,,,,https://x.com/fairyh0tt/status/1958152771385119219/analytics,100,
sal,https://x.com/Salpanas_,https://pbs.twimg.com/profile_images/1857411498072846336/eRpzjlb6_bigger.jpg,https://x.com/Salpanas_,@Salpanas_,¬∑,13j,,,https://x.com/Salpanas_/status/1958192478001213797,Baso,aci,@tanyarlfes,,,,,,,Kutipan,gilasih,@tokoIPstorage,23j,,,,https://x.com/Salpanas_/status/1958192478001213797/analytics,36,
baso aci tiga ribu,https://x.com/basoaci3ribu,https://pbs.twimg.com/profile_images/1833812148310679552/XOEHGsFF_bigger.jpg,https://x.com/basoaci3ribu,@basoaci3ribu,¬∑,16 Agt,bingung bngt hrus makan apa,,https://x.com/basoaci3ribu/status/1956564328666320957,,,,,,,,,,,,,,2,,,https://x.com/basoaci3ribu/status/1956564328666320957/analytics,222,
R studio | comms open,https://x.com/tehtaerick,https://pbs.twimg.com/profile_images/1774814070392401920/KuSlvEIs_bigger.jpg,https://x.com/tehtaerick,@tehtaerick,¬∑,7 Agt,,https://abs-0.twimg.com/emoji/v2/svg/1f924.svg,https://x.com/tehtaerick/status/1953418631800606905,Baso,aci,,,,,,https://x.com/tehtaerick/status/1953418631800606905/photo/1,https://pbs.twimg.com/media/Gxvv5G-a0AA_Utu?format=jpg&name=900x900,,,,,1,2,,https://x.com/tehtaerick/status/1953418631800606905/analytics,185,https://abs-0.twimg.com/emoji/v2/svg/2728.svg
,https://x.com/ezlifeel,https://pbs.twimg.com/profile_images/1937154670293651456/NJ7ZTMao_bigger.jpg,https://x.com/ezlifeel,@ezlifeel,¬∑,3 Agt,,,https://x.com/ezlifeel/status/1952025026859008243,Baso,aci,"jam segini, nikmat bgt anget2, ga berani terlalu pedes wkwkw",,,https://x.com/ezlifeel/status/1952025026859008243/photo/1,https://pbs.twimg.com/media/Gxb8aCBaMAE_84P?format=jpg&name=900x900,,,,,,,1,1,1,https://x.com/ezlifeel/status/1952025026859008243/analytics,146,https://abs-0.twimg.com/emoji/v2/svg/1f337.svg
ùêì ùê¢ ùêü,https://x.com/speciallhuman,https://pbs.twimg.com/profile_images/1815904680960221184/mZga-z3-_bigger.jpg,https://x.com/speciallhuman,@speciallhuman,¬∑,16 Agt,Berasa,,https://x.com/speciallhuman/status/1956557315517317240,baso,aci,", akrab bener dah kayanya sama cs",,,,,https://x.com/speciallhuman/status/1956557315517317240/photo/1,https://pbs.twimg.com/media/GycWgfLaMAA78ge?format=jpg&name=medium,,,,,1,,,https://x.com/speciallhuman/status/1956557315517317240/analytics,186,
baso aci tiga ribu,https://x.com/basoaci3ribu,https://pbs.twimg.com/profile_images/1833812148310679552/XOEHGsFF_bigger.jpg,https://x.com/basoaci3ribu,@basoaci3ribu,¬∑,11 Agt,gue klo jdi si moko moko itu pasti mati muda,,https://x.com/basoaci3ribu/status/1954870524267376766,mupi - open dm cek profil,@moviemnfs,¬∑,,,https://x.com/moviemnfs/status/1954513549369217405/photo/1,https://pbs.twimg.com/media/Gx_TtweWgAAvbuc?format=jpg&name=900x900,,https://pbs.twimg.com/profile_images/1310612935635476480/opijL-Yf_normal.jpg,Kutipan,Otomatis,,10 Agt,1,,,https://x.com/basoaci3ribu/status/1954870524267376766/analytics,227,
zahraa,https://x.com/coffeshopduarsa,https://pbs.twimg.com/profile_images/1956203734347706370/8vZtZaLC_bigger.jpg,https://x.com/coffeshopduarsa,@coffeshopduarsa,¬∑,19 Agt,Yuu jajan,https://abs-0.twimg.com/emoji/v2/svg/25ab.svg,https://x.com/coffeshopduarsa/status/1957788450486382605,baso,aci,@coffeshopduarsa,https://abs-0.twimg.com/emoji/v2/svg/25ab.svg,https://abs-0.twimg.com/emoji/v2/svg/2728.svg,,,,,Kutipan,IVEE,@luckyyeasy,19 Agt,5,4,JASA KLIK QPON,https://x.com/coffeshopduarsa/status/1957788450486382605/analytics,294,
baso aci tiga ribu,https://x.com/basoaci3ribu,https://pbs.twimg.com/profile_images/1833812148310679552/XOEHGsFF_bigger.jpg,https://x.com/basoaci3ribu,@basoaci3ribu,¬∑,17 Agt,ya aturan minggu minggu mah ewe brutal gasi...?,,https://x.com/basoaci3ribu/status/1957005925006684194,,,,,,,,,,,,,,1,4,,https://x.com/basoaci3ribu/status/1957005925006684194/analytics,214,
baso aci tiga ribu,https://x.com/basoaci3ribu,https://pbs.twimg.com/profile_images/1833812148310679552/XOEHGsFF_bigger.jpg,https://x.com/basoaci3ribu,@basoaci3ribu,¬∑,10 Agt,kontol jawa gaada apa apanya dibanding kontol sulawesi,https://abs-0.twimg.com/emoji/v2/svg/1f62d.svg,https://x.com/basoaci3ribu/status/1954465004687892853,ùîèùî¶ùî¢ùîüùî¢,@synthreb3l,¬∑,https://abs-0.twimg.com/emoji/v2/svg/1f64f-1f3fb.svg,https://abs-0.twimg.com/emoji/v2/svg/1f43a.svg,https://x.com/synthreb3l/status/1954161753865998698/photo/1,https://pbs.twimg.com/media/Gx6TwXna8AAstIh?format=jpg&name=900x900,https://help.x.com/rules-and-policies/authenticity,https://pbs.twimg.com/profile_images/1956218122672988162/k-wivRMI_normal.jpg,Kutipan,Akun parodi,,9 Agt,9,,,https://x.com/basoaci3ribu/status/1954465004687892853/analytics,2¬†rb,https://abs-0.twimg.com/emoji/v2/svg/1f1f5-1f1f8.svg
#ppnaravit,https://x.com/phuwinjpg,https://pbs.twimg.com/profile_images/1952708885657292800/jJ8JO4ys_bigger.jpg,https://x.com/phuwinjpg,@phuwinjpg,¬∑,16j,Kaya,https://abs-0.twimg.com/emoji/v2/svg/1f62d.svg,https://x.com/phuwinjpg/status/1958149223188451337,baso,aci,geal geol,,,https://help.x.com/rules-and-policies/authenticity,https://abs.twimg.com/responsive-web/client-web/parody-mask.92274f0a.svg,,,#‡∏õ‡∏≠‡∏ô‡∏î‡πå‡∏†‡∏π‡∏ß‡∏¥‡∏ô‡∏ó‡∏£‡πå,0:14,#GMMTVOuting2025,Dari,1,,,https://x.com/phuwinjpg/status/1958149223188451337/analytics,427,https://abs-0.twimg.com/emoji/v2/svg/1f9da-1f3fb-200d-2640-fe0f.svg
baso aci tiga ribu,https://x.com/basoaci3ribu,https://pbs.twimg.com/profile_images/1833812148310679552/XOEHGsFF_bigger.jpg,https://x.com/basoaci3ribu,@basoaci3ribu,¬∑,15 Agt,kapan gue liburnya KONTOOOLLL,,https://x.com/basoaci3ribu/status/1956207348504281312,,,,,,,,,,,,,,1,,,https://x.com/basoaci3ribu/status/1956207348504281312/analytics,323,
baso aci tiga ribu,https://x.com/basoaci3ribu,https://pbs.twimg.com/profile_images/1833812148310679552/XOEHGsFF_bigger.jpg,https://x.com/basoaci3ribu,@basoaci3ribu,¬∑,6 Agt,KOK UDAH DI JAWAB SIH DOK WKWKWKW,https://abs-0.twimg.com/emoji/v2/svg/1f62d.svg,https://x.com/basoaci3ribu/status/1952955589451235595,,,,,,,,https://x.com/basoaci3ribu/status/1952955589451235595/photo/1,https://pbs.twimg.com/media/GxpKwjJawAI-Ays?format=jpg&name=medium,,,,,1,,,https://x.com/basoaci3ribu/status/1952955589451235595/analytics,276,
Apakah postingan ini relevan dengan pencarian Anda?,,,,Ya,Tidak,,,,,,,,,,,,,,,,,,,,,,,
#ppnaravit,https://x.com/phuwinjpg,https://pbs.twimg.com/profile_images/1952708885657292800/jJ8JO4ys_bigger.jpg,https://x.com/phuwinjpg,@phuwinjpg,¬∑,16j,Kaya,https://abs-0.twimg.com/emoji/v2/svg/1f62d.svg,https://x.com/phuwinjpg/status/1958149223188451337,baso,aci,geal geol,,,https://help.x.com/rules-and-policies/authenticity,https://abs.twimg.com/responsive-web/client-web/parody-mask.92274f0a.svg,,,#‡∏õ‡∏≠‡∏ô‡∏î‡πå‡∏†‡∏π‡∏ß‡∏¥‡∏ô‡∏ó‡∏£‡πå,0:03 / 0:16,#GMMTVOuting2025,Dari,1,,,https://x.com/phuwinjpg/status/1958149223188451337/analytics,427,https://abs-0.twimg.com/emoji/v2/svg/1f9da-1f3fb-200d-2640-fe0f.svg
LUCKY line,https://x.com/woonderous,https://pbs.twimg.com/profile_images/1918612232554041345/s41ajfhj_bigger.png,https://x.com/woonderous,@woonderous,¬∑,15 Agt,Dede,https://abs-0.twimg.com/emoji/v2/svg/1f622.svg,https://x.com/woonderous/status/1956132471613087984,baso,aci,,,,,https://pbs.twimg.com/amplify_video_thumb/1955963535223296000/img/u870ht7GDmk-vjvZ.jpg,,,,,,Dari,,,,https://x.com/woonderous/status/1956132471613087984/analytics,97,
Kaii // Final Year Era,https://x.com/westyhayao,https://pbs.twimg.com/profile_images/1953832368269406210/kx9GEOcG_bigger.jpg,https://x.com/westyhayao,@westyhayao,¬∑,20-Jun,Serius gue juga pernah liat di beranda aplikasi sopi gue ada yang jualan,,https://x.com/westyhayao/status/1935752939878126004,baso,Aci,"sampe 35 ribu brok. Mentang - mentang kemasannya pake sealed. 

Gue masih nyambung kalau maksimal 20 RB gitu ini harga segitu tapi cuman sekali makan dong tuh in this economy mikir2 bgt",,,,,,,,,,Membalas,1,1,550,https://x.com/westyhayao/status/1935752939878126004/analytics,12¬†rb,
Chan Moock,https://x.com/ChanMoock,https://pbs.twimg.com/profile_images/1800428694122725380/y7Hbop88_bigger.jpg,https://x.com/ChanMoock,@ChanMoock,¬∑,20 Agt,"salah gasi kalo cowo suka seblak,",,https://x.com/ChanMoock/status/1958010719682851251,baso,aci,", cimol bojot?",,,,,,,,,,,2,1,,https://x.com/ChanMoock/status/1958010719682851251/analytics,37,
blueskyyyy,https://x.com/xlfrby,https://pbs.twimg.com/profile_images/1725559307478147072/SQ268ty9_bigger.jpg,https://x.com/xlfrby,@xlfrby,¬∑,21j,,,https://x.com/xlfrby/status/1958060753623347676,baso,aci,@tanyarlfes,,,,,,,Kutipan,gilasih,@tokoIPstorage,23j,,,,https://x.com/xlfrby/status/1958060753623347676/analytics,2,
baso aci tiga ribu,https://x.com/basoaci3ribu,https://pbs.twimg.com/profile_images/1833812148310679552/XOEHGsFF_bigger.jpg,https://x.com/basoaci3ribu,@basoaci3ribu,¬∑,18 Agt,jamal pertama di igd uwoo,,https://x.com/basoaci3ribu/status/1957402814550036975,,,,,,,,,,,,,,,,,https://x.com/basoaci3ribu/status/1957402814550036975/analytics,148,
baso aci tiga ribu,https://x.com/basoaci3ribu,https://pbs.twimg.com/profile_images/1833812148310679552/XOEHGsFF_bigger.jpg,https://x.com/basoaci3ribu,@basoaci3ribu,¬∑,9 Agt,gue sbl bngt kalo ada pasien anak,,https://x.com/basoaci3ribu/status/1953864717644320806,,,,,,,,,,,,,,,,,https://x.com/basoaci3ribu/status/1953864717644320806/analytics,131,
baso aci tiga ribu,https://x.com/basoaci3ribu,https://pbs.twimg.com/profile_images/1833812148310679552/XOEHGsFF_bigger.jpg,https://x.com/basoaci3ribu,@basoaci3ribu,¬∑,20 Agt,igd jgn rame dl ak mw ngopiii,,https://x.com/basoaci3ribu/status/1957858301787726164,,,,,,,,,,,,,,1,,,https://x.com/basoaci3ribu/status/1957858301787726164/analytics,142,
