"x1i10hfl href","xpdipgo src","_ap3a","x1i10hfl href 3","x1ejq31n","x1lliihq","x1lliihq 2","x1lliihq 4","x1lliihq 5"
"https://www.instagram.com/inovpelawi/","https://scontent-cgk1-1.cdninstagram.com/v/t51.2885-19/93476658_811908402651258_5961981860358651904_n.jpg?stp=dst-jpg_s150x150_tt6&efg=eyJ2ZW5jb2RlX3RhZyI6InByb2ZpbGVfcGljLmRqYW5nby4xMDgwLmMyIn0&_nc_ht=scontent-cgk1-1.cdninstagram.com&_nc_cat=106&_nc_oc=Q6cZ2QHAqfWTpzqiAe8jSHp752uH8MY8EurtWMgrJ6dY8FqeVYl143UAt0l9BMtvIhFNVFY&_nc_ohc=DzJCiW9jLx8Q7kNvwFpUGkx&_nc_gid=c5Xk9p96BWB4r3ylKRfn-w&edm=APs17CUBAAAA&ccb=7-5&oh=00_AfVVfkp-Vr_q8BIK0YhtjsCxPlNcKCZS3E9KKPcvinZa5w&oe=68B1C406&_nc_sid=10d13b","inovpelawi","https://www.instagram.com/p/CPJw_L2L0Wf/c/17852358905534572/","222 ming","aduhhhh ini mahhh atulahh tetehhhüò£üò£","Balas","",""
"https://www.instagram.com/ernyssoeparno/","https://scontent-cgk1-2.cdninstagram.com/v/t51.2885-19/34983409_203971430430790_6208564209223991296_n.jpg?stp=dst-jpg_s150x150_tt6&efg=eyJ2ZW5jb2RlX3RhZyI6InByb2ZpbGVfcGljLmRqYW5nby4xMDgwLmMyIn0&_nc_ht=scontent-cgk1-2.cdninstagram.com&_nc_cat=110&_nc_oc=Q6cZ2QGJK_fL6-TYaPGOWe7BfoS8EVeCbJIrh6JnM0qkPEuIV3IvcW5koDCuxZSS7aElnAE&_nc_ohc=ZYQgOsdSVS8Q7kNvwFIVuNV&_nc_gid=iS17rkAjgr7eUOGpr1Zmdg&edm=AA5fTDYBAAAA&ccb=7-5&oh=00_AfV_TtX-aF8Sh-KGFUPmCl_Gz9rhvdvfi5BWaNsR06Nprg&oe=68B1A897&_nc_sid=7edfe2","ernyssoeparno","https://www.instagram.com/p/CPJw_L2L0Wf/c/17929728625563800/","222 ming","Teh, itu bawang putih & gula nya buat apa ya? Dipakai pada saat apa? üôè","Balas","Lihat semua 2 balasan",""
"https://www.instagram.com/mellyloveskitchen/","https://scontent-cgk1-2.cdninstagram.com/v/t51.2885-19/10890926_868648676525204_303839413_a.jpg?stp=dst-jpg_s150x150_tt6&efg=eyJ2ZW5jb2RlX3RhZyI6InByb2ZpbGVfcGljLmRqYW5nby4xNTAuYzIifQ&_nc_ht=scontent-cgk1-2.cdninstagram.com&_nc_cat=108&_nc_oc=Q6cZ2QHAqfWTpzqiAe8jSHp752uH8MY8EurtWMgrJ6dY8FqeVYl143UAt0l9BMtvIhFNVFY&_nc_ohc=u-bKvfPym38Q7kNvwEbduit&_nc_gid=c5Xk9p96BWB4r3ylKRfn-w&edm=APs17CUBAAAA&ccb=7-5&oh=00_AfVaeku1JKwuxe7EJs7yHvAuZ3nCm4lo7pP6tPfXYFjUNA&oe=68B1BE5B&_nc_sid=10d13b","mellyloveskitchen","https://www.instagram.com/p/CPJw_L2L0Wf/c/17926824088588944/","222 ming","Kulit sapi ini bukan kikil ya teh? Atau sama?","1 suka","Lihat semua 2 balasan","Balas"
"https://www.instagram.com/vientaku/","https://scontent-cgk1-2.cdninstagram.com/v/t51.2885-19/44516122_2204769276438535_2539634941176578048_n.jpg?stp=dst-jpg_s150x150_tt6&efg=eyJ2ZW5jb2RlX3RhZyI6InByb2ZpbGVfcGljLmRqYW5nby4xMDgwLmMyIn0&_nc_ht=scontent-cgk1-2.cdninstagram.com&_nc_cat=107&_nc_oc=Q6cZ2QHAqfWTpzqiAe8jSHp752uH8MY8EurtWMgrJ6dY8FqeVYl143UAt0l9BMtvIhFNVFY&_nc_ohc=7mKwgmxGdjcQ7kNvwHDcNdm&_nc_gid=c5Xk9p96BWB4r3ylKRfn-w&edm=APs17CUBAAAA&ccb=7-5&oh=00_AfVL2uYqU0ZERX2Ms4yhMMUpbLV0WkGj5ZHWycTOZG9spA&oe=68B1CB3A&_nc_sid=10d13b","vientaku","https://www.instagram.com/p/CPJw_L2L0Wf/c/17875927556471423/","222 ming","Gurih nihüòç","Balas","",""
"https://www.instagram.com/tetahomemade/","https://scontent-cgk1-2.cdninstagram.com/v/t51.2885-19/531992042_18383819593134947_2867660977701953486_n.jpg?stp=dst-jpg_s150x150_tt6&efg=eyJ2ZW5jb2RlX3RhZyI6InByb2ZpbGVfcGljLmRqYW5nby4xMDgwLmMyIn0&_nc_ht=scontent-cgk1-2.cdninstagram.com&_nc_cat=111&_nc_oc=Q6cZ2QHAqfWTpzqiAe8jSHp752uH8MY8EurtWMgrJ6dY8FqeVYl143UAt0l9BMtvIhFNVFY&_nc_ohc=GXpHumAjGZYQ7kNvwFj8Isg&_nc_gid=c5Xk9p96BWB4r3ylKRfn-w&edm=APs17CUBAAAA&ccb=7-5&oh=00_AfVq6b5cmXIv3ajVRbNi9QM10wiIc-e-WS8m5N440hKAkg&oe=68B1C473&_nc_sid=10d13b","tetahomemade","https://www.instagram.com/p/CPJw_L2L0Wf/c/18092051404250673/","222 ming","Sedaapnya üòçüòòüëç","Balas","",""
"https://www.instagram.com/chellyvia/","https://scontent-cgk2-1.cdninstagram.com/v/t51.2885-19/17125683_243065442767235_1031373676726976512_a.jpg?stp=dst-jpg_s150x150_tt6&efg=eyJ2ZW5jb2RlX3RhZyI6InByb2ZpbGVfcGljLmRqYW5nby4xMDgwLmMyIn0&_nc_ht=scontent-cgk2-1.cdninstagram.com&_nc_cat=103&_nc_oc=Q6cZ2QHAqfWTpzqiAe8jSHp752uH8MY8EurtWMgrJ6dY8FqeVYl143UAt0l9BMtvIhFNVFY&_nc_ohc=a4-ySA1jzNAQ7kNvwFKTecQ&_nc_gid=c5Xk9p96BWB4r3ylKRfn-w&edm=APs17CUBAAAA&ccb=7-5&oh=00_AfVuYPuJ39yMWrnJuk_YRnbQEMI5y5gfp9VxxxrUmPekvQ&oe=68B1BF48&_nc_sid=10d13b","chellyvia","https://www.instagram.com/p/CPJw_L2L0Wf/c/17908040959879097/","222 ming","Waaaah enaaaaak, keren bikin sendiri teh üòçüòçüòç","1 suka","Lihat semua 1 balasan","Balas"
"https://www.instagram.com/hanatafamily/","https://scontent-cgk2-2.cdninstagram.com/v/t51.2885-19/450491778_3494892624066541_2640227809375453991_n.jpg?stp=dst-jpg_s150x150_tt6&efg=eyJ2ZW5jb2RlX3RhZyI6InByb2ZpbGVfcGljLmRqYW5nby45NjAuYzIifQ&_nc_ht=scontent-cgk2-2.cdninstagram.com&_nc_cat=101&_nc_oc=Q6cZ2QHAqfWTpzqiAe8jSHp752uH8MY8EurtWMgrJ6dY8FqeVYl143UAt0l9BMtvIhFNVFY&_nc_ohc=UYOopF4UNnwQ7kNvwEUOzrA&_nc_gid=c5Xk9p96BWB4r3ylKRfn-w&edm=APs17CUBAAAA&ccb=7-5&oh=00_AfWU52WUf_6U_4_i1m3hckGdQOH0xp-mxyDUAi9TweKAxg&oe=68B19B71&_nc_sid=10d13b","hanatafamily","https://www.instagram.com/p/CPJw_L2L0Wf/c/17908237000865424/","222 ming","Enak üòçüòçüòç","Balas","",""
"https://www.instagram.com/luis_widarto/","https://scontent-cgk1-1.cdninstagram.com/v/t51.2885-19/448906821_455231180783478_786843749599975174_n.jpg?stp=dst-jpg_s150x150_tt6&efg=eyJ2ZW5jb2RlX3RhZyI6InByb2ZpbGVfcGljLmRqYW5nby4xMDgwLmMyIn0&_nc_ht=scontent-cgk1-1.cdninstagram.com&_nc_cat=106&_nc_oc=Q6cZ2QHAqfWTpzqiAe8jSHp752uH8MY8EurtWMgrJ6dY8FqeVYl143UAt0l9BMtvIhFNVFY&_nc_ohc=moEfSH9_yIgQ7kNvwE3tU7D&_nc_gid=c5Xk9p96BWB4r3ylKRfn-w&edm=APs17CUBAAAA&ccb=7-5&oh=00_AfVjnn__dChEIs6dSC7Q6kZpH-XRrrD9RiXqnOTDThu6cA&oe=68B1C0C0&_nc_sid=10d13b","luis_widarto","https://www.instagram.com/p/CPJw_L2L0Wf/c/17882243129206746/","222 ming","Woooww kelihatannya enak ini mbaküòçüòç","1 suka","Lihat semua 1 balasan","Balas"
"https://www.instagram.com/ridwanchalisk26/","https://scontent-cgk2-1.cdninstagram.com/v/t51.2885-19/527757643_18323509924228468_772302629344131824_n.jpg?stp=dst-jpg_s150x150_tt6&efg=eyJ2ZW5jb2RlX3RhZyI6InByb2ZpbGVfcGljLmRqYW5nby45MzYuYzIifQ&_nc_ht=scontent-cgk2-1.cdninstagram.com&_nc_cat=104&_nc_oc=Q6cZ2QHAqfWTpzqiAe8jSHp752uH8MY8EurtWMgrJ6dY8FqeVYl143UAt0l9BMtvIhFNVFY&_nc_ohc=EGMKsvzCcB4Q7kNvwG2Nrzr&_nc_gid=c5Xk9p96BWB4r3ylKRfn-w&edm=APs17CUBAAAA&ccb=7-5&oh=00_AfV8JmZxTCj1mXSPqcuLsoiM_szmzQgSEBa8O779XkqXrg&oe=68B1A360&_nc_sid=10d13b","ridwanchalisk26","https://www.instagram.com/p/CPJw_L2L0Wf/c/18208831765074225/","222 ming","ü§§ü§§ü§§yampooooon.. tiap hari sukses bikin ngiler ihüôàüôàüôà","1 suka","Lihat semua 1 balasan","Balas"
"https://www.instagram.com/rove.rega/","https://scontent-cgk1-1.cdninstagram.com/v/t51.2885-19/482981426_1355145942500418_916317298746207180_n.jpg?stp=dst-jpg_s150x150_tt6&efg=eyJ2ZW5jb2RlX3RhZyI6InByb2ZpbGVfcGljLmRqYW5nby4xMDgwLmMyIn0&_nc_ht=scontent-cgk1-1.cdninstagram.com&_nc_cat=106&_nc_oc=Q6cZ2QHAqfWTpzqiAe8jSHp752uH8MY8EurtWMgrJ6dY8FqeVYl143UAt0l9BMtvIhFNVFY&_nc_ohc=bKOoT1XVcRcQ7kNvwH5HeDH&_nc_gid=c5Xk9p96BWB4r3ylKRfn-w&edm=APs17CUBAAAA&ccb=7-5&oh=00_AfVMHr8eA95mHfbQBFrYmYeHVWJAwlpaGIdMPhzCLowQqQ&oe=68B1B08A&_nc_sid=10d13b","rove.rega","https://www.instagram.com/p/CPJw_L2L0Wf/c/17878976606285363/","222 ming","Wah bikin laper nihü§§","1 suka","Lihat semua 1 balasan","Balas"
"https://www.instagram.com/rikaekawati/","https://scontent-cgk1-2.cdninstagram.com/v/t51.2885-19/537532444_18530046499041946_4651947240638530576_n.jpg?stp=dst-jpg_s150x150_tt6&efg=eyJ2ZW5jb2RlX3RhZyI6InByb2ZpbGVfcGljLmRqYW5nby4xMDgwLmMyIn0&_nc_ht=scontent-cgk1-2.cdninstagram.com&_nc_cat=110&_nc_oc=Q6cZ2QHAqfWTpzqiAe8jSHp752uH8MY8EurtWMgrJ6dY8FqeVYl143UAt0l9BMtvIhFNVFY&_nc_ohc=23ineEVBKxoQ7kNvwExDVIm&_nc_gid=c5Xk9p96BWB4r3ylKRfn-w&edm=APs17CUBAAAA&ccb=7-5&oh=00_AfV2UrCBNgz7uQBFUcGK5yFSmlsW8kiFndzZVkb8_P7Wpg&oe=68B1A7DA&_nc_sid=10d13b","rikaekawati","https://www.instagram.com/p/CPJw_L2L0Wf/c/17871295217378305/","222 ming","","Balas","",""
"https://www.instagram.com/rikaekawati/","https://scontent-cgk1-2.cdninstagram.com/v/t51.2885-19/537532444_18530046499041946_4651947240638530576_n.jpg?stp=dst-jpg_s150x150_tt6&efg=eyJ2ZW5jb2RlX3RhZyI6InByb2ZpbGVfcGljLmRqYW5nby4xMDgwLmMyIn0&_nc_ht=scontent-cgk1-2.cdninstagram.com&_nc_cat=110&_nc_oc=Q6cZ2QHAqfWTpzqiAe8jSHp752uH8MY8EurtWMgrJ6dY8FqeVYl143UAt0l9BMtvIhFNVFY&_nc_ohc=23ineEVBKxoQ7kNvwExDVIm&_nc_gid=c5Xk9p96BWB4r3ylKRfn-w&edm=APs17CUBAAAA&ccb=7-5&oh=00_AfV2UrCBNgz7uQBFUcGK5yFSmlsW8kiFndzZVkb8_P7Wpg&oe=68B1A7DA&_nc_sid=10d13b","rikaekawati","https://www.instagram.com/p/CPJw_L2L0Wf/c/17874634946393510/","222 ming","","Balas","",""
"https://www.instagram.com/jan.jajanplg/","https://scontent-cgk1-2.cdninstagram.com/v/t51.2885-19/485435839_540287159104751_6777213820306630595_n.jpg?stp=dst-jpg_s150x150_tt6&efg=eyJ2ZW5jb2RlX3RhZyI6InByb2ZpbGVfcGljLmRqYW5nby4xMDgwLmV4cGVyaW1lbnRhbCJ9&_nc_ht=scontent-cgk1-2.cdninstagram.com&_nc_cat=111&_nc_oc=Q6cZ2QFGk6B4faysrm8xdoN2CTrnvP4dkeeV-sCalAVylwV7a03WcHb7uT_IkQopuMusFYA&_nc_ohc=iBg-2mn1kw8Q7kNvwFnN1Nd&_nc_gid=ZffJAhd53mdlxN-g8h4kow&edm=APs17CUBAAAA&ccb=7-5&oh=00_AfWlEV7i9pU5zK3AzeqQuTB54Ip4sjD_b_XCsaRHzKd3uw&oe=68B1A7C4&_nc_sid=10d13b","jan.jajanplg","https://www.instagram.com/p/CMEArikD9qC/c/17863282535429791/","233 ming","duhh enakk bgt tuh","Balas","","Lihat terjemahan"
"https://www.instagram.com/infokuliner_jkt/","https://scontent-cgk1-1.cdninstagram.com/v/t51.2885-19/272966546_588813665702214_4294849992854730293_n.jpg?stp=dst-jpg_s150x150_tt6&efg=eyJ2ZW5jb2RlX3RhZyI6InByb2ZpbGVfcGljLmRqYW5nby4xMDgwLmV4cGVyaW1lbnRhbCJ9&_nc_ht=scontent-cgk1-1.cdninstagram.com&_nc_cat=106&_nc_oc=Q6cZ2QFGk6B4faysrm8xdoN2CTrnvP4dkeeV-sCalAVylwV7a03WcHb7uT_IkQopuMusFYA&_nc_ohc=DM2Fv_qAOJYQ7kNvwEACNnu&_nc_gid=ZffJAhd53mdlxN-g8h4kow&edm=APs17CUBAAAA&ccb=7-5&oh=00_AfVQGXTtPIxwfh9M62YwAg7iFY3mDUU6CszZLrxGTKjFKg&oe=68B1CDFB&_nc_sid=10d13b","infokuliner_jkt","https://www.instagram.com/p/CMEArikD9qC/c/17897280766879527/","233 ming","Mau dong üòç","Balas","",""
"https://www.instagram.com/fidnfen/","https://scontent-cgk1-2.cdninstagram.com/v/t51.2885-19/343604123_199656059511934_6137570253199825928_n.jpg?stp=dst-jpg_s150x150_tt6&efg=eyJ2ZW5jb2RlX3RhZyI6InByb2ZpbGVfcGljLmRqYW5nby45MDAuZXhwZXJpbWVudGFsIn0&_nc_ht=scontent-cgk1-2.cdninstagram.com&_nc_cat=110&_nc_oc=Q6cZ2QFGk6B4faysrm8xdoN2CTrnvP4dkeeV-sCalAVylwV7a03WcHb7uT_IkQopuMusFYA&_nc_ohc=veTp_VdNcrkQ7kNvwEZxDvP&_nc_gid=ZffJAhd53mdlxN-g8h4kow&edm=APs17CUBAAAA&ccb=7-5&oh=00_AfXVwUmjf9jiYHogcMzZIpUGOKkQtstMu94Cza3zUImqsg&oe=68B1A9BD&_nc_sid=10d13b","fidnfen","https://www.instagram.com/p/CMEArikD9qC/c/17916554203576995/","233 ming","Ini nihhh yang aku cariii üòç","Balas","",""
"https://www.instagram.com/cocopanda.food/","https://scontent-cgk2-2.cdninstagram.com/v/t51.2885-19/516472349_18083063644838448_4782045560921856411_n.jpg?stp=dst-jpg_s150x150_tt6&efg=eyJ2ZW5jb2RlX3RhZyI6InByb2ZpbGVfcGljLmRqYW5nby4xMDgwLmV4cGVyaW1lbnRhbCJ9&_nc_ht=scontent-cgk2-2.cdninstagram.com&_nc_cat=100&_nc_oc=Q6cZ2QFGk6B4faysrm8xdoN2CTrnvP4dkeeV-sCalAVylwV7a03WcHb7uT_IkQopuMusFYA&_nc_ohc=h4rxxCXsk4sQ7kNvwFQPOgF&_nc_gid=ZffJAhd53mdlxN-g8h4kow&edm=APs17CUBAAAA&ccb=7-5&oh=00_AfXRDJDOvrdhQkLl2DnYNIF4qjfX-aLfsbMOx_gHD8DTlg&oe=68B19D1E&_nc_sid=10d13b","cocopanda.food","https://www.instagram.com/p/CMEArikD9qC/c/17896561663887030/","233 ming","Kriuk dan garing nih","Balas","",""
"https://www.instagram.com/kulinerwithabang/","https://scontent-cgk2-2.cdninstagram.com/v/t51.2885-19/412784842_3645936889028125_1235730478340692764_n.jpg?stp=dst-jpg_s150x150_tt6&efg=eyJ2ZW5jb2RlX3RhZyI6InByb2ZpbGVfcGljLmRqYW5nby4xMDgwLmV4cGVyaW1lbnRhbCJ9&_nc_ht=scontent-cgk2-2.cdninstagram.com&_nc_cat=101&_nc_oc=Q6cZ2QFGk6B4faysrm8xdoN2CTrnvP4dkeeV-sCalAVylwV7a03WcHb7uT_IkQopuMusFYA&_nc_ohc=yZFnHygBnuoQ7kNvwEfQh8A&_nc_gid=ZffJAhd53mdlxN-g8h4kow&edm=APs17CUBAAAA&ccb=7-5&oh=00_AfWRqc7oGSwvJqlcRh4M7MBuuHsOpB2UgmiEVNmYxrtzKw&oe=68B1CF92&_nc_sid=10d13b","kulinerwithabang","https://www.instagram.com/p/CMEArikD9qC/c/17893620844906656/","233 ming","Enak enak üôåüòç","Balas","",""
"https://www.instagram.com/meji.meji.meji/","https://scontent-cgk1-1.cdninstagram.com/v/t51.2885-19/323117265_935353880766177_5612598618311488781_n.jpg?stp=dst-jpg_s150x150_tt6&efg=eyJ2ZW5jb2RlX3RhZyI6InByb2ZpbGVfcGljLmRqYW5nby43MTMuZXhwZXJpbWVudGFsIn0&_nc_ht=scontent-cgk1-1.cdninstagram.com&_nc_cat=109&_nc_oc=Q6cZ2QFGk6B4faysrm8xdoN2CTrnvP4dkeeV-sCalAVylwV7a03WcHb7uT_IkQopuMusFYA&_nc_ohc=9EFiOGy_MisQ7kNvwFT0_0R&_nc_gid=ZffJAhd53mdlxN-g8h4kow&edm=APs17CUBAAAA&ccb=7-5&oh=00_AfVT679HH-scQXpmoLEHwKWx6iM9-HMGsT0B8Y3km8IZow&oe=68B1ABF2&_nc_sid=10d13b","meji.meji.meji","https://www.instagram.com/p/CMEArikD9qC/c/17863111844469730/","233 ming","Woeehh bagi bagi donküòçüòç","Balas","",""
"https://www.instagram.com/duniakilla/","https://scontent-cgk2-2.cdninstagram.com/v/t51.2885-19/495236189_18513490882011000_7364138975543044567_n.jpg?stp=dst-jpg_s150x150_tt6&efg=eyJ2ZW5jb2RlX3RhZyI6InByb2ZpbGVfcGljLmRqYW5nby4xMDgwLmV4cGVyaW1lbnRhbCJ9&_nc_ht=scontent-cgk2-2.cdninstagram.com&_nc_cat=100&_nc_oc=Q6cZ2QFGk6B4faysrm8xdoN2CTrnvP4dkeeV-sCalAVylwV7a03WcHb7uT_IkQopuMusFYA&_nc_ohc=KQ--zNH7l9YQ7kNvwGjCcMj&_nc_gid=ZffJAhd53mdlxN-g8h4kow&edm=APs17CUBAAAA&ccb=7-5&oh=00_AfV0STwuuRjxri9k42dpoDsvoPop1sXwXiCtvEgL4eFRSQ&oe=68B1B06E&_nc_sid=10d13b","duniakilla","https://www.instagram.com/p/CMEArikD9qC/c/17902784761761362/","233 ming","Asik uy bs nyemil ini","Balas","",""
"https://www.instagram.com/komunitas_kuliner/","https://scontent-cgk1-2.cdninstagram.com/v/t51.2885-19/458639154_1959673994494460_125786265160855213_n.jpg?stp=dst-jpg_s150x150_tt6&efg=eyJ2ZW5jb2RlX3RhZyI6InByb2ZpbGVfcGljLmRqYW5nby43MTkuZXhwZXJpbWVudGFsIn0&_nc_ht=scontent-cgk1-2.cdninstagram.com&_nc_cat=108&_nc_oc=Q6cZ2QFGk6B4faysrm8xdoN2CTrnvP4dkeeV-sCalAVylwV7a03WcHb7uT_IkQopuMusFYA&_nc_ohc=VINZr-R277UQ7kNvwHGWcHA&_nc_gid=ZffJAhd53mdlxN-g8h4kow&edm=APs17CUBAAAA&ccb=7-5&oh=00_AfXCmyjS2LA80wQGJ2ID1axdR8EDvwx76DMPaDq6pDVXzQ&oe=68B19D28&_nc_sid=10d13b","komunitas_kuliner","https://www.instagram.com/p/CMEArikD9qC/c/17875821422238432/","233 ming","Waah enak enak","Balas","",""
"https://www.instagram.com/goodfood.plg/","https://scontent-cgk2-1.cdninstagram.com/v/t51.2885-19/53709451_1054768384716938_2467668177107025920_n.jpg?stp=dst-jpg_s150x150_tt6&efg=eyJ2ZW5jb2RlX3RhZyI6InByb2ZpbGVfcGljLmRqYW5nby4xMDgwLmV4cGVyaW1lbnRhbCJ9&_nc_ht=scontent-cgk2-1.cdninstagram.com&_nc_cat=102&_nc_oc=Q6cZ2QFGk6B4faysrm8xdoN2CTrnvP4dkeeV-sCalAVylwV7a03WcHb7uT_IkQopuMusFYA&_nc_ohc=cRRnMf489WAQ7kNvwF2rsLE&_nc_gid=ZffJAhd53mdlxN-g8h4kow&edm=APs17CUBAAAA&ccb=7-5&oh=00_AfXKyUnLsTkHQ434As3ZhZVfvlnKdF6PSW42Y0FdfUz-Xg&oe=68B1A6D4&_nc_sid=10d13b","goodfood.plg","https://www.instagram.com/p/CMEArikD9qC/c/17902914682751061/","233 ming","Wah enak nih cemilannya","Balas","",""
"https://www.instagram.com/makanyubeb/","https://scontent-cgk1-2.cdninstagram.com/v/t51.2885-19/278852774_331730859059227_3188753317653156335_n.jpg?stp=dst-jpg_s150x150_tt6&efg=eyJ2ZW5jb2RlX3RhZyI6InByb2ZpbGVfcGljLmRqYW5nby4xMDgwLmV4cGVyaW1lbnRhbCJ9&_nc_ht=scontent-cgk1-2.cdninstagram.com&_nc_cat=107&_nc_oc=Q6cZ2QFGk6B4faysrm8xdoN2CTrnvP4dkeeV-sCalAVylwV7a03WcHb7uT_IkQopuMusFYA&_nc_ohc=rXyt7WISFRQQ7kNvwHWp8Up&_nc_gid=ZffJAhd53mdlxN-g8h4kow&edm=APs17CUBAAAA&ccb=7-5&oh=00_AfXWFIVSwXwYxSxDjFN0WQRHKmO4KAQeXXnjUwNClxcxbA&oe=68B1B56D&_nc_sid=10d13b","makanyubeb","https://www.instagram.com/p/CMEArikD9qC/c/17905905835734003/","233 ming","paling suka emang cemilan kayak gini","Balas","","Lihat terjemahan"
"https://www.instagram.com/kopisurgawi/","https://scontent-cgk2-1.cdninstagram.com/v/t51.2885-19/139946381_400434304381935_7747895120035658603_n.jpg?stp=dst-jpg_s150x150_tt6&efg=eyJ2ZW5jb2RlX3RhZyI6InByb2ZpbGVfcGljLmRqYW5nby4xMDgwLmV4cGVyaW1lbnRhbCJ9&_nc_ht=scontent-cgk2-1.cdninstagram.com&_nc_cat=103&_nc_oc=Q6cZ2QFGk6B4faysrm8xdoN2CTrnvP4dkeeV-sCalAVylwV7a03WcHb7uT_IkQopuMusFYA&_nc_ohc=D2YMRYPzQhwQ7kNvwExo4Lw&_nc_gid=ZffJAhd53mdlxN-g8h4kow&edm=APs17CUBAAAA&ccb=7-5&oh=00_AfV7QJ8kYir5VT46-nAdAStbbHLpTVdCs46a1jpS4PHgqQ&oe=68B1BEB9&_nc_sid=10d13b","kopisurgawi","https://www.instagram.com/p/CMEArikD9qC/c/18090457513245085/","233 ming","Wah enak banget ini","Balas","","Lihat terjemahan"
"https://www.instagram.com/hauchek_wangbuliao/","https://scontent-cgk2-1.cdninstagram.com/v/t51.2885-19/468253325_361327160371036_8384656575132186603_n.jpg?stp=dst-jpg_s150x150_tt6&efg=eyJ2ZW5jb2RlX3RhZyI6InByb2ZpbGVfcGljLmRqYW5nby4xMDgwLmV4cGVyaW1lbnRhbCJ9&_nc_ht=scontent-cgk2-1.cdninstagram.com&_nc_cat=104&_nc_oc=Q6cZ2QFGk6B4faysrm8xdoN2CTrnvP4dkeeV-sCalAVylwV7a03WcHb7uT_IkQopuMusFYA&_nc_ohc=ZLd61AI75BsQ7kNvwET11I6&_nc_gid=ZffJAhd53mdlxN-g8h4kow&edm=APs17CUBAAAA&ccb=7-5&oh=00_AfXqOG2ifAuZGlFKcubt8Jbuuwo7fFPlhHmSoeBxadZ1MQ&oe=68B1B856&_nc_sid=10d13b","hauchek_wangbuliao","https://www.instagram.com/p/CMEArikD9qC/c/17888354558013779/","233 ming","Cemilan mantap banget ya","Balas","","Lihat terjemahan"
"https://www.instagram.com/klik_khair/","https://scontent-cgk2-2.cdninstagram.com/v/t51.2885-19/353615430_1560999224307125_476347373052926893_n.jpg?stp=dst-jpg_s150x150_tt6&efg=eyJ2ZW5jb2RlX3RhZyI6InByb2ZpbGVfcGljLmRqYW5nby4xMDgwLmV4cGVyaW1lbnRhbCJ9&_nc_ht=scontent-cgk2-2.cdninstagram.com&_nc_cat=105&_nc_oc=Q6cZ2QFGk6B4faysrm8xdoN2CTrnvP4dkeeV-sCalAVylwV7a03WcHb7uT_IkQopuMusFYA&_nc_ohc=QyGAEABMW-IQ7kNvwHZiI59&_nc_gid=ZffJAhd53mdlxN-g8h4kow&edm=APs17CUBAAAA&ccb=7-5&oh=00_AfVZ11dZRji0v7xtHRXHLJ4af94GAUIvMnFj3nCJXH2Xag&oe=68B19DE2&_nc_sid=10d13b","klik_khair","https://www.instagram.com/p/CMEArikD9qC/c/17861431412403586/","233 ming","üî•üëè‚ù§Ô∏èüòç","Balas","",""
"https://www.instagram.com/aldrianpraditya/","https://scontent-cgk1-2.cdninstagram.com/v/t51.2885-19/478273444_3921791791395932_7296176749696311697_n.jpg?stp=dst-jpg_s150x150_tt6&efg=eyJ2ZW5jb2RlX3RhZyI6InByb2ZpbGVfcGljLmRqYW5nby4xMDgwLmV4cGVyaW1lbnRhbCJ9&_nc_ht=scontent-cgk1-2.cdninstagram.com&_nc_cat=108&_nc_oc=Q6cZ2QFGk6B4faysrm8xdoN2CTrnvP4dkeeV-sCalAVylwV7a03WcHb7uT_IkQopuMusFYA&_nc_ohc=jsDbInV4VRgQ7kNvwGqONBG&_nc_gid=ZffJAhd53mdlxN-g8h4kow&edm=APs17CUBAAAA&ccb=7-5&oh=00_AfWJ6cq3Qzw5s61sfu3YgDqSkc8jM4rLjwFAW0oUrUuaag&oe=68B1C88F&_nc_sid=10d13b","aldrianpraditya","https://www.instagram.com/p/CMEArikD9qC/c/18066249538263051/","233 ming","Aaaaa mau deh cii","Balas","",""
"https://www.instagram.com/shinta.jajandiary/","https://scontent-cgk1-2.cdninstagram.com/v/t51.2885-19/27891349_302810866910062_4195025412771807232_n.jpg?stp=dst-jpg_s150x150_tt6&efg=eyJ2ZW5jb2RlX3RhZyI6InByb2ZpbGVfcGljLmRqYW5nby4xMDgwLmV4cGVyaW1lbnRhbCJ9&_nc_ht=scontent-cgk1-2.cdninstagram.com&_nc_cat=110&_nc_oc=Q6cZ2QFGk6B4faysrm8xdoN2CTrnvP4dkeeV-sCalAVylwV7a03WcHb7uT_IkQopuMusFYA&_nc_ohc=AYVXsTjQq1MQ7kNvwFQPXDA&_nc_gid=ZffJAhd53mdlxN-g8h4kow&edm=APs17CUBAAAA&ccb=7-5&oh=00_AfWYyiwqzuWOgdsU_XPqbvyPw5ntBwDS8iq36qc9D_86hg&oe=68B1AAD0&_nc_sid=10d13b","shinta.jajandiary","https://www.instagram.com/p/CMEArikD9qC/c/17884219829078269/","233 ming","Lgsg ikutan pesan via shopee","Balas","",""
"https://www.instagram.com/myculinarytrip/","https://scontent-cgk1-2.cdninstagram.com/v/t51.2885-19/128666360_799989927236228_3010703083345656733_n.jpg?stp=dst-jpg_s150x150_tt6&efg=eyJ2ZW5jb2RlX3RhZyI6InByb2ZpbGVfcGljLmRqYW5nby44NTIuYzIifQ&_nc_ht=scontent-cgk1-2.cdninstagram.com&_nc_cat=108&_nc_oc=Q6cZ2QEeYoT3GDomjCrFl2-9uqmGUqnOV1XDViV3B0MQrrrYrilkYsGGyd3yfiKybeGjwzI&_nc_ohc=7j1LFCspUNcQ7kNvwERBm6M&_nc_gid=WKF776D77Un8qL-pDRztMw&edm=AKp6CbIBAAAA&ccb=7-5&oh=00_AfVIlm4eJJ9AUDCGD2eOBxszr7PgYOWJ23YK66jLjLNoew&oe=68B1BB8E&_nc_sid=d62176","myculinarytrip","https://www.instagram.com/p/CMEArikD9qC/c/17906811445700572/","233 ming","Mantap","Balas","",""
"https://www.instagram.com/sherlybetris/","https://scontent-cgk2-2.cdninstagram.com/v/t51.2885-19/488902905_1000540162045021_763328265557246007_n.jpg?stp=dst-jpg_s150x150_tt6&efg=eyJ2ZW5jb2RlX3RhZyI6InByb2ZpbGVfcGljLmRqYW5nby4xMDgwLmMyIn0&_nc_ht=scontent-cgk2-2.cdninstagram.com&_nc_cat=101&_nc_oc=Q6cZ2QEeYoT3GDomjCrFl2-9uqmGUqnOV1XDViV3B0MQrrrYrilkYsGGyd3yfiKybeGjwzI&_nc_ohc=8IqEuMX9cO4Q7kNvwGVf0Vi&_nc_gid=WKF776D77Un8qL-pDRztMw&edm=AKp6CbIBAAAA&ccb=7-5&oh=00_AfU0QhGWOnCmjT1blJGbZtcTrJna8mF34ex7GfuE3OyrPw&oe=68B1A6A4&_nc_sid=d62176","sherlybetris","https://www.instagram.com/p/CMEArikD9qC/c/17874697547194909/","233 ming","Beli ah","Balas","","Lihat terjemahan"
"https://www.instagram.com/makansamaaku/","https://scontent-cgk2-1.cdninstagram.com/v/t51.2885-19/488454647_4162695203963187_4391181350984801140_n.jpg?stp=dst-jpg_s150x150_tt6&efg=eyJ2ZW5jb2RlX3RhZyI6InByb2ZpbGVfcGljLmRqYW5nby4xMDgwLmMyIn0&_nc_ht=scontent-cgk2-1.cdninstagram.com&_nc_cat=103&_nc_oc=Q6cZ2QEeYoT3GDomjCrFl2-9uqmGUqnOV1XDViV3B0MQrrrYrilkYsGGyd3yfiKybeGjwzI&_nc_ohc=YM8HSSZvwe0Q7kNvwGQyzE3&_nc_gid=WKF776D77Un8qL-pDRztMw&edm=AKp6CbIBAAAA&ccb=7-5&oh=00_AfWlvTSlPcauG3ERkn8AuFDpyMrhNOUJWD28V07weI4dbQ&oe=68B1B608&_nc_sid=d62176","makansamaaku","https://www.instagram.com/p/CMEArikD9qC/c/17890558822909309/","233 ming","Mau donk cobain keripik kacanya","Balas","",""
"https://www.instagram.com/rerestyres/","https://scontent-cgk2-2.cdninstagram.com/v/t51.2885-19/526573173_18404576179119337_1019674353143714359_n.jpg?stp=dst-jpg_s150x150_tt6&efg=eyJ2ZW5jb2RlX3RhZyI6InByb2ZpbGVfcGljLmRqYW5nby4xMDgwLmMyIn0&_nc_ht=scontent-cgk2-2.cdninstagram.com&_nc_cat=101&_nc_oc=Q6cZ2QEeYoT3GDomjCrFl2-9uqmGUqnOV1XDViV3B0MQrrrYrilkYsGGyd3yfiKybeGjwzI&_nc_ohc=XJ9FTWTCzxsQ7kNvwHbEetp&_nc_gid=WKF776D77Un8qL-pDRztMw&edm=AKp6CbIBAAAA&ccb=7-5&oh=00_AfVC2TRbxTyXV8ctJmucsQiWgS8BBiAOh29qdu4Z9bm7Ow&oe=68B1CDB4&_nc_sid=d62176","rerestyres","https://www.instagram.com/p/CMEArikD9qC/c/17869702040300611/","233 ming","terbuat dari singkong bukan kak?","Balas","",""
"https://www.instagram.com/duocicip/","https://scontent-cgk1-2.cdninstagram.com/v/t51.2885-19/24331895_152564158804763_3863620732575547392_n.jpg?stp=dst-jpg_s150x150_tt6&efg=eyJ2ZW5jb2RlX3RhZyI6InByb2ZpbGVfcGljLmRqYW5nby41NjAuYzIifQ&_nc_ht=scontent-cgk1-2.cdninstagram.com&_nc_cat=111&_nc_oc=Q6cZ2QEeYoT3GDomjCrFl2-9uqmGUqnOV1XDViV3B0MQrrrYrilkYsGGyd3yfiKybeGjwzI&_nc_ohc=ljltwVbAqZkQ7kNvwHXxx75&_nc_gid=WKF776D77Un8qL-pDRztMw&edm=AKp6CbIBAAAA&ccb=7-5&oh=00_AfWp4Gx2jk8uU8LlR9dCIxHi2IWWPgLxIrS19Jtoj16w3w&oe=68B1A5CF&_nc_sid=d62176","duocicip","https://www.instagram.com/p/CMEArikD9qC/c/17863182338425915/","233 ming","Kriuk2 garingg","Balas","",""
"https://www.instagram.com/tinyfoodjournal/","https://scontent-cgk1-2.cdninstagram.com/v/t51.2885-19/140058908_343245500007731_1417341231889250359_n.jpg?stp=dst-jpg_s150x150_tt6&efg=eyJ2ZW5jb2RlX3RhZyI6InByb2ZpbGVfcGljLmRqYW5nby4xMDgwLmMyIn0&_nc_ht=scontent-cgk1-2.cdninstagram.com&_nc_cat=111&_nc_oc=Q6cZ2QEeYoT3GDomjCrFl2-9uqmGUqnOV1XDViV3B0MQrrrYrilkYsGGyd3yfiKybeGjwzI&_nc_ohc=wH8zB6hq9h4Q7kNvwH7BRcY&_nc_gid=WKF776D77Un8qL-pDRztMw&edm=AKp6CbIBAAAA&ccb=7-5&oh=00_AfXtisO4i-9oL5TdQfWtqGJ6Z7J7tFlEH247jpvmAq0QXg&oe=68B1CA19&_nc_sid=d62176","tinyfoodjournal","https://www.instagram.com/p/CMEArikD9qC/c/17887545614016190/","233 ming","Sumpahh jd pgn ikutan beli kakkk","Balas","",""
"https://www.instagram.com/wajib_dicoba/","https://scontent-cgk1-2.cdninstagram.com/v/t51.2885-19/19051084_1535770353113456_8590007056688218112_a.jpg?stp=dst-jpg_s150x150_tt6&efg=eyJ2ZW5jb2RlX3RhZyI6InByb2ZpbGVfcGljLmRqYW5nby4xMDgwLmMyIn0&_nc_ht=scontent-cgk1-2.cdninstagram.com&_nc_cat=108&_nc_oc=Q6cZ2QEeYoT3GDomjCrFl2-9uqmGUqnOV1XDViV3B0MQrrrYrilkYsGGyd3yfiKybeGjwzI&_nc_ohc=8XZJpzTW8lcQ7kNvwGkatW5&_nc_gid=WKF776D77Un8qL-pDRztMw&edm=AKp6CbIBAAAA&ccb=7-5&oh=00_AfWAL4uP1hrl2L-ZLqYZLjLAS2Qrh_uu58x-L7LdHZHNeQ&oe=68B1CAC4&_nc_sid=d62176","wajib_dicoba","https://www.instagram.com/p/CMEArikD9qC/c/17935898554471414/","233 ming","Kriukkküî•üî•","1 suka","Lihat semua 1 balasan","Balas"
"https://www.instagram.com/gakenyangkenyang/","https://scontent-cgk2-1.cdninstagram.com/v/t51.2885-19/275593279_332133375544888_2448201348096493751_n.jpg?stp=dst-jpg_s150x150_tt6&efg=eyJ2ZW5jb2RlX3RhZyI6InByb2ZpbGVfcGljLmRqYW5nby4xMDgwLmMyIn0&_nc_ht=scontent-cgk2-1.cdninstagram.com&_nc_cat=104&_nc_oc=Q6cZ2QEeYoT3GDomjCrFl2-9uqmGUqnOV1XDViV3B0MQrrrYrilkYsGGyd3yfiKybeGjwzI&_nc_ohc=8pwXvW2rudsQ7kNvwGnozYm&_nc_gid=WKF776D77Un8qL-pDRztMw&edm=AKp6CbIBAAAA&ccb=7-5&oh=00_AfVGuW5ig8T9bUTlJ-a5KJ3G6B6gRE8N-IhS3H45t8R3AA&oe=68B1AE67&_nc_sid=d62176","gakenyangkenyang","https://www.instagram.com/p/CMEArikD9qC/c/17900440969752233/","233 ming","Lucu juga keripik kaca namanya","Balas","Lihat semua 1 balasan",""
"https://www.instagram.com/maya_zikri/","https://scontent-cgk1-1.cdninstagram.com/v/t51.2885-19/527311631_18521400718017438_3916905251706232501_n.jpg?stp=dst-jpg_s150x150_tt6&efg=eyJ2ZW5jb2RlX3RhZyI6InByb2ZpbGVfcGljLmRqYW5nby4xMDgwLmMyIn0&_nc_ht=scontent-cgk1-1.cdninstagram.com&_nc_cat=106&_nc_oc=Q6cZ2QEeYoT3GDomjCrFl2-9uqmGUqnOV1XDViV3B0MQrrrYrilkYsGGyd3yfiKybeGjwzI&_nc_ohc=bRgtcziMEPcQ7kNvwGQfU7c&_nc_gid=WKF776D77Un8qL-pDRztMw&edm=AKp6CbIBAAAA&ccb=7-5&oh=00_AfVQFAe4cAie_GlyudNLkOkJhmwINild01WXDDlCM409yw&oe=68B1CB82&_nc_sid=d62176","maya_zikri","https://www.instagram.com/p/CMEArikD9qC/c/17916849964588016/","233 ming","waah mauü§§ü§§","1 suka","Lihat semua 1 balasan","Balas"
"https://www.instagram.com/kulinerkapandiet/","https://scontent-cgk1-2.cdninstagram.com/v/t51.2885-19/363357502_751117273433482_2176130041228739027_n.jpg?stp=dst-jpg_s150x150_tt6&efg=eyJ2ZW5jb2RlX3RhZyI6InByb2ZpbGVfcGljLmRqYW5nby4xMDgwLmMyIn0&_nc_ht=scontent-cgk1-2.cdninstagram.com&_nc_cat=110&_nc_oc=Q6cZ2QEeYoT3GDomjCrFl2-9uqmGUqnOV1XDViV3B0MQrrrYrilkYsGGyd3yfiKybeGjwzI&_nc_ohc=DT0ivf-2YEQQ7kNvwHDQHeP&_nc_gid=WKF776D77Un8qL-pDRztMw&edm=AKp6CbIBAAAA&ccb=7-5&oh=00_AfXLe0h-r8s16YZ9F0r4RKHJBU8BIYnkpcU7gOtl9av8rg&oe=68B1B4E3&_nc_sid=d62176","kulinerkapandiet","https://www.instagram.com/p/CMEArikD9qC/c/17901215296790566/","233 ming","Wah menarik banget nihüòç coba ahhh","Balas","Lihat semua 1 balasan",""
"https://www.instagram.com/mmekuliner/","https://scontent-cgk1-2.cdninstagram.com/v/t51.2885-19/363831431_739726917505844_7266096084816173812_n.jpg?stp=dst-jpg_s150x150_tt6&efg=eyJ2ZW5jb2RlX3RhZyI6InByb2ZpbGVfcGljLmRqYW5nby4xMDgwLmMyIn0&_nc_ht=scontent-cgk1-2.cdninstagram.com&_nc_cat=108&_nc_oc=Q6cZ2QEeYoT3GDomjCrFl2-9uqmGUqnOV1XDViV3B0MQrrrYrilkYsGGyd3yfiKybeGjwzI&_nc_ohc=hKB9d_K1FLsQ7kNvwGOHZVt&_nc_gid=WKF776D77Un8qL-pDRztMw&edm=AKp6CbIBAAAA&ccb=7-5&oh=00_AfVh2XhXP6XDA6GY-2XkkacB0-aYqP9-Izj5csB1AR9mlA&oe=68B1B447&_nc_sid=d62176","mmekuliner","https://www.instagram.com/p/CMEArikD9qC/c/18103805785208575/","233 ming","Wah selamat pagi kak... Happy weekend","1 suka","Lihat semua 1 balasan","Balas"
"https://www.instagram.com/fanyy_48/","https://scontent-cgk2-2.cdninstagram.com/v/t51.2885-19/480545632_630173046374861_5988552849682663200_n.jpg?stp=dst-jpg_s150x150_tt6&efg=eyJ2ZW5jb2RlX3RhZyI6InByb2ZpbGVfcGljLmRqYW5nby4xMDgwLmMyIn0&_nc_ht=scontent-cgk2-2.cdninstagram.com&_nc_cat=105&_nc_oc=Q6cZ2QE4JcqihZK7UsiedcmJ3u0z8bOPPkwfXHMthamMj0-eVLdAKNaRYBanORvfnsjiIv8&_nc_ohc=3ZgrG598dDsQ7kNvwHnLza_&_nc_gid=fT3pOj_08l0hnGfjeliS5A&edm=APs17CUBAAAA&ccb=7-5&oh=00_AfVoerjhGgM0uELAvKzGErTTvzOhqigcThwFqJ2hNRbiHA&oe=68B1A438&_nc_sid=10d13b","fanyy_48","https://www.instagram.com/p/CKOTuOlnbhv/c/17885030006000024/","239 ming","Ok","1 suka","","Balas"
"https://www.instagram.com/trisnaaadewiii/","https://scontent-cgk1-2.cdninstagram.com/v/t51.2885-19/460876548_2102649623465551_8541983383838394848_n.jpg?stp=dst-jpg_s150x150_tt6&efg=eyJ2ZW5jb2RlX3RhZyI6InByb2ZpbGVfcGljLmRqYW5nby4xMDgwLmMyIn0&_nc_ht=scontent-cgk1-2.cdninstagram.com&_nc_cat=107&_nc_oc=Q6cZ2QHX-MltvIOpQc_-cIRQFissTbzOUnwStpBeZ7PSXWZpzDif75G0qL3zu8VPyYPOpq0&_nc_ohc=OWydRblHfqwQ7kNvwFW3jUr&_nc_gid=zwGyqu6ITfCW5uXjTJ2tnA&edm=AA5fTDYBAAAA&ccb=7-5&oh=00_AfXMK9uxcHSo7_q91hGkWSmjPSseJwtzpCIytpfi3hehDA&oe=68B1A070&_nc_sid=7edfe2","trisnaaadewiii","https://www.instagram.com/p/CKOTuOlnbhv/c/17890545703846196/","239 ming","Ak juga suka bgttt mkan krupuk pkk sambel, lbhh enakkü•∫","2 suka","","Balas"
"https://www.instagram.com/iidessss_/","https://scontent-cgk1-1.cdninstagram.com/v/t51.2885-19/464760996_1254146839119862_3605321457742435801_n.png?stp=dst-jpg_s150x150_tt6&efg=eyJ2ZW5jb2RlX3RhZyI6InByb2ZpbGVfcGljLmRqYW5nby4xNTAuYzIifQ&_nc_ht=scontent-cgk1-1.cdninstagram.com&_nc_cat=1&_nc_oc=Q6cZ2QF86wwWTNtTC3I7MA5Q83s8_z-em1bOWWSyUWvxVtYHyhLloU_6_iq1rCeFSclbwqA&_nc_ohc=PULhrHpS2ikQ7kNvwHeIoEs&_nc_gid=-zvrRS07dMajBJJvwmGN8A&edm=AA5fTDYBAAAA&ccb=7-5&ig_cache_key=YW5vbnltb3VzX3Byb2ZpbGVfcGlj.3-ccb7-5&oh=00_AfWc_jqOUfIS7kZk7eVEPFT-vvs9gfIDu0utTswchYw7SA&oe=68B1C1A8&_nc_sid=7edfe2","iidessss_","https://www.instagram.com/p/CKOTuOlnbhv/c/17854155923460916/","239 ming","Salfok sma bibir nyaa","1 suka","","Balas"
"https://www.instagram.com/azbilabdillahnurrahman/","https://scontent-cgk2-1.cdninstagram.com/v/t51.2885-19/323876650_550002723843878_3328158607727995577_n.jpg?stp=dst-jpg_s150x150_tt6&efg=eyJ2ZW5jb2RlX3RhZyI6InByb2ZpbGVfcGljLmRqYW5nby45MDMuYzIifQ&_nc_ht=scontent-cgk2-1.cdninstagram.com&_nc_cat=102&_nc_oc=Q6cZ2QFtarJuUb1ZY7KqtCAspkGBDAp0WT06VtbO8N-QtoIcUbHIF6MuOB62zc1B5AGCcJY&_nc_ohc=eB6krKtM3r0Q7kNvwEzS-pE&_nc_gid=M4MXd4i92iEYUtaMolAh0w&edm=AA5fTDYBAAAA&ccb=7-5&oh=00_AfUXnQN608vRkv4Xwk2bXlu3XDlhCu2Zj7d2WiwJvKYCdQ&oe=68B1BF52&_nc_sid=7edfe2","azbilabdillahnurrahman","https://www.instagram.com/p/CKOTuOlnbhv/c/17984154271321527/","239 ming","Cantik siiiii.... Tapi ilfil list cara makan nya_ kenapa ya kok pada begitu banget si setiap bikin konten makan.ü§ß","6 suka","Lihat semua 8 balasan","Balas"
"https://www.instagram.com/voglio_calzone/","https://scontent-cgk1-2.cdninstagram.com/v/t51.2885-19/126049656_847407412672967_3938082321374263713_n.jpg?stp=dst-jpg_s150x150_tt6&efg=eyJ2ZW5jb2RlX3RhZyI6InByb2ZpbGVfcGljLmRqYW5nby4xMDgwLmMyIn0&_nc_ht=scontent-cgk1-2.cdninstagram.com&_nc_cat=111&_nc_oc=Q6cZ2QE4JcqihZK7UsiedcmJ3u0z8bOPPkwfXHMthamMj0-eVLdAKNaRYBanORvfnsjiIv8&_nc_ohc=hZ9Qe6ZNwCkQ7kNvwEBvXf-&_nc_gid=fT3pOj_08l0hnGfjeliS5A&edm=APs17CUBAAAA&ccb=7-5&oh=00_AfU1xmF5bXO6Lov9aNHwAhz8bD3xWd-KsSA9ybchxN6hSw&oe=68B1AA49&_nc_sid=10d13b","voglio_calzone","https://www.instagram.com/p/CKOTuOlnbhv/c/17898329032778625/","239 ming","Mampir yuk di ig kami, ada sensasi baru dalam makan pizzaüòç","Balas","",""
"https://www.instagram.com/cabebubukjanecook/","https://scontent-cgk1-1.cdninstagram.com/v/t51.2885-19/101858137_286954379149245_8730384880187211776_n.jpg?stp=dst-jpg_s150x150_tt6&efg=eyJ2ZW5jb2RlX3RhZyI6InByb2ZpbGVfcGljLmRqYW5nby4xMDQ5LmMyIn0&_nc_ht=scontent-cgk1-1.cdninstagram.com&_nc_cat=109&_nc_oc=Q6cZ2QE4JcqihZK7UsiedcmJ3u0z8bOPPkwfXHMthamMj0-eVLdAKNaRYBanORvfnsjiIv8&_nc_ohc=ncwgjooOuXYQ7kNvwGMG-hZ&_nc_gid=fT3pOj_08l0hnGfjeliS5A&edm=APs17CUBAAAA&ccb=7-5&oh=00_AfUsaQMNFcVFyq9sF3hCjLYhWt3KbIzzezQKFhT9i4h-MA&oe=68B1AA51&_nc_sid=10d13b","cabebubukjanecook","https://www.instagram.com/p/CKOTuOlnbhv/c/17871140960206477/","239 ming","cabenya kak üî•üî•üî•üî•üî•","1 suka","","Balas"
"https://www.instagram.com/dhiah.nugrahini.7/","https://scontent-cgk2-2.cdninstagram.com/v/t51.2885-19/486094713_631669776337237_6553409195295105949_n.jpg?stp=dst-jpg_s150x150_tt6&efg=eyJ2ZW5jb2RlX3RhZyI6InByb2ZpbGVfcGljLmRqYW5nby4xMDgwLmMyIn0&_nc_ht=scontent-cgk2-2.cdninstagram.com&_nc_cat=101&_nc_oc=Q6cZ2QE4JcqihZK7UsiedcmJ3u0z8bOPPkwfXHMthamMj0-eVLdAKNaRYBanORvfnsjiIv8&_nc_ohc=08iszvsh6IEQ7kNvwFfSYKt&_nc_gid=fT3pOj_08l0hnGfjeliS5A&edm=APs17CUBAAAA&ccb=7-5&oh=00_AfWdKnwqZB2KO_rQ-HRQAuvmYW4n1hbVPranXonG-2HLmg&oe=68B1BED5&_nc_sid=10d13b","dhiah.nugrahini.7","https://www.instagram.com/p/CKOTuOlnbhv/c/18186461014036170/","239 ming","pengeeeeenn","1 suka","","Balas"
"https://www.instagram.com/deofallen/","https://scontent-cgk2-2.cdninstagram.com/v/t51.2885-19/169516327_189660529435008_686859465324367952_n.jpg?stp=dst-jpg_s150x150_tt6&efg=eyJ2ZW5jb2RlX3RhZyI6InByb2ZpbGVfcGljLmRqYW5nby43MjAuYzIifQ&_nc_ht=scontent-cgk2-2.cdninstagram.com&_nc_cat=100&_nc_oc=Q6cZ2QE4JcqihZK7UsiedcmJ3u0z8bOPPkwfXHMthamMj0-eVLdAKNaRYBanORvfnsjiIv8&_nc_ohc=vxGaTjGSwgsQ7kNvwGjPSGC&_nc_gid=fT3pOj_08l0hnGfjeliS5A&edm=APs17CUBAAAA&ccb=7-5&oh=00_AfUeRJ49TrJZhXe0fOY7iptwK9Qu69SvakOGFM0wfnqlJA&oe=68B1A87B&_nc_sid=10d13b","deofallen","https://www.instagram.com/p/CKOTuOlnbhv/c/17981669905322609/","239 ming","Rambak sapii","1 suka","","Balas"
"https://www.instagram.com/savadelliaa/","https://scontent-cgk2-1.cdninstagram.com/v/t51.2885-19/127140332_696041424641056_3738022047695761668_n.jpg?stp=dst-jpg_s150x150_tt6&efg=eyJ2ZW5jb2RlX3RhZyI6InByb2ZpbGVfcGljLmRqYW5nby41NDAuYzIifQ&_nc_ht=scontent-cgk2-1.cdninstagram.com&_nc_cat=104&_nc_oc=Q6cZ2QE4JcqihZK7UsiedcmJ3u0z8bOPPkwfXHMthamMj0-eVLdAKNaRYBanORvfnsjiIv8&_nc_ohc=Zr2c-b0ohakQ7kNvwFQ2JnM&_nc_gid=fT3pOj_08l0hnGfjeliS5A&edm=APs17CUBAAAA&ccb=7-5&oh=00_AfX6W6oakfGllh-5b6F3X5nGQpa-kNmRzDoIIQ2QpRVR1A&oe=68B1A6FA&_nc_sid=10d13b","savadelliaa","https://www.instagram.com/p/CKOTuOlnbhv/c/17892506998869627/","239 ming","Kak dorokdok itu bukanya rambak ya?","1 suka","","Balas"
"https://www.instagram.com/ngunyahberdua/","https://scontent-cgk2-2.cdninstagram.com/v/t51.2885-19/272951562_118041707269229_5218567113770200562_n.jpg?stp=dst-jpg_s150x150_tt6&efg=eyJ2ZW5jb2RlX3RhZyI6InByb2ZpbGVfcGljLmRqYW5nby4xMDM2LmMyIn0&_nc_ht=scontent-cgk2-2.cdninstagram.com&_nc_cat=105&_nc_oc=Q6cZ2QE4JcqihZK7UsiedcmJ3u0z8bOPPkwfXHMthamMj0-eVLdAKNaRYBanORvfnsjiIv8&_nc_ohc=NM5-dj0LassQ7kNvwFK2KId&_nc_gid=fT3pOj_08l0hnGfjeliS5A&edm=APs17CUBAAAA&ccb=7-5&oh=00_AfWpbrgj_MW6n6ZiaVDD0pWum3ruDPdqNh8O_L-4XW16IQ&oe=68B1C8F0&_nc_sid=10d13b","ngunyahberdua","https://www.instagram.com/p/CKOTuOlnbhv/c/17871026567198961/","239 ming","Mantaapp bunü§§","Balas","",""
"https://www.instagram.com/fahrit_mufama_cetarrrr/","https://scontent-cgk2-2.cdninstagram.com/v/t51.2885-19/275101766_542780590404781_729298769672659205_n.jpg?stp=dst-jpg_s150x150_tt6&efg=eyJ2ZW5jb2RlX3RhZyI6InByb2ZpbGVfcGljLmRqYW5nby43OTYuYzIifQ&_nc_ht=scontent-cgk2-2.cdninstagram.com&_nc_cat=101&_nc_oc=Q6cZ2QE4JcqihZK7UsiedcmJ3u0z8bOPPkwfXHMthamMj0-eVLdAKNaRYBanORvfnsjiIv8&_nc_ohc=8X-7SJgNp7cQ7kNvwHJ8Gtk&_nc_gid=fT3pOj_08l0hnGfjeliS5A&edm=APs17CUBAAAA&ccb=7-5&oh=00_AfVTElfvYyv6qJQZjj3I2BRUgM33iRHWCZDp1ew7DpzpzQ&oe=68B1AEE5&_nc_sid=10d13b","fahrit_mufama_cetarrrr","https://www.instagram.com/p/CKOTuOlnbhv/c/17923218880506252/","239 ming","Mantappp ini üíúüíúüíú ngiler ihh","3 suka","","Balas"
"https://www.instagram.com/rokky_chips/","https://scontent-cgk1-1.cdninstagram.com/v/t51.2885-19/130552772_438459333988398_2143026907071973708_n.jpg?stp=dst-jpg_s150x150_tt6&efg=eyJ2ZW5jb2RlX3RhZyI6InByb2ZpbGVfcGljLmRqYW5nby43MjAuYzIifQ&_nc_ht=scontent-cgk1-1.cdninstagram.com&_nc_cat=106&_nc_oc=Q6cZ2QE4JcqihZK7UsiedcmJ3u0z8bOPPkwfXHMthamMj0-eVLdAKNaRYBanORvfnsjiIv8&_nc_ohc=6ns0CAhyTKkQ7kNvwF3cFrI&_nc_gid=fT3pOj_08l0hnGfjeliS5A&edm=APs17CUBAAAA&ccb=7-5&oh=00_AfWAv2l9DczI-L2FnVk9dBEiPxUVsveTPrynD9H5R6IFVg&oe=68B1AD91&_nc_sid=10d13b","rokky_chips","https://www.instagram.com/p/CKOTuOlnbhv/c/17858966375400523/","239 ming","Kak!! Keripik pisang kopi talas singkong ubi ungunya nagih banget nihh cobain deh!!!","1 suka","","Balas"
"https://www.instagram.com/pujiarlin/","https://scontent-cgk2-1.cdninstagram.com/v/t51.2885-19/495837668_18297592360246862_4271908883170861050_n.jpg?stp=dst-jpg_s150x150_tt6&efg=eyJ2ZW5jb2RlX3RhZyI6InByb2ZpbGVfcGljLmRqYW5nby4xMDgwLmMyIn0&_nc_ht=scontent-cgk2-1.cdninstagram.com&_nc_cat=102&_nc_oc=Q6cZ2QE4JcqihZK7UsiedcmJ3u0z8bOPPkwfXHMthamMj0-eVLdAKNaRYBanORvfnsjiIv8&_nc_ohc=Is2XFyyIALwQ7kNvwHUdzWu&_nc_gid=fT3pOj_08l0hnGfjeliS5A&edm=APs17CUBAAAA&ccb=7-5&oh=00_AfUoONDbAUbJ_swUtjc2OiZt9tyxH7rzfIdp-3BMWi_KZA&oe=68B19BA7&_nc_sid=10d13b","pujiarlin","https://www.instagram.com/p/CKOTuOlnbhv/c/17903211085688771/","239 ming","Cantik bgtttüòçüòç","1 suka","Opsi Komentar","Balas"
"https://www.instagram.com/ari.wibxwx/","https://scontent-cgk2-2.cdninstagram.com/v/t51.2885-19/461795688_1630452567503069_6913328977916788569_n.jpg?stp=dst-jpg_s150x150_tt6&efg=eyJ2ZW5jb2RlX3RhZyI6InByb2ZpbGVfcGljLmRqYW5nby4xMDgwLmMyIn0&_nc_ht=scontent-cgk2-2.cdninstagram.com&_nc_cat=105&_nc_oc=Q6cZ2QE4JcqihZK7UsiedcmJ3u0z8bOPPkwfXHMthamMj0-eVLdAKNaRYBanORvfnsjiIv8&_nc_ohc=q-UL4XftiQIQ7kNvwHUhGxN&_nc_gid=fT3pOj_08l0hnGfjeliS5A&edm=APs17CUBAAAA&ccb=7-5&oh=00_AfUHjvtHeLJYwqmIIoQiCcMHcaTD2uFvQ3Ie2NJlPtYWcQ&oe=68B1D09C&_nc_sid=10d13b","ari.wibxwx","https://www.instagram.com/p/CKOTuOlnbhv/c/17878990127087129/","239 ming","Kangen ama dorokdokk jadinya liat ini kaa üò≠üò≠","1 suka","","Balas"
"https://www.instagram.com/askiiyyaaaa/","https://scontent-cgk1-2.cdninstagram.com/v/t51.2885-19/412718485_729739638789443_5385476719755196256_n.jpg?stp=dst-jpg_s150x150_tt6&efg=eyJ2ZW5jb2RlX3RhZyI6InByb2ZpbGVfcGljLmRqYW5nby42NzEuYzIifQ&_nc_ht=scontent-cgk1-2.cdninstagram.com&_nc_cat=111&_nc_oc=Q6cZ2QE4JcqihZK7UsiedcmJ3u0z8bOPPkwfXHMthamMj0-eVLdAKNaRYBanORvfnsjiIv8&_nc_ohc=CINalRIDnc8Q7kNvwE2V_Th&_nc_gid=fT3pOj_08l0hnGfjeliS5A&edm=APs17CUBAAAA&ccb=7-5&oh=00_AfUp0cQiDeVSaeddQqHPjXB2hnQnJlxazJ4dpqcEPJxVNg&oe=68B1CFB6&_nc_sid=10d13b","askiiyyaaaa","https://www.instagram.com/p/CKOTuOlnbhv/c/17869334759302422/","239 ming","Ngiler ikiiüòç,","1 suka","","Balas"
"https://www.instagram.com/asep17maulana._/","https://instagram.fdps3-1.fna.fbcdn.net/v/t51.2885-19/464760996_1254146839119862_3605321457742435801_n.png?stp=dst-jpg_e0_s150x150_tt6&efg=eyJ2ZW5jb2RlX3RhZyI6InByb2ZpbGVfcGljLmRqYW5nby4xNTAuYzIifQ&_nc_ad=z-m&_nc_ht=instagram.fdps3-1.fna.fbcdn.net&_nc_cat=1&_nc_oc=Q6cZ2QEBBjsQdiGIUWbazkqSB6ugcjRyDsKMvvWnRQi7qytcnov_cyfSUXOiD_3LqprbFcM&_nc_ohc=PULhrHpS2ikQ7kNvwEVA4mY&_nc_gid=6oFP6NVqNHsgx6a24oIpqw&edm=AD35FJ8BAAAA&ccb=7-5&ig_cache_key=YW5vbnltb3VzX3Byb2ZpbGVfcGlj.3-ccb7-5&oh=00_AfVIRXPlgH1Nh9CTdwm50nhYLBkOovPN_SMqt7rf-FErjQ&oe=68B1C1A8&_nc_sid=f880d0","asep17maulana._","https://www.instagram.com/p/CKOTuOlnbhv/c/17893020628817772/","239 ming","Mampir kak","1 suka","","Balas"
"https://www.instagram.com/foodstoriesid/","https://scontent-cgk2-2.cdninstagram.com/v/t51.2885-19/81341184_530651224325177_8710854061869498368_n.jpg?stp=dst-jpg_s150x150_tt6&efg=eyJ2ZW5jb2RlX3RhZyI6InByb2ZpbGVfcGljLmRqYW5nby4xMDgwLmMyIn0&_nc_ht=scontent-cgk2-2.cdninstagram.com&_nc_cat=105&_nc_oc=Q6cZ2QErFKdFutSeEDghQMWztadKkDq-PjB8vuhIjeO9C9ZxUvQqSaM4uRe9rmo6Q1G2mUU&_nc_ohc=t-0I916SiaAQ7kNvwEVsG4K&_nc_gid=mqx6vYwBr9pfEK5yUzY4nA&edm=AKp6CbIBAAAA&ccb=7-5&oh=00_AfX4wMM9wI_pqRTw89vOKLRDOPW7W9dsTrXzAPuW1J68Aw&oe=68B1B0E7&_nc_sid=d62176","foodstoriesid","https://www.instagram.com/p/CKOTuOlnbhv/c/18154737973129462/","239 ming","Aku juga mauu","Balas","",""
"https://www.instagram.com/wargabandung.id/","https://scontent-cgk2-2.cdninstagram.com/v/t51.2885-19/474035047_1788693838555865_2663486515006534913_n.jpg?stp=dst-jpg_s150x150_tt6&efg=eyJ2ZW5jb2RlX3RhZyI6InByb2ZpbGVfcGljLmRqYW5nby4xMDgwLmMyIn0&_nc_ht=scontent-cgk2-2.cdninstagram.com&_nc_cat=105&_nc_oc=Q6cZ2QErFKdFutSeEDghQMWztadKkDq-PjB8vuhIjeO9C9ZxUvQqSaM4uRe9rmo6Q1G2mUU&_nc_ohc=iKYIXFArBywQ7kNvwGsG4E5&_nc_gid=mqx6vYwBr9pfEK5yUzY4nA&edm=AKp6CbIBAAAA&ccb=7-5&oh=00_AfXbCWQuLJKbFfaQ9LpkL1gKjfZ-UxXScHNRnRMIVWYTLQ&oe=68B1C09C&_nc_sid=d62176","wargabandung.id","https://www.instagram.com/p/CKOTuOlnbhv/c/17871308348212970/","239 ming","enaknyoooü§§","1 suka","","Balas"
"https://www.instagram.com/_albhnifrl/","https://scontent-cgk1-2.cdninstagram.com/v/t51.2885-19/503833276_18270610594275331_2524672737973438858_n.jpg?stp=dst-jpg_s150x150_tt6&efg=eyJ2ZW5jb2RlX3RhZyI6InByb2ZpbGVfcGljLmRqYW5nby4xMDgwLmMyIn0&_nc_ht=scontent-cgk1-2.cdninstagram.com&_nc_cat=107&_nc_oc=Q6cZ2QErFKdFutSeEDghQMWztadKkDq-PjB8vuhIjeO9C9ZxUvQqSaM4uRe9rmo6Q1G2mUU&_nc_ohc=s_IZ_7A_NpIQ7kNvwE6Ixdv&_nc_gid=mqx6vYwBr9pfEK5yUzY4nA&edm=AKp6CbIBAAAA&ccb=7-5&oh=00_AfXn0Mf3vhGljQX3liF0EQgH2Lo_0TaauZYN1spoGUzBUQ&oe=68B1B608&_nc_sid=d62176","_albhnifrl","https://www.instagram.com/p/CKOTuOlnbhv/c/17914067161566417/","239 ming","Wa ngeborong ni mba üò≤","1 suka","","Balas"
"https://www.instagram.com/_.nrlklisdaa._/","https://scontent-cgk2-1.cdninstagram.com/v/t51.2885-19/274954831_126177296640640_4460571468289686207_n.jpg?stp=dst-jpg_s150x150_tt6&efg=eyJ2ZW5jb2RlX3RhZyI6InByb2ZpbGVfcGljLmRqYW5nby40NTMuYzIifQ&_nc_ht=scontent-cgk2-1.cdninstagram.com&_nc_cat=104&_nc_oc=Q6cZ2QErFKdFutSeEDghQMWztadKkDq-PjB8vuhIjeO9C9ZxUvQqSaM4uRe9rmo6Q1G2mUU&_nc_ohc=OItJPs49ZYIQ7kNvwEUm9UF&_nc_gid=mqx6vYwBr9pfEK5yUzY4nA&edm=AKp6CbIBAAAA&ccb=7-5&oh=00_AfXsJ3EN4bL46ygtf8Q6uUCGfGr141eHb0VKiyZV2SxIqg&oe=68B1C213&_nc_sid=d62176","_.nrlklisdaa._","https://www.instagram.com/p/CKOTuOlnbhv/c/17892016018831297/","239 ming","Mbak zahra tularkan semangatmu nang aku mbak, ndelok mean lek makan jan sueruüòÇ","1 suka","","Balas"
"https://www.instagram.com/dhasevrida/","https://scontent-cgk2-2.cdninstagram.com/v/t51.2885-19/246067623_181880727440424_4960444299545252505_n.jpg?stp=dst-jpg_s150x150_tt6&efg=eyJ2ZW5jb2RlX3RhZyI6InByb2ZpbGVfcGljLmRqYW5nby4xMDYxLmMyIn0&_nc_ht=scontent-cgk2-2.cdninstagram.com&_nc_cat=100&_nc_oc=Q6cZ2QErFKdFutSeEDghQMWztadKkDq-PjB8vuhIjeO9C9ZxUvQqSaM4uRe9rmo6Q1G2mUU&_nc_ohc=ShyRao55QdwQ7kNvwEGNFjK&_nc_gid=mqx6vYwBr9pfEK5yUzY4nA&edm=AKp6CbIBAAAA&ccb=7-5&oh=00_AfXHPbM5r2l-DzJ-O1pkeerG3aNzPlHR0EtIYWewqxOseg&oe=68B1A6A9&_nc_sid=d62176","dhasevrida","https://www.instagram.com/p/CKOTuOlnbhv/c/17869928117245151/","239 ming","Ngiler sampe usus 12 jari","1 suka","","Balas"
"https://www.instagram.com/ngadon_official/","https://scontent-cgk1-1.cdninstagram.com/v/t51.2885-19/448729329_1679537936196594_4021378381247545349_n.jpg?stp=dst-jpg_s150x150_tt6&efg=eyJ2ZW5jb2RlX3RhZyI6InByb2ZpbGVfcGljLmRqYW5nby44MjguYzIifQ&_nc_ht=scontent-cgk1-1.cdninstagram.com&_nc_cat=106&_nc_oc=Q6cZ2QErFKdFutSeEDghQMWztadKkDq-PjB8vuhIjeO9C9ZxUvQqSaM4uRe9rmo6Q1G2mUU&_nc_ohc=nOf04Bpva_QQ7kNvwELuQEz&_nc_gid=mqx6vYwBr9pfEK5yUzY4nA&edm=AKp6CbIBAAAA&ccb=7-5&oh=00_AfWGz6HM5rWn6vbutG9e_mqaeSp8H7V2FzGVwly8PtR-fw&oe=68B1B3D7&_nc_sid=d62176","ngadon_official","https://www.instagram.com/p/CKOTuOlnbhv/c/17853111662469050/","239 ming","Party snackkkkkküòÜüòÜüòç","1 suka","","Balas"
"https://www.instagram.com/salsabilaa.ds/","https://instagram.fdps3-1.fna.fbcdn.net/v/t51.2885-19/464760996_1254146839119862_3605321457742435801_n.png?stp=dst-jpg_e0_s150x150_tt6&efg=eyJ2ZW5jb2RlX3RhZyI6InByb2ZpbGVfcGljLmRqYW5nby4xNTAuYzIifQ&_nc_ad=z-m&_nc_ht=instagram.fdps3-1.fna.fbcdn.net&_nc_cat=1&_nc_oc=Q6cZ2QEBBjsQdiGIUWbazkqSB6ugcjRyDsKMvvWnRQi7qytcnov_cyfSUXOiD_3LqprbFcM&_nc_ohc=PULhrHpS2ikQ7kNvwEVA4mY&_nc_gid=6oFP6NVqNHsgx6a24oIpqw&edm=AD35FJ8BAAAA&ccb=7-5&ig_cache_key=YW5vbnltb3VzX3Byb2ZpbGVfcGlj.3-ccb7-5&oh=00_AfVIRXPlgH1Nh9CTdwm50nhYLBkOovPN_SMqt7rf-FErjQ&oe=68B1C1A8&_nc_sid=f880d0","salsabilaa.ds","https://www.instagram.com/p/CKOTuOlnbhv/c/17987527150323593/","239 ming","racun terooooosüò≠üòç","1 suka","","Balas"
"https://www.instagram.com/pujiarlin/","https://scontent-cgk2-1.cdninstagram.com/v/t51.2885-19/495837668_18297592360246862_4271908883170861050_n.jpg?stp=dst-jpg_s150x150_tt6&efg=eyJ2ZW5jb2RlX3RhZyI6InByb2ZpbGVfcGljLmRqYW5nby4xMDgwLmMyIn0&_nc_ht=scontent-cgk2-1.cdninstagram.com&_nc_cat=102&_nc_oc=Q6cZ2QE4JcqihZK7UsiedcmJ3u0z8bOPPkwfXHMthamMj0-eVLdAKNaRYBanORvfnsjiIv8&_nc_ohc=Is2XFyyIALwQ7kNvwHUdzWu&_nc_gid=fT3pOj_08l0hnGfjeliS5A&edm=APs17CUBAAAA&ccb=7-5&oh=00_AfUoONDbAUbJ_swUtjc2OiZt9tyxH7rzfIdp-3BMWi_KZA&oe=68B19BA7&_nc_sid=10d13b","pujiarlin","https://www.instagram.com/p/CKOTuOlnbhv/c/17903211085688771/","239 ming","Cantik bgtttüòçüòç","1 suka","","Balas"
"https://www.instagram.com/dhasevrida/","https://scontent-cgk2-2.cdninstagram.com/v/t51.2885-19/246067623_181880727440424_4960444299545252505_n.jpg?stp=dst-jpg_s150x150_tt6&efg=eyJ2ZW5jb2RlX3RhZyI6InByb2ZpbGVfcGljLmRqYW5nby4xMDYxLmMyIn0&_nc_ht=scontent-cgk2-2.cdninstagram.com&_nc_cat=100&_nc_oc=Q6cZ2QH0S7XWMW_mXIbDCasRX7KBU1tw83kpmCn_DShstITAyCZVPEvvMylvLf8FTrW53mI&_nc_ohc=ShyRao55QdwQ7kNvwEGNFjK&_nc_gid=PPArIlrBt792Zb3BkRamEg&edm=AA5fTDYBAAAA&ccb=7-5&oh=00_AfWTSOtXFn7yUIxBw05WVc0B338w001s__f0ZffvAUpt3A&oe=68B1A6A9&_nc_sid=7edfe2","dhasevrida","https://www.instagram.com/p/CKOTuOlnbhv/c/17869928117245151/","239 ming","Ngiler sampe usus 12 jari","1 suka","","Balas"
"https://www.instagram.com/etencoemi/","https://scontent-cgk2-2.cdninstagram.com/v/t51.2885-19/355848820_593536892908128_8028315947381910985_n.jpg?stp=dst-jpg_s150x150_tt6&efg=eyJ2ZW5jb2RlX3RhZyI6InByb2ZpbGVfcGljLmRqYW5nby4xMDgwLmMyIn0&_nc_ht=scontent-cgk2-2.cdninstagram.com&_nc_cat=100&_nc_oc=Q6cZ2QH78YTr36OtZ0_bNPu6OZuDQGGd7xCvUXf4TOg6NkLVsRD780jePTC7Y31I2WT9dw4&_nc_ohc=doLXVKaedCkQ7kNvwErcKzN&_nc_gid=lRtrEoY44m51yBjgOyTLjw&edm=APs17CUBAAAA&ccb=7-5&oh=00_AfX8doRfglpIkoSXO5nECdp6GV_A2RIo2OfBQDLwdZhkDA&oe=68B1AC70&_nc_sid=10d13b","etencoemi","https://www.instagram.com/p/CPVdvRRDobW/c/17851033667589167/","221 ming","Doyan kirimin donk 1 yg kek guling tuh üòÇü§§ü§§","1 suka","Lihat semua 2 balasan","Balas"
"https://www.instagram.com/break_riri/","https://scontent-cgk1-2.cdninstagram.com/v/t51.2885-19/500386863_18068353471984151_7134304608919334382_n.jpg?stp=dst-jpg_s150x150_tt6&efg=eyJ2ZW5jb2RlX3RhZyI6InByb2ZpbGVfcGljLmRqYW5nby42NTQuYzIifQ&_nc_ht=scontent-cgk1-2.cdninstagram.com&_nc_cat=111&_nc_oc=Q6cZ2QH78YTr36OtZ0_bNPu6OZuDQGGd7xCvUXf4TOg6NkLVsRD780jePTC7Y31I2WT9dw4&_nc_ohc=Us7Ucj7eA5wQ7kNvwHBY4R5&_nc_gid=lRtrEoY44m51yBjgOyTLjw&edm=APs17CUBAAAA&ccb=7-5&oh=00_AfVtBBEoiTm3uTbk_Dh4A84hSmq3NUYUJsAX6bhp33RX6g&oe=68B1CFFE&_nc_sid=10d13b","break_riri","https://www.instagram.com/p/CPVdvRRDobW/c/17869711769414295/","221 ming","Kerupuk kulit? Kulit apa tuh !","1 suka","Lihat semua 1 balasan","Balas"
"https://www.instagram.com/jktfoodbomb/","https://scontent-cgk2-1.cdninstagram.com/v/t51.2885-19/258883311_600152741216006_4824323939869688105_n.jpg?stp=dst-jpg_s150x150_tt6&efg=eyJ2ZW5jb2RlX3RhZyI6InByb2ZpbGVfcGljLmRqYW5nby4xMDgwLmMyIn0&_nc_ht=scontent-cgk2-1.cdninstagram.com&_nc_cat=102&_nc_oc=Q6cZ2QH78YTr36OtZ0_bNPu6OZuDQGGd7xCvUXf4TOg6NkLVsRD780jePTC7Y31I2WT9dw4&_nc_ohc=jJCLAZMfXI4Q7kNvwF5HBOh&_nc_gid=lRtrEoY44m51yBjgOyTLjw&edm=APs17CUBAAAA&ccb=7-5&oh=00_AfUjN5vNyOJmzWZ_1qfKXyb23EKsHGMCkjSVqkOvNN0t0w&oe=68B1B966&_nc_sid=10d13b","jktfoodbomb","https://www.instagram.com/p/CPVdvRRDobW/c/17947317520475359/","221 ming","Yummyyy","1 suka","Lihat semua 1 balasan","Balas"
"https://www.instagram.com/pengengunyah/","https://scontent-cgk2-2.cdninstagram.com/v/t51.2885-19/476575705_921621603468648_2675546459943405030_n.jpg?stp=dst-jpg_s150x150_tt6&efg=eyJ2ZW5jb2RlX3RhZyI6InByb2ZpbGVfcGljLmRqYW5nby4xMDgwLmMyIn0&_nc_ht=scontent-cgk2-2.cdninstagram.com&_nc_cat=100&_nc_oc=Q6cZ2QH78YTr36OtZ0_bNPu6OZuDQGGd7xCvUXf4TOg6NkLVsRD780jePTC7Y31I2WT9dw4&_nc_ohc=QsMudPnKMAgQ7kNvwG948Qw&_nc_gid=lRtrEoY44m51yBjgOyTLjw&edm=APs17CUBAAAA&ccb=7-5&oh=00_AfXIbP4SH1pAR3IHDzuZaPi63XIpSLSH7haLdvV-weqKTg&oe=68B1C4B5&_nc_sid=10d13b","pengengunyah","https://www.instagram.com/p/CPVdvRRDobW/c/18209180146074970/","221 ming","Wahh favoritt","1 suka","Lihat semua 1 balasan","Balas"
"https://www.instagram.com/duolapar/","https://scontent-cgk1-2.cdninstagram.com/v/t51.2885-19/65230273_681800918917247_4722627879836319744_n.jpg?stp=dst-jpg_s150x150_tt6&efg=eyJ2ZW5jb2RlX3RhZyI6InByb2ZpbGVfcGljLmRqYW5nby4xMDgwLmMyIn0&_nc_ht=scontent-cgk1-2.cdninstagram.com&_nc_cat=111&_nc_oc=Q6cZ2QH78YTr36OtZ0_bNPu6OZuDQGGd7xCvUXf4TOg6NkLVsRD780jePTC7Y31I2WT9dw4&_nc_ohc=GV4RkviSrRYQ7kNvwFdIr2s&_nc_gid=lRtrEoY44m51yBjgOyTLjw&edm=APs17CUBAAAA&ccb=7-5&oh=00_AfU0BL_hUs3tpTfJ3G-RaSFnDGgC46TOV6uiopJ9hfH83w&oe=68B1CE06&_nc_sid=10d13b","duolapar","https://www.instagram.com/p/CPVdvRRDobW/c/17973913969386256/","221 ming","woooow aku suka nih","1 suka","Lihat semua 1 balasan","Balas"
"https://www.instagram.com/azhadonk/","https://scontent-cgk2-1.cdninstagram.com/v/t51.2885-19/160219588_338957267551768_2452892287272118534_n.jpg?stp=dst-jpg_s150x150_tt6&efg=eyJ2ZW5jb2RlX3RhZyI6InByb2ZpbGVfcGljLmRqYW5nby45NjAuYzIifQ&_nc_ht=scontent-cgk2-1.cdninstagram.com&_nc_cat=104&_nc_oc=Q6cZ2QH78YTr36OtZ0_bNPu6OZuDQGGd7xCvUXf4TOg6NkLVsRD780jePTC7Y31I2WT9dw4&_nc_ohc=8e0kaD_Q3UgQ7kNvwGCydDW&_nc_gid=lRtrEoY44m51yBjgOyTLjw&edm=APs17CUBAAAA&ccb=7-5&oh=00_AfUD9eX_V01yN6Fxqq9nSo_4m2Z7ffJ8PVOR2gloWzel2Q&oe=68B1CB55&_nc_sid=10d13b","azhadonk","https://www.instagram.com/p/CPVdvRRDobW/c/18227074309010758/","221 ming","Cod ga","1 suka","Lihat semua 1 balasan","Balas"
"https://www.instagram.com/azhadonk/","https://scontent-cgk2-1.cdninstagram.com/v/t51.2885-19/160219588_338957267551768_2452892287272118534_n.jpg?stp=dst-jpg_s150x150_tt6&efg=eyJ2ZW5jb2RlX3RhZyI6InByb2ZpbGVfcGljLmRqYW5nby45NjAuYzIifQ&_nc_ht=scontent-cgk2-1.cdninstagram.com&_nc_cat=104&_nc_oc=Q6cZ2QH78YTr36OtZ0_bNPu6OZuDQGGd7xCvUXf4TOg6NkLVsRD780jePTC7Y31I2WT9dw4&_nc_ohc=8e0kaD_Q3UgQ7kNvwGCydDW&_nc_gid=lRtrEoY44m51yBjgOyTLjw&edm=APs17CUBAAAA&ccb=7-5&oh=00_AfUD9eX_V01yN6Fxqq9nSo_4m2Z7ffJ8PVOR2gloWzel2Q&oe=68B1CB55&_nc_sid=10d13b","azhadonk","https://www.instagram.com/p/CPVdvRRDobW/c/17906659066824774/","221 ming","Boleh tu kerupuk kulitnya","1 suka","","Balas"
"https://www.instagram.com/duocicip/","https://scontent-cgk1-2.cdninstagram.com/v/t51.2885-19/24331895_152564158804763_3863620732575547392_n.jpg?stp=dst-jpg_s150x150_tt6&efg=eyJ2ZW5jb2RlX3RhZyI6InByb2ZpbGVfcGljLmRqYW5nby41NjAuYzIifQ&_nc_ht=scontent-cgk1-2.cdninstagram.com&_nc_cat=111&_nc_oc=Q6cZ2QH78YTr36OtZ0_bNPu6OZuDQGGd7xCvUXf4TOg6NkLVsRD780jePTC7Y31I2WT9dw4&_nc_ohc=ljltwVbAqZkQ7kNvwHXxx75&_nc_gid=lRtrEoY44m51yBjgOyTLjw&edm=APs17CUBAAAA&ccb=7-5&oh=00_AfWrqdAbUDqeBTHYMlpn9qH12fgT-NNIwX9wFeleuAx0zg&oe=68B1A5CF&_nc_sid=10d13b","duocicip","https://www.instagram.com/p/CPVdvRRDobW/c/17888858414103353/","221 ming","Waduh ngunyah terus nihüòç","1 suka","Lihat semua 1 balasan","Balas"
"https://www.instagram.com/rifan_auf/","https://scontent-cgk2-2.cdninstagram.com/v/t51.2885-19/460495223_1508498413361964_6842938671157927511_n.jpg?stp=dst-jpg_s150x150_tt6&efg=eyJ2ZW5jb2RlX3RhZyI6InByb2ZpbGVfcGljLmRqYW5nby4xMDgwLmMyIn0&_nc_ht=scontent-cgk2-2.cdninstagram.com&_nc_cat=100&_nc_oc=Q6cZ2QH78YTr36OtZ0_bNPu6OZuDQGGd7xCvUXf4TOg6NkLVsRD780jePTC7Y31I2WT9dw4&_nc_ohc=KaN782WzVRAQ7kNvwGE8RcY&_nc_gid=lRtrEoY44m51yBjgOyTLjw&edm=APs17CUBAAAA&ccb=7-5&oh=00_AfW5fXycwFODZQg6GgEk2Wj2552cls8JbaB2hwGEhm7hlQ&oe=68B19F2A&_nc_sid=10d13b","rifan_auf","https://www.instagram.com/p/CPVdvRRDobW/c/17874259319494400/","221 ming","Kelilipan apa kebalangan min","1 suka","Lihat semua 1 balasan","Balas"
"https://www.instagram.com/kulinerteruz/","https://scontent-cgk2-2.cdninstagram.com/v/t51.2885-19/54732109_268196560750440_6496064264841723904_n.jpg?stp=dst-jpg_s150x150_tt6&efg=eyJ2ZW5jb2RlX3RhZyI6InByb2ZpbGVfcGljLmRqYW5nby43MjAuYzIifQ&_nc_ht=scontent-cgk2-2.cdninstagram.com&_nc_cat=100&_nc_oc=Q6cZ2QH78YTr36OtZ0_bNPu6OZuDQGGd7xCvUXf4TOg6NkLVsRD780jePTC7Y31I2WT9dw4&_nc_ohc=35cV1j478kIQ7kNvwHpvJki&_nc_gid=lRtrEoY44m51yBjgOyTLjw&edm=APs17CUBAAAA&ccb=7-5&oh=00_AfVtHVy3fgC6PiJ9tVQMw9WGg-XdMJaZi4nCSKSVb2YBGw&oe=68B1C205&_nc_sid=10d13b","kulinerteruz","https://www.instagram.com/p/CPVdvRRDobW/c/17877241502378244/","221 ming","Waduh suka nih yg ginian","1 suka","Lihat semua 1 balasan","Balas"
"https://www.instagram.com/antiskipkuliner/","https://scontent-cgk2-1.cdninstagram.com/v/t51.2885-19/491463274_2464938670508414_3132639969997189489_n.jpg?stp=dst-jpg_s150x150_tt6&efg=eyJ2ZW5jb2RlX3RhZyI6InByb2ZpbGVfcGljLmRqYW5nby43MjAuYzIifQ&_nc_ht=scontent-cgk2-1.cdninstagram.com&_nc_cat=102&_nc_oc=Q6cZ2QH78YTr36OtZ0_bNPu6OZuDQGGd7xCvUXf4TOg6NkLVsRD780jePTC7Y31I2WT9dw4&_nc_ohc=PCiUm77LqNkQ7kNvwGma6aC&_nc_gid=lRtrEoY44m51yBjgOyTLjw&edm=APs17CUBAAAA&ccb=7-5&oh=00_AfUJYDzjJkaKAAxnjhZRrCmPzidb2-7i9J-2mJJEQpy3qg&oe=68B1CE4F&_nc_sid=10d13b","antiskipkuliner","https://www.instagram.com/p/CPVdvRRDobW/c/18005552452323673/","221 ming","Mau inii üòç","1 suka","Lihat semua 1 balasan","Balas"
"https://www.instagram.com/vircel_/","https://scontent-cgk2-2.cdninstagram.com/v/t51.2885-19/510947634_18464126632078613_5436664021242461601_n.jpg?stp=dst-jpg_s150x150_tt6&efg=eyJ2ZW5jb2RlX3RhZyI6InByb2ZpbGVfcGljLmRqYW5nby4xMDgwLmMyIn0&_nc_ht=scontent-cgk2-2.cdninstagram.com&_nc_cat=105&_nc_oc=Q6cZ2QH78YTr36OtZ0_bNPu6OZuDQGGd7xCvUXf4TOg6NkLVsRD780jePTC7Y31I2WT9dw4&_nc_ohc=IyQ-r4iNRmAQ7kNvwE2CkJO&_nc_gid=lRtrEoY44m51yBjgOyTLjw&edm=APs17CUBAAAA&ccb=7-5&oh=00_AfXhVbJYDVF4hMZfAGn9t5ob493AlizT8IUacyNA1TtVzw&oe=68B1AC8E&_nc_sid=10d13b","vircel_","https://www.instagram.com/p/CPVdvRRDobW/c/17942080432493680/","221 ming","Anjaaay enak nih pake mieü§£","1 suka","Lihat semua 2 balasan","Balas"
"https://www.instagram.com/badrumunir30/","https://scontent-cgk1-2.cdninstagram.com/v/t51.2885-19/198572235_1178410206006203_6822700298189547102_n.jpg?stp=dst-jpg_s150x150_tt6&efg=eyJ2ZW5jb2RlX3RhZyI6InByb2ZpbGVfcGljLmRqYW5nby4xMDgwLmMyIn0&_nc_ht=scontent-cgk1-2.cdninstagram.com&_nc_cat=111&_nc_oc=Q6cZ2QH78YTr36OtZ0_bNPu6OZuDQGGd7xCvUXf4TOg6NkLVsRD780jePTC7Y31I2WT9dw4&_nc_ohc=w6JabHOBZroQ7kNvwFkPmPd&_nc_gid=lRtrEoY44m51yBjgOyTLjw&edm=APs17CUBAAAA&ccb=7-5&oh=00_AfWrZOimJTcTB6JtPqFqpybeLsAC-39rSgQRkXDcd9dIEg&oe=68B1BD8A&_nc_sid=10d13b","badrumunir30","https://www.instagram.com/p/CPVdvRRDobW/c/17907157186891625/","221 ming","Sukur kelilipanüòÇ","1 suka","Lihat semua 1 balasan","Balas"
"https://www.instagram.com/_art_lover__024/","https://scontent-cgk2-2.cdninstagram.com/v/t51.2885-19/193661503_481096259825880_7470319199933599662_n.jpg?stp=dst-jpg_s150x150_tt6&efg=eyJ2ZW5jb2RlX3RhZyI6InByb2ZpbGVfcGljLmRqYW5nby4zMjAuYzIifQ&_nc_ht=scontent-cgk2-2.cdninstagram.com&_nc_cat=100&_nc_oc=Q6cZ2QH78YTr36OtZ0_bNPu6OZuDQGGd7xCvUXf4TOg6NkLVsRD780jePTC7Y31I2WT9dw4&_nc_ohc=sv0WnIrQob8Q7kNvwGf2_hy&_nc_gid=lRtrEoY44m51yBjgOyTLjw&edm=APs17CUBAAAA&ccb=7-5&oh=00_AfVOrUjw3Z8P3JgQRFzFRgohYaKaRJbbs7Bj7jyiV1etsw&oe=68B1CB07&_nc_sid=10d13b","_art_lover__024","https://www.instagram.com/p/CPVdvRRDobW/c/17898187712052893/","221 ming","Love it!‚ù§Ô∏è DM üëâ","Balas","","Lihat terjemahan"
"https://www.instagram.com/jktfoodpoint/","https://scontent-cgk2-1.cdninstagram.com/v/t51.2885-19/241960573_111324514628104_8133929343876834058_n.jpg?stp=dst-jpg_s150x150_tt6&efg=eyJ2ZW5jb2RlX3RhZyI6InByb2ZpbGVfcGljLmRqYW5nby4xMDgwLmMyIn0&_nc_ht=scontent-cgk2-1.cdninstagram.com&_nc_cat=104&_nc_oc=Q6cZ2QH78YTr36OtZ0_bNPu6OZuDQGGd7xCvUXf4TOg6NkLVsRD780jePTC7Y31I2WT9dw4&_nc_ohc=POjpJf9X4VsQ7kNvwGWIF4o&_nc_gid=lRtrEoY44m51yBjgOyTLjw&edm=APs17CUBAAAA&ccb=7-5&oh=00_AfUAJ_4Ka6n7Vyehxvt6myDrJM82RHuwCg8IHshtKaGEAw&oe=68B1A152&_nc_sid=10d13b","jktfoodpoint","https://www.instagram.com/p/CPVdvRRDobW/c/17887141166292802/","221 ming","Mantulll","1 suka","Lihat semua 1 balasan","Balas"
"https://www.instagram.com/zen_colections/","https://scontent-cgk1-2.cdninstagram.com/v/t51.2885-19/334186718_628990199057207_1947915179226002794_n.jpg?stp=dst-jpg_s150x150_tt6&efg=eyJ2ZW5jb2RlX3RhZyI6InByb2ZpbGVfcGljLmRqYW5nby43MTguYzIifQ&_nc_ht=scontent-cgk1-2.cdninstagram.com&_nc_cat=111&_nc_oc=Q6cZ2QECaoM3nOc5cnJVAGXLK10sKpLYiQCSl9ohKFrVoa76GBA2nX5ks3ABcQQndoOlav0&_nc_ohc=nuHIFlcAJncQ7kNvwFEcobP&_nc_gid=JNIxko_Si4SE0stzTlR74g&edm=AKp6CbIBAAAA&ccb=7-5&oh=00_AfVTHHRbh-iutj8adEKkMs1rogDbD24iJXfH50Oa1G5W0w&oe=68B1B6D7&_nc_sid=d62176","zen_colections","https://www.instagram.com/p/CKvrwEKLwLa/c/17845969049915846/","135 ming","Bisa kirim kirim bandung?","Balas","",""
"https://www.instagram.com/santidprins/","https://scontent-cgk2-2.cdninstagram.com/v/t51.2885-19/500075580_18133121263412868_3007820054008548539_n.jpg?stp=dst-jpg_s150x150_tt6&efg=eyJ2ZW5jb2RlX3RhZyI6InByb2ZpbGVfcGljLmRqYW5nby4xMDgwLmMyIn0&_nc_ht=scontent-cgk2-2.cdninstagram.com&_nc_cat=100&_nc_oc=Q6cZ2QECaoM3nOc5cnJVAGXLK10sKpLYiQCSl9ohKFrVoa76GBA2nX5ks3ABcQQndoOlav0&_nc_ohc=cLPLymuVbmgQ7kNvwHX0WQL&_nc_gid=JNIxko_Si4SE0stzTlR74g&edm=AKp6CbIBAAAA&ccb=7-5&oh=00_AfVuoDqEbHRmgtG2tkwsTiNTIzmFpW40Klz57RoIElMufw&oe=68B1A511&_nc_sid=d62176","santidprins","https://www.instagram.com/p/CKvrwEKLwLa/c/17885684329950683/","237 ming","Agen d bekasi mas","Balas","",""
"https://www.instagram.com/fitri_ariano/","https://scontent-cgk2-1.cdninstagram.com/v/t51.2885-19/124944220_201177091450430_7431666604385030633_n.jpg?stp=dst-jpg_s150x150_tt6&efg=eyJ2ZW5jb2RlX3RhZyI6InByb2ZpbGVfcGljLmRqYW5nby43NzQuYzIifQ&_nc_ht=scontent-cgk2-1.cdninstagram.com&_nc_cat=102&_nc_oc=Q6cZ2QECaoM3nOc5cnJVAGXLK10sKpLYiQCSl9ohKFrVoa76GBA2nX5ks3ABcQQndoOlav0&_nc_ohc=7hjrdkGR1VEQ7kNvwFDoyYf&_nc_gid=JNIxko_Si4SE0stzTlR74g&edm=AKp6CbIBAAAA&ccb=7-5&oh=00_AfWxndRhJyUKkFdI2GDZQf0UG_-lsMzj2_fHVPZ-1ySdKA&oe=68B1C644&_nc_sid=d62176","fitri_ariano","https://www.instagram.com/p/CKvrwEKLwLa/c/17874633470135945/","237 ming","Kok hp mba umi sepertinya ga aktif ya mas  saya WA dari kemarin masih centang satu","Balas","",""
"https://www.instagram.com/penyelamatblack/","https://scontent-cgk1-1.cdninstagram.com/v/t51.2885-19/249902958_191435176468845_3859514528916320674_n.jpg?stp=dst-jpg_s150x150_tt6&efg=eyJ2ZW5jb2RlX3RhZyI6InByb2ZpbGVfcGljLmRqYW5nby4xMDcyLmMyIn0&_nc_ht=scontent-cgk1-1.cdninstagram.com&_nc_cat=109&_nc_oc=Q6cZ2QECaoM3nOc5cnJVAGXLK10sKpLYiQCSl9ohKFrVoa76GBA2nX5ks3ABcQQndoOlav0&_nc_ohc=jeMMRFoLhCYQ7kNvwHzA8Su&_nc_gid=JNIxko_Si4SE0stzTlR74g&edm=AKp6CbIBAAAA&ccb=7-5&oh=00_AfXuPyayhP9-6nXsAOsc7lO0gn877kcX9uA_q8IjKcOw0g&oe=68B1D39E&_nc_sid=d62176","penyelamatblack","https://www.instagram.com/p/CKvrwEKLwLa/c/18148749361120924/","237 ming","Pak bs kirim ke labuan bajo ? Modal brp","Balas","",""
"https://www.instagram.com/klan_karisma/","https://scontent-cgk2-2.cdninstagram.com/v/t51.2885-19/536127359_18422819626101276_8237469081314407894_n.jpg?stp=dst-jpg_s150x150_tt6&efg=eyJ2ZW5jb2RlX3RhZyI6InByb2ZpbGVfcGljLmRqYW5nby4xMDgwLmMyIn0&_nc_ht=scontent-cgk2-2.cdninstagram.com&_nc_cat=100&_nc_oc=Q6cZ2QECaoM3nOc5cnJVAGXLK10sKpLYiQCSl9ohKFrVoa76GBA2nX5ks3ABcQQndoOlav0&_nc_ohc=Si0UaSZiYzIQ7kNvwHKhL6z&_nc_gid=JNIxko_Si4SE0stzTlR74g&edm=AKp6CbIBAAAA&ccb=7-5&oh=00_AfVwIdNXzmjV_s01rsvJY2evNL-uqQv8cn_CKk1sLs5OMw&oe=68B1D1DF&_nc_sid=d62176","klan_karisma","https://www.instagram.com/p/CKvrwEKLwLa/c/17859955742412953/","237 ming","Pak  minat donk buat reseller di Semarang, hubungi siapa yaa..","Balas","",""
"https://www.instagram.com/maria.muslimatun/","https://scontent-cgk1-2.cdninstagram.com/v/t51.2885-19/260461845_452202496249282_8846020541348790306_n.jpg?stp=dst-jpg_s150x150_tt6&efg=eyJ2ZW5jb2RlX3RhZyI6InByb2ZpbGVfcGljLmRqYW5nby45NTYuYzIifQ&_nc_ht=scontent-cgk1-2.cdninstagram.com&_nc_cat=110&_nc_oc=Q6cZ2QECaoM3nOc5cnJVAGXLK10sKpLYiQCSl9ohKFrVoa76GBA2nX5ks3ABcQQndoOlav0&_nc_ohc=51w_VgEHcnkQ7kNvwHMXCSp&_nc_gid=JNIxko_Si4SE0stzTlR74g&edm=AKp6CbIBAAAA&ccb=7-5&oh=00_AfX6EOUOu-DWy270mZxYtzqM69dOiG2BOSxdZZFEmXpttA&oe=68B1D0A3&_nc_sid=d62176","maria.muslimatun","https://www.instagram.com/p/CKvrwEKLwLa/c/17885441987008336/","237 ming","Waaaah... kmrn aq bela-beli ke Snack Store kok g ketemu mas  yaaah..?","Balas","",""
"https://www.instagram.com/jhonridwan.jr/","https://scontent-cgk1-2.cdninstagram.com/v/t51.2885-19/81917451_2564105597158654_3351870190936653824_n.jpg?stp=dst-jpg_s150x150_tt6&efg=eyJ2ZW5jb2RlX3RhZyI6InByb2ZpbGVfcGljLmRqYW5nby4xMDgwLmMyIn0&_nc_ht=scontent-cgk1-2.cdninstagram.com&_nc_cat=110&_nc_oc=Q6cZ2QECaoM3nOc5cnJVAGXLK10sKpLYiQCSl9ohKFrVoa76GBA2nX5ks3ABcQQndoOlav0&_nc_ohc=Il38r5xJnHgQ7kNvwFY4lem&_nc_gid=JNIxko_Si4SE0stzTlR74g&edm=AKp6CbIBAAAA&ccb=7-5&oh=00_AfX7mioMT6Ez4hgbUJ1Yf34-Bz1rLaf-kOU66KUwfQcLNA&oe=68B1B92D&_nc_sid=d62176","jhonridwan.jr","https://www.instagram.com/p/CKvrwEKLwLa/c/17860174070355650/","237 ming","Mas  nomernya tak WA blm terkirim je mas","Balas","",""
"https://www.instagram.com/aryanidewi_rohman/","https://scontent-cgk1-2.cdninstagram.com/v/t51.2885-19/384415950_1492896584899270_1936972910963966985_n.jpg?stp=dst-jpg_s150x150_tt6&efg=eyJ2ZW5jb2RlX3RhZyI6InByb2ZpbGVfcGljLmRqYW5nby43MjQuYzIifQ&_nc_ht=scontent-cgk1-2.cdninstagram.com&_nc_cat=110&_nc_oc=Q6cZ2QECaoM3nOc5cnJVAGXLK10sKpLYiQCSl9ohKFrVoa76GBA2nX5ks3ABcQQndoOlav0&_nc_ohc=zPaXSOJv0yEQ7kNvwGrOaSN&_nc_gid=JNIxko_Si4SE0stzTlR74g&edm=AKp6CbIBAAAA&ccb=7-5&oh=00_AfURJ-Xfljl4m5BIh4W7w61DZ4o3ZTVid6F5u5GsAnsH6w&oe=68B1A20C&_nc_sid=d62176","aryanidewi_rohman","https://www.instagram.com/p/CKvrwEKLwLa/c/17942044471427308/","237 ming","Saya mau coba","Balas","",""
"https://www.instagram.com/wirta_mardi/","https://scontent-cgk2-2.cdninstagram.com/v/t51.2885-19/240426759_951188082398753_9114393997420184489_n.jpg?stp=dst-jpg_s150x150_tt6&efg=eyJ2ZW5jb2RlX3RhZyI6InByb2ZpbGVfcGljLmRqYW5nby41MzkuYzIifQ&_nc_ht=scontent-cgk2-2.cdninstagram.com&_nc_cat=105&_nc_oc=Q6cZ2QECaoM3nOc5cnJVAGXLK10sKpLYiQCSl9ohKFrVoa76GBA2nX5ks3ABcQQndoOlav0&_nc_ohc=vMm7Ypic-8cQ7kNvwHg4EiV&_nc_gid=JNIxko_Si4SE0stzTlR74g&edm=AKp6CbIBAAAA&ccb=7-5&oh=00_AfUF5f0KS5qSp_b22JEeeED6lIOUOUeJnAPufpYpdV4pbA&oe=68B1ACB8&_nc_sid=d62176","wirta_mardi","https://www.instagram.com/p/CKvrwEKLwLa/c/17887024597966722/","237 ming","Mantul masüëçüëçüëç. Kalo expirednya brp lama masüòäüôè","Balas","",""
"https://www.instagram.com/saladsayur_by_eatclean/","https://scontent-cgk2-2.cdninstagram.com/v/t51.2885-19/527609403_18113976976501829_4795494885783043282_n.jpg?stp=dst-jpg_s150x150_tt6&efg=eyJ2ZW5jb2RlX3RhZyI6InByb2ZpbGVfcGljLmRqYW5nby4xMDgwLmMyIn0&_nc_ht=scontent-cgk2-2.cdninstagram.com&_nc_cat=105&_nc_oc=Q6cZ2QECaoM3nOc5cnJVAGXLK10sKpLYiQCSl9ohKFrVoa76GBA2nX5ks3ABcQQndoOlav0&_nc_ohc=HbvbJIgR0uMQ7kNvwFVK0TJ&_nc_gid=JNIxko_Si4SE0stzTlR74g&edm=AKp6CbIBAAAA&ccb=7-5&oh=00_AfVICkxcSZIU5rKfiQc_UYZocxyEmKswrgmn3ga7YH0Ivw&oe=68B1A740&_nc_sid=d62176","saladsayur_by_eatclean","https://www.instagram.com/p/CKvrwEKLwLa/c/17900661472740551/","237 ming","Samarinda beli d mna mas  ?","Balas","",""
"https://www.instagram.com/lathif_siswodiharjo/","https://scontent-cgk1-2.cdninstagram.com/v/t51.2885-19/91298409_833927777119786_5661896880548741120_n.jpg?stp=dst-jpg_s150x150_tt6&efg=eyJ2ZW5jb2RlX3RhZyI6InByb2ZpbGVfcGljLmRqYW5nby41MzQuYzIifQ&_nc_ht=scontent-cgk1-2.cdninstagram.com&_nc_cat=110&_nc_oc=Q6cZ2QECaoM3nOc5cnJVAGXLK10sKpLYiQCSl9ohKFrVoa76GBA2nX5ks3ABcQQndoOlav0&_nc_ohc=ZHVPf35u5HsQ7kNvwErXUI7&_nc_gid=JNIxko_Si4SE0stzTlR74g&edm=AKp6CbIBAAAA&ccb=7-5&oh=00_AfX6w3hbLOolnz9cUQ32gQ_4_VZtgYzAAxceA1NHuD-lLg&oe=68B1AEA0&_nc_sid=d62176","lathif_siswodiharjo","https://www.instagram.com/p/CKvrwEKLwLa/c/17885958004994813/","237 ming",".. bilng mb v3 tik","1 suka","Lihat semua 1 balasan","Balas"
"https://www.instagram.com/andrisatriow/","https://scontent-cgk2-2.cdninstagram.com/v/t51.2885-19/274172565_1245570505968444_8873100188436079985_n.jpg?stp=dst-jpg_s150x150_tt6&efg=eyJ2ZW5jb2RlX3RhZyI6InByb2ZpbGVfcGljLmRqYW5nby4xMDgwLmMyIn0&_nc_ht=scontent-cgk2-2.cdninstagram.com&_nc_cat=100&_nc_oc=Q6cZ2QECaoM3nOc5cnJVAGXLK10sKpLYiQCSl9ohKFrVoa76GBA2nX5ks3ABcQQndoOlav0&_nc_ohc=1kjbJn4Mt1EQ7kNvwHAC6dY&_nc_gid=JNIxko_Si4SE0stzTlR74g&edm=AKp6CbIBAAAA&ccb=7-5&oh=00_AfVZFaRdl7NEAgXq_7ipP2Mt3NAp_0sO05XBsUK8BxVO9A&oe=68B1B5EC&_nc_sid=d62176","andrisatriow","https://www.instagram.com/p/CKvrwEKLwLa/c/17882021843016557/","237 ming","Wah di malang atau batu g ada y kang","Balas","",""
"https://www.instagram.com/jwiyononew/","https://scontent-cgk1-2.cdninstagram.com/v/t51.2885-19/33816906_288690188338727_633724855476289536_n.jpg?stp=dst-jpg_s150x150_tt6&efg=eyJ2ZW5jb2RlX3RhZyI6InByb2ZpbGVfcGljLmRqYW5nby42MjYuYzIifQ&_nc_ht=scontent-cgk1-2.cdninstagram.com&_nc_cat=111&_nc_oc=Q6cZ2QECaoM3nOc5cnJVAGXLK10sKpLYiQCSl9ohKFrVoa76GBA2nX5ks3ABcQQndoOlav0&_nc_ohc=oReC4DM-bIwQ7kNvwHjOJa9&_nc_gid=JNIxko_Si4SE0stzTlR74g&edm=AKp6CbIBAAAA&ccb=7-5&oh=00_AfWya3OUXPMSoa5s-O0CpWcTSCzgoIXRFvkldWYpsCGYag&oe=68B1D150&_nc_sid=d62176","jwiyononew","https://www.instagram.com/p/CKvrwEKLwLa/c/17887051201923458/","237 ming","Sidoarjo bis dibeli dimana pak  ?","Balas","Lihat semua 2 balasan",""
"https://www.instagram.com/edoradite/","https://scontent-cgk1-1.cdninstagram.com/v/t51.2885-19/210187370_551356109373933_7120432598614792632_n.jpg?stp=dst-jpg_s150x150_tt6&efg=eyJ2ZW5jb2RlX3RhZyI6InByb2ZpbGVfcGljLmRqYW5nby41NDAuYzIifQ&_nc_ht=scontent-cgk1-1.cdninstagram.com&_nc_cat=109&_nc_oc=Q6cZ2QECaoM3nOc5cnJVAGXLK10sKpLYiQCSl9ohKFrVoa76GBA2nX5ks3ABcQQndoOlav0&_nc_ohc=E_Sil88FE8IQ7kNvwFKyFTl&_nc_gid=JNIxko_Si4SE0stzTlR74g&edm=AKp6CbIBAAAA&ccb=7-5&oh=00_AfULnZzVnfERLD2c50UPHb2xWrnEq10ZdkLMLzlS_7IOIA&oe=68B1B4CF&_nc_sid=d62176","edoradite","https://www.instagram.com/p/CKvrwEKLwLa/c/17889651877935689/","237 ming","Kalo mau cobain krukul, area tangsel ada ga mas perwakilane?","Balas","Lihat semua 1 balasan",""
"https://www.instagram.com/may_bisa/","https://scontent-cgk1-1.cdninstagram.com/v/t51.2885-19/445833608_970904694340137_4792756904858478914_n.jpg?stp=dst-jpg_s150x150_tt6&efg=eyJ2ZW5jb2RlX3RhZyI6InByb2ZpbGVfcGljLmRqYW5nby45NTkuYzIifQ&_nc_ht=scontent-cgk1-1.cdninstagram.com&_nc_cat=109&_nc_oc=Q6cZ2QECaoM3nOc5cnJVAGXLK10sKpLYiQCSl9ohKFrVoa76GBA2nX5ks3ABcQQndoOlav0&_nc_ohc=_pdzYrd541sQ7kNvwEEBvgR&_nc_gid=JNIxko_Si4SE0stzTlR74g&edm=AKp6CbIBAAAA&ccb=7-5&oh=00_AfVyY-IyoLO0zmBjSok6jOroSkrRz66JkAYBshCKjStGAA&oe=68B1AF80&_nc_sid=d62176","may_bisa","https://www.instagram.com/p/CKvrwEKLwLa/c/17928614668472485/","237 ming","Kemarin AQ beli buat oleh"" pas ke jogya...enakkk","Balas","Lihat semua 1 balasan",""
"https://www.instagram.com/sitizulaihahasli/","https://scontent-cgk1-2.cdninstagram.com/v/t51.2885-19/62380617_317453649138971_8052979167928516608_n.jpg?stp=dst-jpg_s150x150_tt6&efg=eyJ2ZW5jb2RlX3RhZyI6InByb2ZpbGVfcGljLmRqYW5nby42MDYuYzIifQ&_nc_ht=scontent-cgk1-2.cdninstagram.com&_nc_cat=111&_nc_oc=Q6cZ2QESw8uZrKQK4wTvVdSY8TmFR6cw9Wgt2c4BxP1E8LqrNRou2pFo1LkuHNxvGb-VhVs&_nc_ohc=9jJlFkXZCkYQ7kNvwFJ5Bnw&_nc_gid=msMnvQzfh_WGzjz-NLpfsw&edm=AKp6CbIBAAAA&ccb=7-5&oh=00_AfWLz4LgWP4D9TxaYdGazA0bEULOzwe7ZaIcqXha4wsFUg&oe=68B1A726&_nc_sid=d62176","sitizulaihahasli","https://www.instagram.com/p/CKvrwEKLwLa/c/17903375215695166/","237 ming","Wow, produk baru lagi","Balas","",""