"css-1jxf684","css-175oi2r href","css-9pa8cd src","css-175oi2r href 2","css-1jxf684 2","css-1jxf684 3","css-146c3p1","css-1jxf684 4","css-146c3p1 href","css-1jxf684 5","css-175oi2r href 4","css-9pa8cd src 2","css-1jxf684 6","css-1jxf684 7","css-175oi2r href 6","css-1jxf684 9","r-4qtqp9 src","css-1jxf684 10","css-1jxf684 11","r-4qtqp9 src 2","css-9pa8cd src 4","r-4qtqp9 src 3","css-146c3p1 2","css-1jxf684 13","r-4qtqp9 src 5","css-1jxf684 14","css-1jxf684 15","css-1jxf684 16","css-1jxf684 17"
"Orang","","","","","","","","","","","","","","","","","","","","","","","","","","","",""
"Mie Dorokdok","https://x.com/mie_dorokdok","https://pbs.twimg.com/profile_images/639650060792258561/myENW-9R_bigger.jpg","https://x.com/mie_dorokdok","@mie_dorokdok","Ikuti","Klik untuk Ikuti mie_dorokdok","Mie Lidi Dorokdok

Tersedia 6 varian rasa :

Ayam bawang

Keju

Pedas

Super pedas

Balado

Jagung bakar

Info 089506837331/ 583502A0","","","","","","","","","","","","","","","","","","","","",""
"Dorokdok Gubrak","https://x.com/dorokdok_gubrak","https://pbs.twimg.com/profile_images/610793778220118016/WvztyWqE_bigger.jpg","https://x.com/dorokdok_gubrak","@dorokdok_gubrak","Ikuti","Klik untuk Ikuti dorokdok_gubrak","","","","","","","","","","","","","","","","","","","","","",""
"dorokdok sukabumi","https://x.com/dorokdoksukabum","https://pbs.twimg.com/profile_images/574951401396154369/v5SsUmND_bigger.jpeg","https://x.com/dorokdoksukabum","@dorokdoksukabum","Ikuti","Klik untuk Ikuti dorokdoksukabum","","","","","","","","","","","","","","","","","","","","","",""
"Lihat semua","https://x.com/search?q=dorokdok&src=typed_query&f=user","","","","","","","","","","","","","","","","","","","","","","","","","","",""
"aya","https://x.com/seokjinjuseyyo","https://pbs.twimg.com/profile_images/1702227808523780096/XBRiGwSA_bigger.jpg","https://x.com/seokjinjuseyyo","@seokjinjuseyyo","¬∑","17 Jun","sadhut","https://x.com/seokjinjuseyyo/status/1934957737710096686","dorokdok","https://x.com/seokjinjuseyyo/status/1934957737710096686/photo/1","https://pbs.twimg.com/media/GtpZzSAboAAiDJP?format=jpg&name=small","143","189","https://x.com/seokjinjuseyyo/status/1934957737710096686/analytics","47¬†rb","","","","","","","","","","","","",""
"Longinus Biggus Diggus","https://x.com/jeizache","https://pbs.twimg.com/profile_images/1949166549501427712/mvVq3pKh_bigger.jpg","https://x.com/jeizache","@jeizache","¬∑","14 Agt","Pantesan rame..","https://x.com/jeizache/status/1955845832726708705","dorokdok","","","","","https://x.com/jeizache/status/1955845832726708705/analytics","22","https://abs-0.twimg.com/emoji/v2/svg/1f4cd.svg","Pabrik","di Sukaregang","","","","","","","","","",""
"dutba","https://x.com/indulgentinn","https://pbs.twimg.com/profile_images/1737141383365062656/dTmpeE4r_bigger.jpg","https://x.com/indulgentinn","@indulgentinn","¬∑","9 Jul","for life","https://x.com/indulgentinn/status/1942992109562400771","Dorokdok","https://x.com/indulgentinn/status/1942992109562400771/photo/1","https://pbs.twimg.com/media/GvblBrhakAMH1rz?format=jpg&name=medium","","","https://x.com/indulgentinn/status/1942992109562400771/analytics","34","","","","","","","","","","","","",""
"uis.","https://x.com/queerisy","https://pbs.twimg.com/profile_images/1894931823207292928/naTI0Fzq_bigger.jpg","https://x.com/queerisy","@queerisy","¬∑","15 Jun","beli makanan di shopee dan ENAK ENAKKK BGT bahkan sampe repeat order‚Ä¶ satu rumah ketagihan dan nyuruh beli terus‚Ä¶

terutama kerupuk kulit alias","https://x.com/queerisy/status/1934247667720466612","DOROKDOK","https://x.com/queerisy/status/1934247667720466612/photo/1","https://pbs.twimg.com/media/GtfT_q9aUAAOFS7?format=jpg&name=small","39","686","https://x.com/queerisy/status/1934247667720466612/analytics","422¬†rb","https://abs-0.twimg.com/emoji/v2/svg/1f629.svg","yang rasa pedes jeruk","dan KURMA golden thamra 100000/10 NAGIHHH","https://abs-0.twimg.com/emoji/v2/svg/1f629.svg","https://pbs.twimg.com/media/GtfT_pqasAA2pjh?format=jpg&name=small","","","","","","","",""
"ulil","https://x.com/rizrizkyamalia","https://pbs.twimg.com/profile_images/1879433744853114880/lhgTdzbD_bigger.jpg","https://x.com/rizrizkyamalia","@rizrizkyamalia","¬∑","13 Apr","Ada","https://x.com/rizrizkyamalia/status/1911388699478176001","dorokdok","https://x.com/rizrizkyamalia/status/1911388699478176001/photo/1","https://pbs.twimg.com/media/Goad24DWUAAGfQx?format=jpg&name=900x900","1","4","https://x.com/rizrizkyamalia/status/1911388699478176001/analytics","19¬†rb","https://abs-0.twimg.com/emoji/v2/svg/1f970.svg","jugaaa","","https://abs-0.twimg.com/emoji/v2/svg/1f970.svg","","https://abs-0.twimg.com/emoji/v2/svg/1f349.svg","Membalas","","","","","",""
"Longinus Biggus Diggus","https://x.com/jeizache","https://pbs.twimg.com/profile_images/1949166549501427712/mvVq3pKh_bigger.jpg","https://x.com/jeizache","@jeizache","¬∑","14 Agt","Pantesan rame..","https://x.com/jeizache/status/1955845832726708705","dorokdok","","","0:09 / 0:16","","https://x.com/jeizache/status/1955845832726708705/analytics","22","https://abs-0.twimg.com/emoji/v2/svg/1f4cd.svg","Pabrik","di Sukaregang","","","","","","","","","",""
"ntan.","https://x.com/intropology","https://pbs.twimg.com/profile_images/1948745523957301250/5Sfyvyj2_bigger.jpg","https://x.com/intropology","@intropology","¬∑","8 Jun","siapa mau","https://x.com/intropology/status/1931673142478749841","DOROKDOK","https://x.com/intropology/status/1931673142478749841/photo/1","https://pbs.twimg.com/media/Gs6ueoMbcAESM7f?format=jpg&name=medium","3","","https://x.com/intropology/status/1931673142478749841/analytics","182","","","","","","","","","","","","",""
"uis.","https://x.com/queerisy","https://pbs.twimg.com/profile_images/1894931823207292928/naTI0Fzq_bigger.jpg","https://x.com/queerisy","@queerisy","¬∑","11 Jun","KETAGIHAN","https://x.com/queerisy/status/1932800617749282904","DOROKDOK","https://x.com/queerisy/status/1932800617749282904/photo/1","https://pbs.twimg.com/media/GtKv6BPbEAAae_e?format=jpg&name=small","3","12","https://x.com/queerisy/status/1932800617749282904/analytics","11¬†rb","https://abs-0.twimg.com/emoji/v2/svg/1f924.svg","beli lagi kerupuk kulit alias","online ini datengnya pake toples‚Ä¶ dapet tiga toples‚Ä¶ bener-bener KRIUKK 

sumpah yang pedes jeruk ENAKKK BGT NAGIHH","https://abs-0.twimg.com/emoji/v2/svg/1f924.svg","","","","","","","","",""
"als ìÉ†","https://x.com/alsaluzvida","https://pbs.twimg.com/profile_images/1945092804633358336/DG2YknLU_bigger.jpg","https://x.com/alsaluzvida","@alsaluzvida","¬∑","28 Jun","seneng bangett, beli kerupuk kulit sapi alias","https://x.com/alsaluzvida/status/1938892742849176047","dorokdok","https://x.com/alsaluzvida/status/1938892742849176047/photo/1","https://pbs.twimg.com/media/GuhUnmTWYAANtI6?format=jpg&name=small","11","122","https://x.com/alsaluzvida/status/1938892742849176047/analytics","1¬†rb","https://abs-0.twimg.com/emoji/v2/svg/1f62d.svg","di online ternyata ngga zonk",".","https://abs-0.twimg.com/emoji/v2/svg/1f60d.svg","","","","nya ga keras mana bonus toplesnya","https://abs-0.twimg.com/emoji/v2/svg/203c.svg","","","",""
"ùô∞ùöõùö¢ ùô∑ùô∑","https://x.com/AryHHAry","https://pbs.twimg.com/profile_images/1869248390581886976/_jj46G0u_bigger.jpg","https://x.com/AryHHAry","@AryHHAry","¬∑","11 Apr","Lo baso pangsit","https://x.com/AryHHAry/status/1910629314401624293","dorokdok","https://x.com/AryHHAry/status/1910629314401624293/photo/1","https://pbs.twimg.com/media/GoPrOx8bYAA1gDF?format=jpg&name=900x900","1","","https://x.com/AryHHAry/status/1910629314401624293/analytics","86","https://abs-0.twimg.com/emoji/v2/svg/1f44d.svg",".. pas lagi hujan","","","","","","","","","","",""
"13","https://x.com/yearendsale_","https://pbs.twimg.com/profile_images/1668877222969769984/H3wesvrA_bigger.jpg","https://x.com/yearendsale_","@yearendsale_","¬∑","12 Jun","Hari ini masak olahan daging qurban lagi... nyoba bikin dendeng batokok, ditemani buncis bawang putih dan","https://x.com/yearendsale_/status/1933110573887311983","dorokdok","https://x.com/yearendsale_/status/1933110573887311983/photo/1","https://pbs.twimg.com/media/GtPJ0KsakAAflY2?format=jpg&name=small","12","23","https://x.com/yearendsale_/status/1933110573887311983/analytics","6¬†rb","https://abs-0.twimg.com/emoji/v2/svg/1f924.svg","... nikmat sekali","","https://abs-0.twimg.com/emoji/v2/svg/1faf6-1f3fb.svg","","https://abs-0.twimg.com/emoji/v2/svg/1f35c.svg","","","","","","",""
"sendaya","https://x.com/senshineey","https://pbs.twimg.com/profile_images/1719025161134084097/FEtZPWva_bigger.jpg","https://x.com/senshineey","@senshineey","¬∑","28 Mei","krupuk kulit, krupuk","https://x.com/senshineey/status/1927707277944930382","dorokdok","https://x.com/senshineey/status/1927707277944930382/photo/1","https://pbs.twimg.com/media/GsCXhnga4AAfGiZ?format=jpg&name=900x900","1","","https://x.com/senshineey/status/1927707277944930382/analytics","259","https://abs-0.twimg.com/emoji/v2/svg/1f923.svg",", krupuk rambak, krupuk jangek

ayo sebutin apalagi nama lainya","","","","","","","","","","",""
"bonkosong","https://x.com/NYARINGBUNYINY4","https://pbs.twimg.com/profile_images/1859647911287717890/mppPBqFf_bigger.jpg","https://x.com/NYARINGBUNYINY4","@NYARINGBUNYINY4","¬∑","16 Jan","Hade goreng ku mie goreng +","https://x.com/NYARINGBUNYINY4/status/1879593320911167996","dorokdok","https://x.com/NYARINGBUNYINY4/status/1879593320911167996/photo/1","https://pbs.twimg.com/media/GhWoJTXaYAAdZ2o?format=jpg&name=900x900","","","https://x.com/NYARINGBUNYINY4/status/1879593320911167996/analytics","65","","","","","","","","","","","","",""
"ekosetiawan","https://x.com/ekoseti97453018","https://pbs.twimg.com/profile_images/1521411534635020288/2v_szJCa_bigger.jpg","https://x.com/ekoseti97453018","@ekoseti97453018","¬∑","7 Jul","Kerupuk Rambak Kulit Sapi 250gr ‚Äì","https://x.com/ekoseti97453018/status/1942143888963383551","Dorokdok","https://x.com/ekoseti97453018/status/1942143888963383551/photo/1","https://pbs.twimg.com/media/GvPhkSyWcAAKU3V?format=jpg&name=900x900","1","Grab yours now:","https://x.com/ekoseti97453018/status/1942143888963383551/analytics","8","https://abs-0.twimg.com/emoji/v2/svg/1f525.svg","Varian Rasa!
Renyahnya nendang, gurihnya bikin nagih!","s.lazada.co.id/s.Z1XkbW","https://abs-0.twimg.com/emoji/v2/svg/1f60b.svg","","https://abs-0.twimg.com/emoji/v2/svg/1f4af.svg","","Kulit sapi pilihan","https://abs-0.twimg.com/emoji/v2/svg/1f4cc.svg","Cocok buat ngemil & lauk!","https://","#Dorokdok","#KerupukRambak"
"Yuiki29","https://x.com/KutchengBulan","https://pbs.twimg.com/profile_images/1816795797155119108/3BacicTu_bigger.jpg","https://x.com/KutchengBulan","@KutchengBulan","¬∑","3 Jun","Anjay","https://x.com/KutchengBulan/status/1929755075892990128","dorokdok","https://x.com/KutchengBulan/status/1929755075892990128/photo/1","https://pbs.twimg.com/media/GsfeAyab0AYQ7Sd?format=jpg&name=medium","","Akun parodi","https://x.com/KutchengBulan/status/1929755075892990128/analytics","42","","ges","","","","","","","","","","",""
"cillae","https://x.com/bucinkokorenjun","https://pbs.twimg.com/profile_images/1957045117401137153/biNZOB2o_bigger.jpg","https://x.com/bucinkokorenjun","@bucinkokorenjun","¬∑","17 Apr","kenapa enak bgt ya","https://x.com/bucinkokorenjun/status/1912788570672382110","dorokdok","https://x.com/bucinkokorenjun/status/1912788570672382110/photo/1","https://pbs.twimg.com/media/GouXEI3bYAAGxND?format=jpg&name=900x900","","","https://x.com/bucinkokorenjun/status/1912788570672382110/analytics","47","https://abs-0.twimg.com/emoji/v2/svg/1f62d.svg","","","https://abs-0.twimg.com/emoji/v2/svg/2764.svg","","","","","","","","",""
"‡£™Àñ÷¥ ‡£™ ‡£™‚òÜ‚Çä","https://x.com/jubbyboo","https://pbs.twimg.com/profile_images/1939971943601451008/tBFKLZqj_bigger.jpg","https://x.com/jubbyboo","@jubbyboo","¬∑","27 Mar","kaya","https://x.com/jubbyboo/status/1905199120761172073","dorokdok","","https://pbs.twimg.com/amplify_video_thumb/1905186280876441600/img/fDWGk0uKSkhmnwlt.jpg","1","2","https://x.com/jubbyboo/status/1905199120761172073/analytics","115","https://abs-0.twimg.com/emoji/v2/svg/1f4ac.svg","kebanyakan trs sesek di dada ITULAH GW","","","","","Dari","","","","","",""
"Lulu Salsabila","https://x.com/A_LuluJKT48","https://pbs.twimg.com/profile_images/1871100323902918656/aip7cJNO_bigger.jpg","https://x.com/A_LuluJKT48","@A_LuluJKT48","¬∑","28 Mei","itu apa?","https://x.com/A_LuluJKT48/status/1927580792957657239","dorokdok","","","294","147","https://x.com/A_LuluJKT48/status/1927580792957657239/analytics","91¬†rb","","","","","","","","","","","","",""
"R4DIT","https://x.com/indokpopreject","https://pbs.twimg.com/profile_images/1957013876777861120/oDmihbJn_bigger.jpg","https://x.com/indokpopreject","@indokpopreject","¬∑","30 Mei","Di kos aku ada","https://x.com/indokpopreject/status/1928139561366081793","dorokdok","https://x.com/indokpopreject/status/1928139561366081793/photo/1","https://pbs.twimg.com/media/GsIgtL4aUAITNGC?format=jpg&name=medium","1","4","https://x.com/indokpopreject/status/1928139561366081793/analytics","262","https://abs-0.twimg.com/emoji/v2/svg/1f605.svg","3 toples km gamau mampir ay","","https://abs-0.twimg.com/emoji/v2/svg/1f62d.svg","","","","","https://abs-0.twimg.com/emoji/v2/svg/1f62d.svg","","","",""
"‡£™Àñ÷¥ ‡£™ ‡£™‚òÜ‚Çä","https://x.com/jubbyboo","https://pbs.twimg.com/profile_images/1939971943601451008/tBFKLZqj_bigger.jpg","https://x.com/jubbyboo","@jubbyboo","¬∑","27 Mar","kaya","https://x.com/jubbyboo/status/1905199120761172073","dorokdok","","","1","2","https://x.com/jubbyboo/status/1905199120761172073/analytics","115","https://abs-0.twimg.com/emoji/v2/svg/1f4ac.svg","kebanyakan trs sesek di dada ITULAH GW","","","","","Dari","","","","","",""
"Muhammad Subhan M","https://x.com/subhannmapp","https://pbs.twimg.com/profile_images/1947650049686581249/RrHHDp0J_bigger.jpg","https://x.com/subhannmapp","@subhannmapp","¬∑","29 Jan","menu makan agak siang dari tersayang yaitu nasi goreng pete dan","https://x.com/subhannmapp/status/1884535248131956881","dorokdok","https://x.com/subhannmapp/status/1884535248131956881/photo/1","https://pbs.twimg.com/media/Gic20MQbIAA3TJD?format=jpg&name=medium","","","https://x.com/subhannmapp/status/1884535248131956881/analytics","174","https://abs-0.twimg.com/emoji/v2/svg/1f60b.svg","dengan dessert cau hahaha","","https://abs-0.twimg.com/emoji/v2/svg/1f970.svg","","","","","","","","",""
"uis.","https://x.com/queerisy","https://pbs.twimg.com/profile_images/1894931823207292928/naTI0Fzq_bigger.jpg","https://x.com/queerisy","@queerisy","¬∑","15 Jun","ini awalnya mama aku beli kerupuk kulit alias","https://x.com/queerisy/status/1934250664856866846","DOROKDOK","https://x.com/queerisy/status/1934250664856866846/photo/1","https://pbs.twimg.com/media/GtfWqqlb0AA0iN1?format=jpg&name=small","1","6","https://x.com/queerisy/status/1934250664856866846/analytics","22¬†rb","https://abs-0.twimg.com/emoji/v2/svg/1f62d.svg","di online datengnya pake toples‚Ä¶ isinya banyak‚Ä¶ KRIUKK","satu paket dapet tiga toples dan beda-beda rasanya‚Ä¶ paling enak menurut aku yang pedes jeruk","https://abs-0.twimg.com/emoji/v2/svg/1f62d.svg","","","Membalas","bener-bener ENAK","https://abs-0.twimg.com/emoji/v2/svg/1f629.svg","","","",""
"bananamilk_","https://x.com/annaaberlii","https://pbs.twimg.com/profile_images/1448986738173509639/EjBNNasX_bigger.jpg","https://x.com/annaaberlii","@annaaberlii","¬∑","4 Jul","mksh sdh menciptakan krupuk rambak.. I love","https://x.com/annaaberlii/status/1940990526469427684","dorokdok","https://x.com/annaaberlii/status/1940990526469427684/photo/1","https://pbs.twimg.com/media/Gu_ImM5WoAAp1GR?format=jpg&name=900x900","2","","https://x.com/annaaberlii/status/1940990526469427684/analytics","78","https://abs-0.twimg.com/emoji/v2/svg/1f629.svg","sm","","https://abs-0.twimg.com/emoji/v2/svg/1f497.svg","","","","","","","","",""
"","https://x.com/haetnmi","https://pbs.twimg.com/profile_images/1957731465351032832/7vmSlHyP_bigger.jpg","https://x.com/haetnmi","@haetnmi","¬∑","21 Feb","Ngeunah pisan ieu","https://x.com/haetnmi/status/1892874862521131074","dorokdok","https://x.com/haetnmi/status/1892874862521131074/photo/1","https://pbs.twimg.com/media/GkTXp6cXIAA7d7k?format=jpg&name=medium","","","https://x.com/haetnmi/status/1892874862521131074/analytics","65","","anying murah pula","","","","https://abs-0.twimg.com/emoji/v2/svg/1f425.svg","","","","","","",""
"Ameera","https://x.com/Ameerara_","https://pbs.twimg.com/profile_images/1846326814463217664/FsDKStvD_bigger.jpg","https://x.com/Ameerara_","@Ameerara_","¬∑","24 Sep 2024","Ditempat kalian apa ini ?? 
Me :","https://x.com/Ameerara_/status/1838417315018477820","Dorokdok","https://x.com/Ameerara_/status/1838417315018477820/photo/1","https://pbs.twimg.com/media/GYNezd8bYAAvAdk?format=jpg&name=900x900","2","4","https://x.com/Ameerara_/status/1838417315018477820/analytics","93","","","","","","https://abs-0.twimg.com/emoji/v2/svg/1f33f.svg","","","","","","",""
"uis.","https://x.com/queerisy","https://pbs.twimg.com/profile_images/1894931823207292928/naTI0Fzq_bigger.jpg","https://x.com/queerisy","@queerisy","¬∑","15 Agt","me & my","https://x.com/queerisy/status/1956319206208905642","DOROKDOK","https://x.com/queerisy/status/1956319206208905642/photo/1","https://pbs.twimg.com/media/GyY97tYbIAAm8J7?format=jpg&name=small","14","6","https://x.com/queerisy/status/1956319206208905642/analytics","2¬†rb","","GEDEKKK 30Ribuan","","","","","","","","","","",""
"lucky blossom","https://x.com/jeyisblossom","https://pbs.twimg.com/profile_images/1913451420181024768/8cSciCDw_bigger.jpg","https://x.com/jeyisblossom","@jeyisblossom","¬∑","15 Apr","btw ada yang suka","https://x.com/jeyisblossom/status/1912150356303421517","dorokdok","https://x.com/jeyisblossom/status/1912150356303421517/photo/1","https://pbs.twimg.com/media/GolSnY-XMAAAoIq?format=jpg&name=900x900","3","1","https://x.com/jeyisblossom/status/1912150356303421517/analytics","279","https://abs-0.twimg.com/emoji/v2/svg/1f924.svg","kulit sapi ga sih wkwk ini paket ketiga aku pesen","yang pertama sebelum lebaran, kedua setelah lebaran h+8 apa ya terus ini beli lagi","https://abs-0.twimg.com/emoji/v2/svg/1f602.svg","","https://abs-0.twimg.com/emoji/v2/svg/1f338.svg","","serius enak bgt yaampunnnn","","","","",""
"etmin moana pls notis ak","https://x.com/binnieaether_","https://pbs.twimg.com/profile_images/1919910468489248770/OoLcBPgo_bigger.jpg","https://x.com/binnieaether_","@binnieaether_","¬∑","6 Jun","beli","https://x.com/binnieaether_/status/1930935012058365959","dorokdok","https://x.com/binnieaether_/status/1930935012058365959/photo/1","https://pbs.twimg.com/media/GswOPH7aoAAESV1?format=jpg&name=900x900","5","Akun parodi","https://x.com/binnieaether_/status/1930935012058365959/analytics","276","https://abs-0.twimg.com/emoji/v2/svg/1f479.svg","berekspektasi bakal kriuk kriuk ternyata alot bgt,bet mut gwah jir","","","","https://abs-0.twimg.com/emoji/v2/svg/1f41d.svg","","","","","","",""
"raja","https://x.com/rethrumi","https://pbs.twimg.com/profile_images/1945841542981193729/6evXSbLh_bigger.jpg","https://x.com/rethrumi","@rethrumi","¬∑","3 Mar","Kaya mantan udh putus tiga tahun baru ketemu lg abis beli","https://x.com/rethrumi/status/1896490573584089425","dorokdok","","https://pbs.twimg.com/amplify_video_thumb/1896190189615370240/img/mP3zmPzii43OaSwN.jpg","2","27","https://x.com/rethrumi/status/1896490573584089425/analytics","586","","","","","","","Dari","","","","","",""
"diss","https://x.com/archboutlee","https://pbs.twimg.com/profile_images/1941824964593594368/bpKuCzs6_bigger.jpg","https://x.com/archboutlee","@archboutlee","¬∑","25 Des 2024","jangan ada yg ganggu hari libur gue","https://x.com/archboutlee/status/1871837795377152124","dorokdok","https://x.com/archboutlee/status/1871837795377152124/photo/1","https://pbs.twimg.com/media/Gfoag38aoAAbizH?format=jpg&name=900x900","","","https://x.com/archboutlee/status/1871837795377152124/analytics","88","https://abs-0.twimg.com/emoji/v2/svg/1f62d.svg","mau nonton sbs sambil ngemilin","yang seenak itu","https://abs-0.twimg.com/emoji/v2/svg/1f62d.svg","","","","","https://abs-0.twimg.com/emoji/v2/svg/1f62d.svg","","","",""
"Ainur Rofik","https://x.com/siainurrofik","https://pbs.twimg.com/profile_images/1921136373559685120/6kcK19o8_bigger.jpg","https://x.com/siainurrofik","@siainurrofik","¬∑","5 Apr","Kerupuk Kulit

Ada menyebutnya","https://x.com/siainurrofik/status/1908508410175443366","dorokdok","https://x.com/siainurrofik/status/1908508410175443366/photo/1","https://pbs.twimg.com/media/GnxiSNiakAAp3qf?format=jpg&name=900x900","","","https://x.com/siainurrofik/status/1908508410175443366/analytics","340","",", rambak, atau jangek. Kerupuk ini terbuat dari kulit sapi atau kulit kerbau yang diolah dan diberi bumbu. Setelah mengalami proses perebusan dan pengeringan, kerupuk mentah yang kering siap digoreng menjadi kerupuk yang siap disajikan.","","","","","","","","","","",""
"yogi tama","https://x.com/yogitamablu","https://pbs.twimg.com/profile_images/1869426413465747456/J8HTKb4D_bigger.jpg","https://x.com/yogitamablu","@yogitamablu","¬∑","6 Mar","Memanfaatkan hari libur dengan keliling pasar takjil-atin dan cuci mata.
1. Jalan jalan ke dinomall ngabuburit
2. Pasar takjil begawan penasaran RANUM
3. Lanjut sulfat nemu","https://x.com/yogitamablu/status/1897633871698792900","dorokdok","https://x.com/yogitamablu/status/1897633871698792900/photo/1","https://pbs.twimg.com/media/GlW_8wTaAAAuYEX?format=jpg&name=900x900","1","","https://x.com/yogitamablu/status/1897633871698792900/analytics","257","","4. Pasar takjil rajajowas... entahlah beli apa aja.
5. Padang murah,payakumbuh style.","","","","","","","","","","",""
"elvina - ihsan","https://x.com/elvina1902","https://pbs.twimg.com/profile_images/3362347663/13f4724b69dbc20dfad5396582655bdf_bigger.jpeg","https://x.com/elvina1902","@elvina1902","¬∑","26 Jan","Cek 1 BALL","https://x.com/elvina1902/status/1883307303090413903","Dorokdok","https://x.com/elvina1902/status/1883307303090413903/photo/1","https://pbs.twimg.com/media/GiLaAewaIAAx2FG?format=jpg&name=900x900","re_channel_code=7","‚Ä¶","https://x.com/elvina1902/status/1883307303090413903/analytics","13","","Kerupuk Kulit Sapi Asli 200gr Enak Murah Halal Renyah dengan harga Rp29.000. Dapatkan di Shopee sekarang!","s.shopee.co.id/7KhcsyR5Np?sha","","","","","","","","https://","",""
"Jaemin‚Äôs personal dentist","https://x.com/lunalucyluke","https://pbs.twimg.com/profile_images/1715942718822891520/ZNDjSK5B_bigger.jpg","https://x.com/lunalucyluke","@lunalucyluke","¬∑","2 Feb","Gasuka","https://x.com/lunalucyluke/status/1885913873922068673","dorokdok","","","","","https://x.com/lunalucyluke/status/1885913873922068673/analytics","118","https://abs-0.twimg.com/emoji/v2/svg/2639.svg","enakan kerupuk kulit biasa","","","","","","","","","","",""
"raja","https://x.com/rethrumi","https://pbs.twimg.com/profile_images/1945841542981193729/6evXSbLh_bigger.jpg","https://x.com/rethrumi","@rethrumi","¬∑","23 Feb","CLBK thanks to","https://x.com/rethrumi/status/1893511257082470875","dorokdok","https://t.co/FdmbWIiIzr","","","","https://x.com/rethrumi/status/1893511257082470875/analytics","281","",", so sweet ‚Äî Kapan lagi","retrospring.net","","","","","","","","raja answered: CLBK thanks to dorokdok, so sweet","",""
"o0sifaa","https://x.com/cippaAwWz","https://pbs.twimg.com/profile_images/1948481631313854464/4r4V6HAi_bigger.jpg","https://x.com/cippaAwWz","@cippaAwWz","¬∑","2 Mei","diri ini lemah bgt kata","https://x.com/cippaAwWz/status/1917996272981819524","dorokdok","","","","","https://x.com/cippaAwWz/status/1917996272981819524/analytics","19","","","","","","","","","","","","",""
"ama","https://x.com/ohmy_ama","https://pbs.twimg.com/profile_images/1911311099191779328/UX1ApeZI_bigger.jpg","https://x.com/ohmy_ama","@ohmy_ama","¬∑","13 Apr","hukuman yang kreatif: suruh makan","https://x.com/ohmy_ama/status/1911115070018588877","dorokdok","","","","","https://x.com/ohmy_ama/status/1911115070018588877/analytics","58","","satu bal tapi gaboleh minum","","","","","","","","","","",""
"Neng iin","https://x.com/nengiin03","https://pbs.twimg.com/profile_images/1718478805126553600/rgTO5MAQ_bigger.jpg","https://x.com/nengiin03","@nengiin03","¬∑","7 Jan","beli disini","https://x.com/nengiin03/status/1876610131439521917","Dorokdok","","https://pbs.twimg.com/ext_tw_video_thumb/1876610051605254144/pu/img/tw_SksxuSJEF3tDj.jpg","","","https://x.com/nengiin03/status/1876610131439521917/analytics","10","https://abs-0.twimg.com/emoji/v2/svg/1f449.svg","","vt.tokopedia.com/t/ZS65sgQ19/","","","","","","","","https://","",""
"fhyt·°£ê≠©","https://x.com/dandeliyu","https://pbs.twimg.com/profile_images/1954354064512417792/MWlJN-lw_bigger.jpg","https://x.com/dandeliyu","@dandeliyu","¬∑","17 Nov 2024","Harusnya aing nyetok kerupuk","https://x.com/dandeliyu/status/1858123713847366060","dorokdok","","","","Akun penggemar","https://x.com/dandeliyu/status/1858123713847366060/analytics","49","","aja","","","","","","","","","","",""
"Neng iin","https://x.com/nengiin03","https://pbs.twimg.com/profile_images/1718478805126553600/rgTO5MAQ_bigger.jpg","https://x.com/nengiin03","@nengiin03","¬∑","7 Jan","beli disini","https://x.com/nengiin03/status/1876610131439521917","Dorokdok","","https://pbs.twimg.com/ext_tw_video_thumb/1876610051605254144/pu/img/tw_SksxuSJEF3tDj.jpg","","","https://x.com/nengiin03/status/1876610131439521917/analytics","10","https://abs-0.twimg.com/emoji/v2/svg/1f449.svg","","vt.tokopedia.com/t/ZS65sgQ19/","","","","","","","","https://","",""
"ip ip","https://x.com/iffahazzi","https://pbs.twimg.com/profile_images/1925701987397517315/atWN4N87_bigger.jpg","https://x.com/iffahazzi","@iffahazzi","¬∑","10 Apr","WKWKWKWKWK yaelah","https://x.com/iffahazzi/status/1910261946894721204","dorokdok","","https://pbs.twimg.com/profile_images/1858566666403409922/n7To8dfN_normal.jpg","@rumahliterasii","@joungyulen","https://x.com/iffahazzi/status/1910261946894721204/analytics","390","","dan burayot juga dari garut","","","","https://abs-0.twimg.com/emoji/v2/svg/1f349.svg","9 Apr","Kutipan","","culêôö","@bonndol","¬∑","yaelah domba juga dari garut"
"bin","https://x.com/sparklingummy","https://pbs.twimg.com/profile_images/1928063033487876096/IJIDxM3O_bigger.jpg","https://x.com/sparklingummy","@sparklingummy","¬∑","9 Jun","me and","https://x.com/sparklingummy/status/1932097887548342686","dorokdok","https://x.com/sparklingummy/status/1932097887548342686/photo/1","https://pbs.twimg.com/media/GtAwyFjaAAAVOZX?format=jpg&name=medium","1","","https://x.com/sparklingummy/status/1932097887548342686/analytics","84","","against the world","","","","https://abs-0.twimg.com/emoji/v2/svg/1f349.svg","","","","","","",""
"Neng iin","https://x.com/nengiin03","https://pbs.twimg.com/profile_images/1718478805126553600/rgTO5MAQ_bigger.jpg","https://x.com/nengiin03","@nengiin03","¬∑","7 Jan","beli disini","https://x.com/nengiin03/status/1876610131439521917","Dorokdok","","","0:00 / 0:13","","https://x.com/nengiin03/status/1876610131439521917/analytics","10","https://abs-0.twimg.com/emoji/v2/svg/1f449.svg","","vt.tokopedia.com/t/ZS65sgQ19/","","","","","","","","https://","",""
"cheri√®","https://x.com/cheriedreami","https://pbs.twimg.com/profile_images/1887435858053373953/MGAKBUf6_bigger.jpg","https://x.com/cheriedreami","@cheriedreami","¬∑","6 Apr","Tiap mudik ke jawa pasti dibawain","https://x.com/cheriedreami/status/1908831648856388061","dorokdok","https://x.com/cheriedreami/status/1908831648856388061/photo/1","https://pbs.twimg.com/media/Gn2IQzvbsAAJBXW?format=jpg&name=900x900","1","1","https://x.com/cheriedreami/status/1908831648856388061/analytics","59","https://abs-0.twimg.com/emoji/v2/svg/1f929.svg","sm mbah","luvvv","https://abs-0.twimg.com/emoji/v2/svg/1f929.svg","","https://abs-0.twimg.com/emoji/v2/svg/1f349.svg","","","","","","",""
"mikhaela","https://x.com/mikhaelachannn","https://pbs.twimg.com/profile_images/1947979683053887488/JPSGQt7h_bigger.jpg","https://x.com/mikhaelachannn","@mikhaelachannn","¬∑","25 Jan","Day 1 clean eating tbtb papah beli naspad, ywdah mkan dada ayamny sm cincang dn","https://x.com/mikhaelachannn/status/1883173820045119856","dorokdok","https://x.com/mikhaelachannn/status/1883173820045119856/photo/1","https://pbs.twimg.com/media/GiJgmlaasAA6LyC?format=jpg&name=900x900","","","https://x.com/mikhaelachannn/status/1883173820045119856/analytics","74","https://abs-0.twimg.com/emoji/v2/svg/1f61d.svg","banjur kuah","","","","","","","","","","",""
"meh","https://x.com/moncherie94","https://pbs.twimg.com/profile_images/1466451874303799300/8IXU1otr_bigger.jpg","https://x.com/moncherie94","@moncherie94","¬∑","23 Apr","Sarapan pagi ini: 160 gram putih telur + 1/2 telur utuh + ayam suir + kuah lontong kari + 2","https://x.com/moncherie94/status/1914870398258467101","dorokdok","https://x.com/moncherie94/status/1914870398258467101/photo/1","https://pbs.twimg.com/media/GpL8cYEa4AAfcy0?format=jpg&name=small","","","https://x.com/moncherie94/status/1914870398258467101/analytics","366","https://abs-0.twimg.com/emoji/v2/svg/1f917.svg",". Total estimasi 333 kalori, kenyang sampai siang, keburuhan protein dan lemak tercukupi","ga pake lontong ya ini, sengaja diganti pake putih telur rebus biar rendah karbo","","","","","","","","","",""
"Dins","https://x.com/ryudian","https://pbs.twimg.com/profile_images/1057835243342712832/4RBhNa48_bigger.jpg","https://x.com/ryudian","@ryudian","¬∑","28 Mei","Ihhhh kaya pernah dulu beli","https://x.com/ryudian/status/1927603699431387143","dorokdok","https://x.com/queerisy/status/1927345872204951583/photo/1","https://pbs.twimg.com/profile_images/1894931823207292928/naTI0Fzq_normal.jpg","","","https://x.com/ryudian/status/1927603699431387143/analytics","27","","","","","https://pbs.twimg.com/media/Gr9OziqX0AADK9Y?format=jpg&name=small","","27 Mei","Kutipan","https://abs-0.twimg.com/emoji/v2/svg/1f62d.svg","uis.","@queerisy","¬∑","mama aku beli kerupuk kulit alias DOROKDOK di online datengnya pake toples‚Ä¶ isinya banyak‚Ä¶ KRIUKK"
"yeca","https://x.com/buvnnyi","https://pbs.twimg.com/profile_images/1952015294400237568/eqGgSl9G_bigger.jpg","https://x.com/buvnnyi","@buvnnyi","¬∑","28 Mei","setujuuu emang","https://x.com/buvnnyi/status/1927654027300610325","dorokdok","https://x.com/queerisy/status/1927345872204951583/photo/1","https://pbs.twimg.com/profile_images/1894931823207292928/naTI0Fzq_normal.jpg","1","","https://x.com/buvnnyi/status/1927654027300610325/analytics","136","https://abs-0.twimg.com/emoji/v2/svg/1f62d.svg","seenak ktu we","","","https://pbs.twimg.com/media/Gr9OziqX0AADK9Y?format=jpg&name=small","","27 Mei","Kutipan","https://abs-0.twimg.com/emoji/v2/svg/1f62d.svg","uis.","@queerisy","¬∑","mama aku beli kerupuk kulit alias DOROKDOK di online datengnya pake toples‚Ä¶ isinya banyak‚Ä¶ KRIUKK"
"ini isa","https://x.com/dinorroar","https://pbs.twimg.com/profile_images/1879520644804849664/XMfaIQbh_bigger.jpg","https://x.com/dinorroar","@dinorroar","¬∑","25 Apr","NYMNYAMNYAM","https://x.com/dinorroar/status/1915793545056915579","dorokdok","","","","","https://x.com/dinorroar/status/1915793545056915579/analytics","66","https://abs-0.twimg.com/emoji/v2/svg/1f60b.svg","berlapis rasa gurih","","https://abs-0.twimg.com/emoji/v2/svg/1f60b.svg","","","","","https://abs-0.twimg.com/emoji/v2/svg/1f60b.svg","","","",""
"AnittaDamayanti","https://x.com/anitta_damayant","https://pbs.twimg.com/profile_images/1397739558293303299/8BusnN7E_bigger.jpg","https://x.com/anitta_damayant","@anitta_damayant","¬∑","12 Jul","KERUPUK KULIT SAPI RAMBAK SAPI","https://x.com/anitta_damayant/status/1943888318652981645","DOROKDOK","https://t.co/j7Z3vaeLmK","","","","https://x.com/anitta_damayant/status/1943888318652981645/analytics","11","","ASLI HALAL 1 BAL","shop-id.tokopedia.com","","","","","","","","KERUPUK KULIT SAPI RAMBAK SAPI DOROKDOK ASLI HALAL 1 BAL - TikTok Shop","",""
".","https://x.com/lutfah97","https://pbs.twimg.com/profile_images/1909207320552488960/hQcbOFEj_bigger.jpg","https://x.com/lutfah97","@lutfah97","¬∑","28 Mei","pengen","https://x.com/lutfah97/status/1927665735284949110","dorokdok","https://x.com/queerisy/status/1927345872204951583/photo/1","https://pbs.twimg.com/profile_images/1894931823207292928/naTI0Fzq_normal.jpg","","","https://x.com/lutfah97/status/1927665735284949110/analytics","37","","pedes, kayanya setoples bisa habis sendiri deh wkwk","","","https://pbs.twimg.com/media/Gr9OziqX0AADK9Y?format=jpg&name=small","","27 Mei","Kutipan","https://abs-0.twimg.com/emoji/v2/svg/1f62d.svg","uis.","@queerisy","¬∑","mama aku beli kerupuk kulit alias DOROKDOK di online datengnya pake toples‚Ä¶ isinya banyak‚Ä¶ KRIUKK"
"tan","https://x.com/konstelaci","https://pbs.twimg.com/profile_images/1937813034585763840/DFY3Gyyz_bigger.jpg","https://x.com/konstelaci","@konstelaci","¬∑","28 Mei","?","https://x.com/konstelaci/status/1927445520424792526","dorokdok","https://x.com/queerisy/status/1927345872204951583/photo/1","https://pbs.twimg.com/profile_images/1894931823207292928/naTI0Fzq_normal.jpg","","","https://x.com/konstelaci/status/1927445520424792526/analytics","58","https://abs-0.twimg.com/emoji/v2/svg/1f62d.svg","what a name","","","https://pbs.twimg.com/media/Gr9OziqX0AADK9Y?format=jpg&name=small","https://abs-0.twimg.com/emoji/v2/svg/1fa90.svg","27 Mei","Kutipan","https://abs-0.twimg.com/emoji/v2/svg/1f62d.svg","uis.","@queerisy","¬∑","mama aku beli kerupuk kulit alias DOROKDOK di online datengnya pake toples‚Ä¶ isinya banyak‚Ä¶ KRIUKK"
"syafa","https://x.com/louzsome","https://pbs.twimg.com/profile_images/1950027851803369472/6wAu-TTx_bigger.jpg","https://x.com/louzsome","@louzsome","¬∑","28 Mei","Challenge makan","https://x.com/louzsome/status/1927503858747556269","dorokdok","https://x.com/queerisy/status/1927345872204951583/photo/1","https://pbs.twimg.com/profile_images/1894931823207292928/naTI0Fzq_normal.jpg","1","Akun parodi","https://x.com/louzsome/status/1927503858747556269/analytics","63","https://abs-0.twimg.com/emoji/v2/svg/1f970.svg","ga boleh minum","","https://abs-0.twimg.com/emoji/v2/svg/1f970.svg","https://pbs.twimg.com/media/Gr9OziqX0AADK9Y?format=jpg&name=small","https://abs-0.twimg.com/emoji/v2/svg/2728.svg","27 Mei","Kutipan","https://abs-0.twimg.com/emoji/v2/svg/1f62d.svg","uis.","@queerisy","¬∑","mama aku beli kerupuk kulit alias DOROKDOK di online datengnya pake toples‚Ä¶ isinya banyak‚Ä¶ KRIUKK"
"lalaaa","https://x.com/cilalaaalagi","https://pbs.twimg.com/profile_images/1938633761874472960/YxtK35os_bigger.jpg","https://x.com/cilalaaalagi","@cilalaaalagi","¬∑","6 Des 2024","pengen","https://x.com/cilalaaalagi/status/1864969072934555708","dorokdok","","","1","1","https://x.com/cilalaaalagi/status/1864969072934555708/analytics","116","https://abs-0.twimg.com/emoji/v2/svg/1f636.svg",", tp daritadi maju mundur buat checkout","‚Äç","https://abs-0.twimg.com/emoji/v2/svg/1f32b.svg","","https://abs-0.twimg.com/emoji/v2/svg/1f33b.svg","","Lalanyaaa aja kali ya, langsung ke garut/bandung  sekalian healing","","","","",""
"‚ãÜ","https://x.com/jihoocilik","https://pbs.twimg.com/profile_images/1943440418819182596/4g2skWI7_bigger.jpg","https://x.com/jihoocilik","@jihoocilik","¬∑","28 Mar","galau sebanyak","https://x.com/jihoocilik/status/1905564797808378158","dorokdok","","","","Akun parodi","https://x.com/jihoocilik/status/1905564797808378158/analytics","21","","di rumah","","","","","","","","","","",""
"juna","https://x.com/plliveu","https://pbs.twimg.com/profile_images/1926219344536584192/lGHvHKS3_bigger.jpg","https://x.com/plliveu","@plliveu","¬∑","1 Apr","... renyah dan gurih... krenyes krenyes","https://x.com/plliveu/status/1906920334537974033","dorokdok","","","","","https://x.com/plliveu/status/1906920334537974033/analytics","69","https://abs-0.twimg.com/emoji/v2/svg/1f924.svg","","","","","https://abs-0.twimg.com/emoji/v2/svg/1fae7.svg","","","","","","",""
"agis","https://x.com/dallaballer","https://pbs.twimg.com/profile_images/1731913496324116480/eSCqXiEl_bigger.jpg","https://x.com/dallaballer","@dallaballer","¬∑","15 Agt","Kemplang >","https://x.com/dallaballer/status/1956294195674542330","Dorokdok","https://x.com/dallaballer/status/1956294195674542330/photo/1","https://pbs.twimg.com/media/GyYnM9MakAAb7-x?format=jpg&name=900x900","5","","https://x.com/dallaballer/status/1956294195674542330/analytics","200","","/Jangek","","","","","","","","","","",""
"piepp ‚Äß‚ÇäÀö","https://x.com/togamehjo","https://pbs.twimg.com/profile_images/1923252567674658816/FCUvUqbb_bigger.jpg","https://x.com/togamehjo","@togamehjo","¬∑","28 Mei","emng seenak itu woy","https://x.com/togamehjo/status/1927667953572688223","dorokdok","https://x.com/queerisy/status/1927345872204951583/photo/1","https://pbs.twimg.com/profile_images/1894931823207292928/naTI0Fzq_normal.jpg","","","https://x.com/togamehjo/status/1927667953572688223/analytics","48","https://abs-0.twimg.com/emoji/v2/svg/1f924.svg","","","","https://pbs.twimg.com/media/Gr9OziqX0AADK9Y?format=jpg&name=small","https://abs-0.twimg.com/emoji/v2/svg/1f587.svg","27 Mei","Kutipan","https://abs-0.twimg.com/emoji/v2/svg/1f62d.svg","uis.","@queerisy","¬∑","mama aku beli kerupuk kulit alias DOROKDOK di online datengnya pake toples‚Ä¶ isinya banyak‚Ä¶ KRIUKK"
"be","https://x.com/kek4yaan","https://pbs.twimg.com/profile_images/1868984111857385473/LiLy2tiY_bigger.jpg","https://x.com/kek4yaan","@kek4yaan","¬∑","27 Apr","bsbsnya masku jualan","https://x.com/kek4yaan/status/1916292612706996600","dorokdok","","","","","https://x.com/kek4yaan/status/1916292612706996600/analytics","51","https://abs-0.twimg.com/emoji/v2/svg/1f62d.svg","dgn soundtrack mangu berturut turut","","","","https://abs-0.twimg.com/emoji/v2/svg/1f1ee-1f1e9.svg","","","","","","",""
"himewz ‚ô°","https://x.com/hmtly","https://pbs.twimg.com/profile_images/1844957411213443075/W4S_jxnl_bigger.jpg","https://x.com/hmtly","@hmtly","¬∑","28 Mei","Gokil emang uis,","https://x.com/hmtly/status/1927597613034971328","dorokdok","https://x.com/queerisy/status/1927345872204951583/photo/1","https://pbs.twimg.com/profile_images/1894931823207292928/naTI0Fzq_normal.jpg","","","https://x.com/hmtly/status/1927597613034971328/analytics","184","","semakin kedepannnnn!!!!!","","","https://pbs.twimg.com/media/Gr9OziqX0AADK9Y?format=jpg&name=small","","27 Mei","Kutipan","https://abs-0.twimg.com/emoji/v2/svg/1f62d.svg","uis.","@queerisy","¬∑","mama aku beli kerupuk kulit alias DOROKDOK di online datengnya pake toples‚Ä¶ isinya banyak‚Ä¶ KRIUKK"
"‚Äèÿò","https://x.com/haebernasi","https://pbs.twimg.com/profile_images/1952713557482917888/HlbE_mBB_bigger.jpg","https://x.com/haebernasi","@haebernasi","¬∑","29 Mei","lucu bgt buzzer","https://x.com/haebernasi/status/1928018969534881952","dorokdok","","","1","","https://x.com/haebernasi/status/1928018969534881952/analytics","171","","","","","","","","","","","","",""
"faza","https://x.com/ngajengkang","https://pbs.twimg.com/profile_images/1723687137370071040/7YuBFfNY_bigger.jpg","https://x.com/ngajengkang","@ngajengkang","¬∑","2 Jun","udah lelah hunting","https://x.com/ngajengkang/status/1929394239839838646","dorokdok","","","","","https://x.com/ngajengkang/status/1929394239839838646/analytics","27","","ga nemu2 yang enak dishopee","","","","","","","","","","",""
"Chacha","https://x.com/azunachacha","https://pbs.twimg.com/profile_images/1756659737477996544/9ggIpfmU_bigger.jpg","https://x.com/azunachacha","@azunachacha","¬∑","3 Jun","Ihh mauu","https://x.com/azunachacha/status/1929714159098515823","dorokdok","https://x.com/queerisy/status/1927345872204951583/photo/1","https://pbs.twimg.com/profile_images/1894931823207292928/naTI0Fzq_normal.jpg","","","https://x.com/azunachacha/status/1929714159098515823/analytics","83","https://abs-0.twimg.com/emoji/v2/svg/1f972.svg",", kesukaan mama dlu","","https://abs-0.twimg.com/emoji/v2/svg/1f97a.svg","https://pbs.twimg.com/media/Gr9OziqX0AADK9Y?format=jpg&name=small","","27 Mei","Kutipan","https://abs-0.twimg.com/emoji/v2/svg/1f62d.svg","uis.","@queerisy","¬∑","mama aku beli kerupuk kulit alias DOROKDOK di online datengnya pake toples‚Ä¶ isinya banyak‚Ä¶ KRIUKK"
"Chocolate","https://x.com/whiterose2k","https://pbs.twimg.com/profile_images/1694600661395206144/hBvr7ZDO_bigger.jpg","https://x.com/whiterose2k","@whiterose2k","¬∑","28 Mei","?! Kirain","https://x.com/whiterose2k/status/1927757223058432497","Dorokdok","https://x.com/queerisy/status/1927345872204951583/photo/1","https://pbs.twimg.com/profile_images/1894931823207292928/naTI0Fzq_normal.jpg","","","https://x.com/whiterose2k/status/1927757223058432497/analytics","38","https://abs-0.twimg.com/emoji/v2/svg/1f627.svg","tuh apa","taunya kerupuk jangek","","https://pbs.twimg.com/media/Gr9OziqX0AADK9Y?format=jpg&name=small","","27 Mei","Kutipan","https://abs-0.twimg.com/emoji/v2/svg/1f62d.svg","uis.","@queerisy","¬∑","mama aku beli kerupuk kulit alias DOROKDOK di online datengnya pake toples‚Ä¶ isinya banyak‚Ä¶ KRIUKK"
"Naufal","https://x.com/emocatnacht","https://pbs.twimg.com/profile_images/1890033050005942272/ZLV4cLu2_bigger.jpg","https://x.com/emocatnacht","@emocatnacht","¬∑","28 Mar","kalo ada","https://x.com/emocatnacht/status/1905592900001624296","dorokdok","","","","","https://x.com/emocatnacht/status/1905592900001624296/analytics","10","","di rumah bikin kalap","","","","","","","","","","",""
"el aja","https://x.com/coffeebreath5","https://pbs.twimg.com/profile_images/1917312120854831105/7wMx9S6K_bigger.jpg","https://x.com/coffeebreath5","@coffeebreath5","¬∑","19 Agt","Aku cinta","https://x.com/coffeebreath5/status/1957761554423677413","dorokdok","","","","","https://x.com/coffeebreath5/status/1957761554423677413/analytics","64","https://abs-0.twimg.com/emoji/v2/svg/1f62d.svg","boleh kirimin aku satu bal","rasa salted egg aja gk sih","https://abs-0.twimg.com/emoji/v2/svg/1f62d.svg","","","","","","","","",""
"alis","https://x.com/aliiiiiss__ss","https://pbs.twimg.com/profile_images/1804650588304449536/4KlVUn8f_bigger.jpg","https://x.com/aliiiiiss__ss","@aliiiiiss__ss","¬∑","29 Mei","Katanya jgn banyak makan","https://x.com/aliiiiiss__ss/status/1927809535470604458","dorokdok","https://x.com/queerisy/status/1927345872204951583/photo/1","https://pbs.twimg.com/profile_images/1894931823207292928/naTI0Fzq_normal.jpg","","","https://x.com/aliiiiiss__ss/status/1927809535470604458/analytics","163","https://abs-0.twimg.com/emoji/v2/svg/1f937-1f3fb-200d-2640-fe0f.svg","nanti susah berak","","","https://pbs.twimg.com/media/Gr9OziqX0AADK9Y?format=jpg&name=small","https://abs-0.twimg.com/emoji/v2/svg/1f349.svg","27 Mei","Kutipan","https://abs-0.twimg.com/emoji/v2/svg/1f62d.svg","uis.","@queerisy","¬∑","mama aku beli kerupuk kulit alias DOROKDOK di online datengnya pake toples‚Ä¶ isinya banyak‚Ä¶ KRIUKK"
"AnkiA ‚ãÜ.Àö","https://x.com/ankilist","https://pbs.twimg.com/profile_images/1948973527752998915/vsT8_5c9_bigger.jpg","https://x.com/ankilist","@ankilist","¬∑","28 Mei","Aku suka seudzon sama","https://x.com/ankilist/status/1927681238661472546","dorokdok","https://x.com/queerisy/status/1927345872204951583/photo/1","https://pbs.twimg.com/profile_images/1894931823207292928/naTI0Fzq_normal.jpg","1","","https://x.com/ankilist/status/1927681238661472546/analytics","220","","","","","https://pbs.twimg.com/media/Gr9OziqX0AADK9Y?format=jpg&name=small","","27 Mei","Kutipan","https://abs-0.twimg.com/emoji/v2/svg/1f62d.svg","uis.","@queerisy","¬∑","mama aku beli kerupuk kulit alias DOROKDOK di online datengnya pake toples‚Ä¶ isinya banyak‚Ä¶ KRIUKK"
"ceee auk deh bismillah aja gx minta tes lg","https://x.com/sarungwadimor_","https://pbs.twimg.com/profile_images/1318057461123747841/tsbQN1rt_bigger.jpg","https://x.com/sarungwadimor_","@sarungwadimor_","¬∑","28 Mei","what‚Äôs a","https://x.com/sarungwadimor_/status/1927588239642149273","dorokdok","https://x.com/queerisy/status/1927345872204951583/photo/1","https://pbs.twimg.com/profile_images/1894931823207292928/naTI0Fzq_normal.jpg","3","","https://x.com/sarungwadimor_/status/1927588239642149273/analytics","138","","i only know kerupuk RAMBAK","","","https://pbs.twimg.com/media/Gr9OziqX0AADK9Y?format=jpg&name=small","","27 Mei","Kutipan","https://abs-0.twimg.com/emoji/v2/svg/1f62d.svg","uis.","@queerisy","¬∑","mama aku beli kerupuk kulit alias DOROKDOK di online datengnya pake toples‚Ä¶ isinya banyak‚Ä¶ KRIUKK"
"-","https://x.com/nonanayna","https://pbs.twimg.com/profile_images/1701819111289057280/90_sz-bt_bigger.jpg","https://x.com/nonanayna","@nonanayna","¬∑","13 Jun","Pas ke solo beli kerupuk rambak /","https://x.com/nonanayna/status/1933212750421111081","dorokdok","","","1","","https://x.com/nonanayna/status/1933212750421111081/analytics","39","","yg paling gede. Sampe skrg ga bisa berhenti nyemilin. Menemukan kerupuk terenak walaupun ribet bawanya dari solo","","","","","","","","","","",""
"wa","https://x.com/auwendyz","https://pbs.twimg.com/profile_images/1798020344189710336/kvJyH9co_bigger.jpg","https://x.com/auwendyz","@auwendyz","¬∑","8 Agt","Aku mendengar seseorang memakan","https://x.com/auwendyz/status/1953741873077465099","dorokdok","","","","","https://x.com/auwendyz/status/1953741873077465099/analytics","28","https://abs-0.twimg.com/emoji/v2/svg/1f621.svg","aku di bawah","","","","","","","","","","",""
"nala","https://x.com/qelinci","https://pbs.twimg.com/profile_images/1956987998102511616/AzAe-N55_bigger.jpg","https://x.com/qelinci","@qelinci","¬∑","9 Mei","yaallah receh bgt ya baca","https://x.com/qelinci/status/1920786803692282345","dorokdok","","","1","","https://x.com/qelinci/status/1920786803692282345/analytics","222","","bbq aja aku ngakak ga abis abis","","","","","","","","","","",""
"ano.","https://x.com/bwanlady","https://pbs.twimg.com/profile_images/1921167686111031298/vnNAY_74_bigger.png","https://x.com/bwanlady","@bwanlady","¬∑","25 Mar","Basreng sama kerupuk","https://x.com/bwanlady/status/1904500251396059419","dorokdok","","https://pbs.twimg.com/profile_images/1610613801526890500/aBOa83uV_normal.jpg","","","https://x.com/bwanlady/status/1904500251396059419/analytics","34","","","@tanyarlfes","","","","25 Mar","Kutipan","","¬∑","","","sebutkan 1 camilan terenak versi kalian sampe gak mau berbagi"
"AY (REST JAJAN & NGONSER)","https://x.com/frommelodyy","https://pbs.twimg.com/profile_images/1956894473625214976/aOf5cuFI_bigger.jpg","https://x.com/frommelodyy","@frommelodyy","¬∑","28 Mei","Suka banget sama","https://x.com/frommelodyy/status/1927766491572625610","dorokdok","https://x.com/queerisy/status/1927345872204951583/photo/1","https://pbs.twimg.com/profile_images/1894931823207292928/naTI0Fzq_normal.jpg","","","https://x.com/frommelodyy/status/1927766491572625610/analytics","25","https://abs-0.twimg.com/emoji/v2/svg/1f62d.svg","plis","","https://abs-0.twimg.com/emoji/v2/svg/1f62d.svg","https://pbs.twimg.com/media/Gr9OziqX0AADK9Y?format=jpg&name=small","","27 Mei","Kutipan","https://abs-0.twimg.com/emoji/v2/svg/1f62d.svg","uis.","@queerisy","¬∑","mama aku beli kerupuk kulit alias DOROKDOK di online datengnya pake toples‚Ä¶ isinya banyak‚Ä¶ KRIUKK"
"noy","https://x.com/dooryblue","https://pbs.twimg.com/profile_images/1907565948535795712/DjG3JqlQ_bigger.jpg","https://x.com/dooryblue","@dooryblue","¬∑","28 Mei","eh sumpah tapi","https://x.com/dooryblue/status/1927658061885497822","dorokdok","https://x.com/queerisy/status/1927345872204951583/photo/1","https://pbs.twimg.com/profile_images/1894931823207292928/naTI0Fzq_normal.jpg","","","https://x.com/dooryblue/status/1927658061885497822/analytics","78","","tuh enakkkk coyyyy, nagihhhh","","","https://pbs.twimg.com/media/Gr9OziqX0AADK9Y?format=jpg&name=small","","27 Mei","Kutipan","https://abs-0.twimg.com/emoji/v2/svg/1f62d.svg","uis.","@queerisy","¬∑","mama aku beli kerupuk kulit alias DOROKDOK di online datengnya pake toples‚Ä¶ isinya banyak‚Ä¶ KRIUKK"
"","https://x.com/your_sun06","https://pbs.twimg.com/profile_images/1957460919812009984/Vfzihp20_bigger.jpg","https://x.com/your_sun06","@your_sun06","¬∑","3 Jan","Shock bgt dnger kabar abah"" penjual","https://x.com/your_sun06/status/1874975089638428808","dorokdok","","","","","https://x.com/your_sun06/status/1874975089638428808/analytics","77","https://abs-0.twimg.com/emoji/v2/svg/1f97a.svg","d depan pabrik yg ampir tiap ari aku beli udh meninggal pas minggu, kek blio ampe ahir hayat msih bkerja keras loh, yaallah bah","","","","https://abs-0.twimg.com/emoji/v2/svg/1f33b.svg","","","","","","",""
"ùì©ùì™ùìøùìÆùìÆùì∑ùì™","https://x.com/ZaveenaR","https://pbs.twimg.com/profile_images/1909901890604994560/qbom1Qsb_bigger.jpg","https://x.com/ZaveenaR","@ZaveenaR","¬∑","15 Nov 2024","Yesung udah kayak bapakku aja

HP damai = Nokia (Soalnya salaman)","https://x.com/ZaveenaR/status/1857394578305032503","Dorokdok","https://x.com/sujubatchmate/status/1857379535026860102/photo/1","https://pbs.twimg.com/profile_images/1854343694603911168/RXSZDJGr_normal.jpg","YESUNG | SJ 20th Anniversary","Akun parodi","https://x.com/ZaveenaR/status/1857394578305032503/analytics","167","https://abs-0.twimg.com/emoji/v2/svg/2601.svg","= Printer","","https://abs-0.twimg.com/emoji/v2/svg/2601.svg","https://pbs.twimg.com/media/Gca812qa0AAa2s5?format=jpg&name=900x900","https://abs-0.twimg.com/emoji/v2/svg/2601.svg","15 Nov 2024","Kutipan","https://abs-0.twimg.com/emoji/v2/svg/1f923.svg","rakz","@sujubatchmate","¬∑","Yesung's Dictionary be like:

Tuk Tak Tuk Tak = Love Dive
We Are Young = Forever 1
Kill Bill = Chill Kill
Spicy Flavour = Red Flavour
Rollercoaster = Russian Roulette"
"her‚òÜ","https://x.com/bebekghibli","https://pbs.twimg.com/profile_images/1931230780933767168/jWMGHk4r_bigger.jpg","https://x.com/bebekghibli","@bebekghibli","¬∑","28 Mei","baru tau di bumi belahan lain nyebutnya","https://x.com/bebekghibli/status/1927424825380794639","dorokdok","https://x.com/queerisy/status/1927345872204951583/photo/1","https://pbs.twimg.com/profile_images/1894931823207292928/naTI0Fzq_normal.jpg","2","1","https://x.com/bebekghibli/status/1927424825380794639/analytics","260","","","","","https://pbs.twimg.com/media/Gr9OziqX0AADK9Y?format=jpg&name=small","","27 Mei","Kutipan","https://abs-0.twimg.com/emoji/v2/svg/1f62d.svg","uis.","@queerisy","¬∑","mama aku beli kerupuk kulit alias DOROKDOK di online datengnya pake toples‚Ä¶ isinya banyak‚Ä¶ KRIUKK"
"‡§≤‡•ã‡§¶‡•Ä","https://x.com/elsunandar","https://pbs.twimg.com/profile_images/1418966939708411904/StNgZq1i_bigger.jpg","https://x.com/elsunandar","@elsunandar","¬∑","7 Apr","Jadi","https://x.com/elsunandar/status/1908932470319583455","dorokdok","https://help.x.com/rules-and-policies/authenticity","https://pbs.twimg.com/profile_images/1956238665421873160/VLQIzC7F_normal.jpg","","Akun parodi","https://x.com/elsunandar/status/1908932470319583455/analytics","174","","semua gini","@uwunot4u","","https://pbs.twimg.com/amplify_video_thumb/1908790884294156288/img/eewzjEsudondpiLd.jpg","","6 Apr","Kutipan","","¬∑","","","Coba ini keknya enak dan gampang wkwkwkwk"
"Lana.","https://x.com/Catheredsun","https://pbs.twimg.com/profile_images/1933158247672004608/WYk4vvkq_bigger.jpg","https://x.com/Catheredsun","@Catheredsun","¬∑","11 Jun","Mau salim sama penemu","https://x.com/Catheredsun/status/1932784905739776126","dorokdok","","","","","https://x.com/Catheredsun/status/1932784905739776126/analytics","133","",".","","","","","","","","","","",""
"tomat","https://x.com/yayyniverse","https://pbs.twimg.com/profile_images/1957663438035091456/PJBXLgld_bigger.jpg","https://x.com/yayyniverse","@yayyniverse","¬∑","23 Mar","salah bgt buka puasa pake","https://x.com/yayyniverse/status/1903769712187850771","dorokdok","","","","","https://x.com/yayyniverse/status/1903769712187850771/analytics","40","","","","","","https://abs-0.twimg.com/emoji/v2/svg/1f345.svg","","","","","","",""
"wak nadiz","https://x.com/wahajiiiii","https://pbs.twimg.com/profile_images/1919840916531281920/tcfiPUvA_bigger.jpg","https://x.com/wahajiiiii","@wahajiiiii","¬∑","13 Mar","Sing gede milik si mang kurupuk","https://x.com/wahajiiiii/status/1900080131441648081","dorokdok","","","","","https://x.com/wahajiiiii/status/1900080131441648081/analytics","58","https://abs-0.twimg.com/emoji/v2/svg/1f932-1f3fb.svg","eta","","","","","","","","","","",""
"Yayas","https://x.com/kihyunsleman","https://pbs.twimg.com/profile_images/1826876088368463872/lUADdh5s_bigger.jpg","https://x.com/kihyunsleman","@kihyunsleman","¬∑","28 Mei","Pengen ngemil","https://x.com/kihyunsleman/status/1927553095057145875","dorokdok","","","","","https://x.com/kihyunsleman/status/1927553095057145875/analytics","62","","sama basreng tapi lagi batuk :(","","","","https://abs-0.twimg.com/emoji/v2/svg/1f428.svg","","","","","","",""
"‡§≤‡•ã‡§¶‡•Ä","https://x.com/elsunandar","https://pbs.twimg.com/profile_images/1418966939708411904/StNgZq1i_bigger.jpg","https://x.com/elsunandar","@elsunandar","¬∑","7 Apr","Jadi","https://x.com/elsunandar/status/1908932470319583455","dorokdok","https://help.x.com/rules-and-policies/authenticity","https://pbs.twimg.com/profile_images/1956238665421873160/VLQIzC7F_normal.jpg","1:01","Akun parodi","https://x.com/elsunandar/status/1908932470319583455/analytics","174","","semua gini","@uwunot4u","","","","6 Apr","Kutipan","","¬∑","","","Coba ini keknya enak dan gampang wkwkwkwk"
"trii‚òÖ","https://x.com/akukmsuka","https://pbs.twimg.com/profile_images/1882040442382176256/LnqLK0_a_bigger.jpg","https://x.com/akukmsuka","@akukmsuka","¬∑","1 Jan","Pagi-pagi udah habis 2 bungkus","https://x.com/akukmsuka/status/1874295622846845279","dorokdok","https://x.com/akukmsuka/status/1874295622846845279/photo/1","https://pbs.twimg.com/media/GgLV77ZbsAAXDES?format=jpg&name=900x900","","","https://x.com/akukmsuka/status/1874295622846845279/analytics","63","","","","","","","","","","","","",""
"gus","https://x.com/r3venclaw_","https://pbs.twimg.com/profile_images/1912804521119752192/4VbwAXHQ_bigger.jpg","https://x.com/r3venclaw_","@r3venclaw_","¬∑","13 Okt 2024","Sp mw dodol sm","https://x.com/r3venclaw_/status/1845383926329885095","dorokdok","https://x.com/r3venclaw_/status/1845383926329885095/photo/1","https://pbs.twimg.com/media/GZwe3_PaAAMiBAi?format=jpg&name=900x900","4","7","https://x.com/r3venclaw_/status/1845383926329885095/analytics","626","","","","","","","","","","","","",""
"‡§≤‡•ã‡§¶‡•Ä","https://x.com/elsunandar","https://pbs.twimg.com/profile_images/1418966939708411904/StNgZq1i_bigger.jpg","https://x.com/elsunandar","@elsunandar","¬∑","7 Apr","Jadi","https://x.com/elsunandar/status/1908932470319583455","dorokdok","https://help.x.com/rules-and-policies/authenticity","https://pbs.twimg.com/profile_images/1956238665421873160/VLQIzC7F_normal.jpg","0:03 / 1:03","Akun parodi","https://x.com/elsunandar/status/1908932470319583455/analytics","174","","semua gini","@uwunot4u","","","","6 Apr","Kutipan","","¬∑","","","Coba ini keknya enak dan gampang wkwkwkwk"
"ochii READY FOR KARMA","https://x.com/mongmongmochi_","https://pbs.twimg.com/profile_images/1930642208228823041/bOND4N2H_bigger.jpg","https://x.com/mongmongmochi_","@mongmongmochi_","¬∑","28 Mei","Jir ngiler, udh lama gk makan","https://x.com/mongmongmochi_/status/1927612440294138137","dorokdok","https://x.com/queerisy/status/1927345872204951583/photo/1","https://pbs.twimg.com/profile_images/1894931823207292928/naTI0Fzq_normal.jpg","","Akun parodi","https://x.com/mongmongmochi_/status/1927612440294138137/analytics","9","https://abs-0.twimg.com/emoji/v2/svg/1f924.svg","..","","","https://pbs.twimg.com/media/Gr9OziqX0AADK9Y?format=jpg&name=small","https://abs-0.twimg.com/emoji/v2/svg/1f43b-200d-2744-fe0f.svg","27 Mei","Kutipan","https://abs-0.twimg.com/emoji/v2/svg/1f62d.svg","uis.","@queerisy","¬∑","mama aku beli kerupuk kulit alias DOROKDOK di online datengnya pake toples‚Ä¶ isinya banyak‚Ä¶ KRIUKK"
"dev","https://x.com/dvnnrln","https://pbs.twimg.com/profile_images/1932045351579774976/cDjpwa7V_bigger.jpg","https://x.com/dvnnrln","@dvnnrln","¬∑","5 Feb","knp enak bgt si? bisa abis dlm sekejap","https://x.com/dvnnrln/status/1886839015263154513","dorokdok","","","1","","https://x.com/dvnnrln/status/1886839015263154513/analytics","68","https://abs-0.twimg.com/emoji/v2/svg/1f62d.svg","","","https://abs-0.twimg.com/emoji/v2/svg/1f62d.svg","","","","","","","","",""
"","https://x.com/dhlyvuelo","https://pbs.twimg.com/profile_images/1456576590272352258/e7K09DTH_bigger.jpg","https://x.com/dhlyvuelo","@dhlyvuelo","¬∑","14 Mei","halo budok klau bleh tau kenapa kulit sy sensitif bgt ya budok, masa sy kecipratan air langsung muncul ruam merah merah???? hlo budok?? dok?","https://x.com/dhlyvuelo/status/1922641316355125435","dorokdok","","","","","https://x.com/dhlyvuelo/status/1922641316355125435/analytics","42","","?","","","","https://abs-0.twimg.com/emoji/v2/svg/1f4ad.svg","","","","","","",""
"atu","https://x.com/fajrrraw","https://pbs.twimg.com/profile_images/1838216489251586048/XG1VN4pU_bigger.jpg","https://x.com/fajrrraw","@fajrrraw","¬∑","28 Mei","mah lain ieu teu sij","https://x.com/fajrrraw/status/1927716682581102827","dorokdok","https://x.com/queerisy/status/1927345872204951583/photo/1","https://pbs.twimg.com/profile_images/1894931823207292928/naTI0Fzq_normal.jpg","","","https://x.com/fajrrraw/status/1927716682581102827/analytics","247","","","","","https://pbs.twimg.com/media/Gr9OziqX0AADK9Y?format=jpg&name=small","","27 Mei","Kutipan","https://abs-0.twimg.com/emoji/v2/svg/1f62d.svg","uis.","@queerisy","¬∑","mama aku beli kerupuk kulit alias DOROKDOK di online datengnya pake toples‚Ä¶ isinya banyak‚Ä¶ KRIUKK"
"gita lubis","https://x.com/gitalubis","https://pbs.twimg.com/profile_images/1863168909618147328/BqxsUwIm_bigger.jpg","https://x.com/gitalubis","@gitalubis","¬∑","24 Sep 2024","settt deh ya inii tiktok membuatku impulsive buying.. tapi apa yg dibeliii? kecimpring, usus krispi, basreng,","https://x.com/gitalubis/status/1838480066558464285","dorokdok","","","","","https://x.com/gitalubis/status/1838480066558464285/analytics","150","https://abs-0.twimg.com/emoji/v2/svg/1f602.svg",", dkknya","welcome PMS","https://abs-0.twimg.com/emoji/v2/svg/1f602.svg","","","","","","","","",""
"bukaaaan","https://x.com/biribiriii_","https://pbs.twimg.com/profile_images/1903117881732435968/hMGjNxEf_bigger.jpg","https://x.com/biribiriii_","@biribiriii_","¬∑","3 Mar","yaampun susah amat dah, pgn jd","https://x.com/biribiriii_/status/1896426963532919280","dorokdok","","","","","https://x.com/biribiriii_/status/1896426963532919280/analytics","22","","aja","","","","","","","","","","",""
"acieLa k/ia","https://x.com/asaranum","https://pbs.twimg.com/profile_images/1923806061779165184/KMg-UB9k_bigger.jpg","https://x.com/asaranum","@asaranum","¬∑","29 Mei","apa ga ngiler liat","https://x.com/asaranum/status/1927866838374838660","dorokdok","https://x.com/queerisy/status/1927345872204951583/photo/1","https://pbs.twimg.com/profile_images/1894931823207292928/naTI0Fzq_normal.jpg","","","https://x.com/asaranum/status/1927866838374838660/analytics","109","","jam segini","","","https://pbs.twimg.com/media/Gr9OziqX0AADK9Y?format=jpg&name=small","","27 Mei","Kutipan","https://abs-0.twimg.com/emoji/v2/svg/1f62d.svg","uis.","@queerisy","¬∑","mama aku beli kerupuk kulit alias DOROKDOK di online datengnya pake toples‚Ä¶ isinya banyak‚Ä¶ KRIUKK"
"‚Äèÿò","https://x.com/geminieo","https://pbs.twimg.com/profile_images/1953462935579492353/gVnmvQdA_bigger.jpg","https://x.com/geminieo","@geminieo","¬∑","28 Mei","lebih baik menghibur diri dengan kerupuk","https://x.com/geminieo/status/1927638436296667611","dorokdok","","","2","","https://x.com/geminieo/status/1927638436296667611/analytics","59","","sampe keselek","","","","","","","","","","",""
"JBBJ","https://x.com/needsomehuge","https://pbs.twimg.com/profile_images/1809773821521776641/U00N3ZF8_bigger.jpg","https://x.com/needsomehuge","@needsomehuge","¬∑","28 Mei","Kebayang seretnya kayak apa, originalpun kadang seret. But i love","https://x.com/needsomehuge/status/1927688736965365833","dorokdok","https://x.com/queerisy/status/1927345872204951583/photo/1","https://pbs.twimg.com/profile_images/1894931823207292928/naTI0Fzq_normal.jpg","","","https://x.com/needsomehuge/status/1927688736965365833/analytics","121","","","","","https://pbs.twimg.com/media/Gr9OziqX0AADK9Y?format=jpg&name=small","","27 Mei","Kutipan","https://abs-0.twimg.com/emoji/v2/svg/1f62d.svg","uis.","@queerisy","¬∑","mama aku beli kerupuk kulit alias DOROKDOK di online datengnya pake toples‚Ä¶ isinya banyak‚Ä¶ KRIUKK"
"paris","https://x.com/ebyct","https://pbs.twimg.com/profile_images/1926282575162626048/Vm2ORC04_bigger.jpg","https://x.com/ebyct","@ebyct","¬∑","2 Jun","","https://x.com/ebyct/status/1929550602167853201","dorokdok","https://x.com/AuraWithCat/status/1929041010484470103/photo/1","https://pbs.twimg.com/profile_images/1903404281807724544/b7vyyYC3_normal.jpg","","Akun parodi","https://x.com/ebyct/status/1929550602167853201/analytics","22","https://abs-0.twimg.com/emoji/v2/svg/1f62d.svg","","","","https://pbs.twimg.com/media/GsVUkSiWoAArdlV?format=jpg&name=900x900","","1 Jun","Kutipan","","Cats with pawerful aura","@AuraWithCat","¬∑","His name is you last thing you ate"
"„É¨„Ç´","https://x.com/rekaaas_","https://pbs.twimg.com/profile_images/1831354338763317249/sqmAt52Z_bigger.png","https://x.com/rekaaas_","@rekaaas_","¬∑","28 Mei","makanan favorite kuuu","https://x.com/rekaaas_/status/1927598106293547073","Dorokdok","https://x.com/queerisy/status/1927345872204951583/photo/1","https://pbs.twimg.com/profile_images/1894931823207292928/naTI0Fzq_normal.jpg","","","https://x.com/rekaaas_/status/1927598106293547073/analytics","163","https://abs-0.twimg.com/emoji/v2/svg/1f62d.svg","pulang mau beli sekarung","","https://abs-0.twimg.com/emoji/v2/svg/1f62d.svg","https://pbs.twimg.com/media/Gr9OziqX0AADK9Y?format=jpg&name=small","https://abs-0.twimg.com/emoji/v2/svg/1f35a.svg","27 Mei","Kutipan","https://abs-0.twimg.com/emoji/v2/svg/1f62d.svg","uis.","@queerisy","¬∑","mama aku beli kerupuk kulit alias DOROKDOK di online datengnya pake toples‚Ä¶ isinya banyak‚Ä¶ KRIUKK"
"Muhammad Husein Fajar","https://x.com/mhuseinfajar","https://pbs.twimg.com/profile_images/1775411779277033472/z3kxHG-9_bigger.jpg","https://x.com/mhuseinfajar","@mhuseinfajar","¬∑","31 Mar","ga kangen gitu nyemilin kerupuk","https://x.com/mhuseinfajar/status/1906696357181829141","dorokdok","","","","","https://x.com/mhuseinfajar/status/1906696357181829141/analytics","219","",", minum teh pucuk, terus sambil menjelajah nusantara","","","","","","","","","","",""
"nan","https://x.com/kamutuh","https://pbs.twimg.com/profile_images/1943755157847613440/7a0Y5E_z_bigger.jpg","https://x.com/kamutuh","@kamutuh","¬∑","18 Feb","","https://x.com/kamutuh/status/1891842306489319654","dorokdok","","https://pbs.twimg.com/profile_images/1936068596251197440/wRncyo3n_normal.jpg","@convomf","","https://x.com/kamutuh/status/1891842306489319654/analytics","514","","","","","","","18 Feb","Kutipan","","(w)awa","@octmelonn","¬∑","kerupuk favorit"
"Õè.mng","https://x.com/jaawhead","https://pbs.twimg.com/profile_images/1889154626936860672/TTvf8TIC_bigger.jpg","https://x.com/jaawhead","@jaawhead","¬∑","28 Mei","??? ini jangeekkkkk","https://x.com/jaawhead/status/1927447319781265842","dorokdok","https://x.com/queerisy/status/1927345872204951583/photo/1","https://pbs.twimg.com/profile_images/1894931823207292928/naTI0Fzq_normal.jpg","","","https://x.com/jaawhead/status/1927447319781265842/analytics","43","","","","","https://pbs.twimg.com/media/Gr9OziqX0AADK9Y?format=jpg&name=small","","27 Mei","Kutipan","https://abs-0.twimg.com/emoji/v2/svg/1f62d.svg","uis.","@queerisy","¬∑","mama aku beli kerupuk kulit alias DOROKDOK di online datengnya pake toples‚Ä¶ isinya banyak‚Ä¶ KRIUKK"
"Agus Sudaryanto","https://x.com/agus_sudaryanto","https://pbs.twimg.com/profile_images/1801795479195500544/Zbok5Mws_bigger.jpg","https://x.com/agus_sudaryanto","@agus_sudaryanto","¬∑","2 Apr","Cek Kerupuk Kulit Sapi 250gram/","https://x.com/agus_sudaryanto/status/1907231692554965402","Dorokdok","https://x.com/agus_sudaryanto/status/1907231692554965402/photo/1","https://pbs.twimg.com/media/GnfZHbDasAAaJrO?format=jpg&name=900x900","re_channel_code=7","‚Ä¶","https://x.com/agus_sudaryanto/status/1907231692554965402/analytics","33","","Oleh-Oleh Khas Solo Camilan santai dengan harga Rp42.500. Dapatkan di Shopee sekarang!","s.shopee.co.id/2B1E21GqhF?sha","","","","","","","","https://","",""
"elis sugiarti","https://x.com/alice_soeghiart","https://pbs.twimg.com/profile_images/660677951659208704/m-MHTeLf_bigger.jpg","https://x.com/alice_soeghiart","@alice_soeghiart","¬∑","9 Apr","Marie, mari nikmati kelezatan Krupuk Rambak","https://x.com/alice_soeghiart/status/1909762292872626632","Dorokdok","","","","","https://x.com/alice_soeghiart/status/1909762292872626632/analytics","8","","Jangek dari kulit sapi asli!","vt.tokopedia.com/t/ZSrfo1UUd/","","","","","","","","https://","",""
"hiro jagung bakar","https://x.com/yoshiroden","https://pbs.twimg.com/profile_images/1951893453085741056/dTtX4p5c_bigger.jpg","https://x.com/yoshiroden","@yoshiroden","¬∑","29 Mei","???? AK KIRA DISELURUH DUNIA NYEBUT INI JANGEK...","https://x.com/yoshiroden/status/1928022715694469346","DOROKDOK","https://x.com/queerisy/status/1927345872204951583/photo/1","https://pbs.twimg.com/profile_images/1894931823207292928/naTI0Fzq_normal.jpg","3","","https://x.com/yoshiroden/status/1928022715694469346/analytics","96","","","","","https://pbs.twimg.com/media/Gr9OziqX0AADK9Y?format=jpg&name=small","https://abs-0.twimg.com/emoji/v2/svg/1f380.svg","27 Mei","Kutipan","https://abs-0.twimg.com/emoji/v2/svg/1f62d.svg","uis.","@queerisy","¬∑","mama aku beli kerupuk kulit alias DOROKDOK di online datengnya pake toples‚Ä¶ isinya banyak‚Ä¶ KRIUKK"
"^. .^ ‡©≠","https://x.com/maviblume","https://pbs.twimg.com/profile_images/1938463267313356800/0eKtIwgT_bigger.jpg","https://x.com/maviblume","@maviblume","¬∑","24 Mei","Udah di tahap gua buka oren bukan mau beli pc or cc lagi, tapi mau beli cemilan","https://x.com/maviblume/status/1926203818858930357","dorokdok","","","","","https://x.com/maviblume/status/1926203818858930357/analytics","55","https://abs-0.twimg.com/emoji/v2/svg/2639.svg","fyp gua isinya kerupuk","mulu","https://abs-0.twimg.com/emoji/v2/svg/1f924.svg","","","","apakah ini saatnya tobat perkertasan","","","","",""
"Nissy","https://x.com/nissyQZ","https://pbs.twimg.com/profile_images/1557199367144030208/brxa-vVI_bigger.jpg","https://x.com/nissyQZ","@nissyQZ","¬∑","3 Jul","Kuah lomie panas disiram ke","https://x.com/nissyQZ/status/1940748713363935723","dorokdok","https://x.com/wyddbag/status/1940058032823836744/photo/1","https://pbs.twimg.com/profile_images/1951007769492070402/jzPNr8Ay_normal.jpg","","","https://x.com/nissyQZ/status/1940748713363935723/analytics","15","https://abs-0.twimg.com/emoji/v2/svg/2b50.svg",".","","https://abs-0.twimg.com/emoji/v2/svg/2b50.svg","","","1 Jul","Kutipan","https://abs-0.twimg.com/emoji/v2/svg/2b50.svg",".","@wyddbag","¬∑","I BET YOU CAN'T"
"Br","https://x.com/briankhrisna","https://pbs.twimg.com/profile_images/1851279574115786752/EcJAp_Rq_bigger.jpg","https://x.com/briankhrisna","@briankhrisna","¬∑","19 Jun","Biznet kalau kata aku mending usaha","https://x.com/briankhrisna/status/1935645129412620598","dorokdok","","","2","4","https://x.com/briankhrisna/status/1935645129412620598/analytics","4¬†rb","https://abs-0.twimg.com/emoji/v2/svg/1f614.svg","aja lah daripada internet.. gangguan mulu","","","","","","","","","","",""
"hasssshhhhhhhh","https://x.com/panggilajahash","https://pbs.twimg.com/profile_images/1755429876709101568/7dvWdi-J_bigger.jpg","https://x.com/panggilajahash","@panggilajahash","¬∑","31 Mar","nastar, kastangel, palm cheese, sagu keju, thumbprint, kripik usus, kripik ceker,","https://x.com/panggilajahash/status/1906588832969167246","dorokdok","","https://pbs.twimg.com/profile_images/1871100323902918656/aip7cJNO_normal.jpg","","","https://x.com/panggilajahash/status/1906588832969167246/analytics","143","https://abs-0.twimg.com/emoji/v2/svg/263a.svg",", coklat almond, basreng, pastel mini, dll","","","","","31 Mar","Kutipan","","Lulu Salsabila","@A_LuluJKT48","¬∑","Udah makan apa aja?"
"aul","https://x.com/wonblooming","https://pbs.twimg.com/profile_images/1884776752393949184/fDR4CnMa_bigger.jpg","https://x.com/wonblooming","@wonblooming","¬∑","28 Mei","Kalo di Garut gampang bgt cari","https://x.com/wonblooming/status/1927616933786234956","dorokdok","https://x.com/queerisy/status/1927345872204951583/photo/1","https://pbs.twimg.com/profile_images/1894931823207292928/naTI0Fzq_normal.jpg","1","","https://x.com/wonblooming/status/1927616933786234956/analytics","168","",", cuma aku ga pernah beli soalnya ga sanggup abisinnya","","","https://pbs.twimg.com/media/Gr9OziqX0AADK9Y?format=jpg&name=small","","27 Mei","Kutipan","https://abs-0.twimg.com/emoji/v2/svg/1f62d.svg","uis.","@queerisy","¬∑","mama aku beli kerupuk kulit alias DOROKDOK di online datengnya pake toples‚Ä¶ isinya banyak‚Ä¶ KRIUKK"
"HW","https://x.com/slipirooted","https://pbs.twimg.com/profile_images/1831186215103873024/UA3ysC0R_bigger.jpg","https://x.com/slipirooted","@slipirooted","¬∑","21 Apr","Ada kata rambak dan jangek yang lebih gagah and yet orang sunda still make","https://x.com/slipirooted/status/1914228307639541848","dorokdok","","","","","https://x.com/slipirooted/status/1914228307639541848/analytics","69","","buat nyebut kerupuk kulit","","","","","","","","","","",""
"spaghett_y","https://x.com/spaghett_y","https://pbs.twimg.com/profile_images/1946869724991590400/KzD6M0Ih_bigger.jpg","https://x.com/spaghett_y","@spaghett_y","¬∑","16 Apr","Ada 2 pilihan dalam hidupku

Investasi untuk komis
Atau menghidupkan bisnis","https://x.com/spaghett_y/status/1912513003511247208","dorokdok","","","","","https://x.com/spaghett_y/status/1912513003511247208/analytics","39","","/rambak/kerupuk kulit di surabaya","","","","https://abs-0.twimg.com/emoji/v2/svg/1f33b.svg","","","","","","",""
"Viras","https://x.com/virasaqmal","https://pbs.twimg.com/profile_images/1935754569419526144/H4AlhERP_bigger.jpg","https://x.com/virasaqmal","@virasaqmal","¬∑","9 Apr","Kenyang makan","https://x.com/virasaqmal/status/1909878279181337074","dorokdok","","","","","https://x.com/virasaqmal/status/1909878279181337074/analytics","82","","1 bal","","","","","","","","","","",""
"ntan.","https://x.com/intropology","https://pbs.twimg.com/profile_images/1948745523957301250/5Sfyvyj2_bigger.jpg","https://x.com/intropology","@intropology","¬∑","29 Jul","bengeut nya mirip","https://x.com/intropology/status/1949968274021622036","dorokdok","","","/plsdntellanyone/status/1949654728104641022","‚Ä¶","https://x.com/intropology/status/1949968274021622036/analytics","125","","","x.com/plsdntellanyon","","","","","","","","https://","",""
".","https://x.com/aku_unko","https://pbs.twimg.com/profile_images/1943345437290958850/gVSiiFu8_bigger.jpg","https://x.com/aku_unko","@aku_unko","¬∑","28 Mei","Aku pernah beli","https://x.com/aku_unko/status/1927550041469669741","dorokdok","https://x.com/queerisy/status/1927345872204951583/photo/1","https://pbs.twimg.com/profile_images/1894931823207292928/naTI0Fzq_normal.jpg","1","","https://x.com/aku_unko/status/1927550041469669741/analytics","207","","dr solo atau mana gt, pokoknya sekitaran solo. Enaaaak banget, renyah, masuk mulut langsung lumer.
Trus aku cari lagi mau beli ga nemu :(
Permah beli sesama","tapi ga seenak yg dari solo :(","","https://pbs.twimg.com/media/Gr9OziqX0AADK9Y?format=jpg&name=small","","27 Mei","Kutipan","https://abs-0.twimg.com/emoji/v2/svg/1f62d.svg","uis.","@queerisy","¬∑","mama aku beli kerupuk kulit alias DOROKDOK di online datengnya pake toples‚Ä¶ isinya banyak‚Ä¶ KRIUKK"
"WIKIPOP","https://x.com/wikipop_news","https://pbs.twimg.com/profile_images/1922160822328913920/tOJdPuW1_bigger.jpg","https://x.com/wikipop_news","@wikipop_news","¬∑","8 Jul","Squid Game 3 cast tries","https://x.com/wikipop_news/status/1942418613220302963","#SquidGame","https://t.co/NGa7tAuOdS","","1","2","https://x.com/wikipop_news/status/1942418613220302963/analytics","197","https://abs-0.twimg.com/emoji/v2/svg/1f336.svg","Brazil‚Äôs","wikipop.news","https://abs-0.twimg.com/emoji/v2/svg/1f36c.svg","","https://abs.twimg.com/hashflags/BF-14055_NetflixJP_18ce55g4649_Hashmoji_20250617-20250914_squidgame3/BF-14055_NetflixJP_18ce55g4649_Hashmoji_20250617-20250914_squidgame3.png","","Indonesia‚Äôs","https://abs-0.twimg.com/emoji/v2/svg/1f602.svg",".. You won‚Äôt believe what they compared Vegemite to!","Squid Game 3 Cast Tries Global Snacks‚ÄîYou Won‚Äôt Believe What Jo Yu-ri Compared Vegemite To","#dorokdok","#pa√ßoca"
"ramzy yan√ºar","https://x.com/rmzynr","https://pbs.twimg.com/profile_images/1474310764139671552/FYx_jT39_bigger.jpg","https://x.com/rmzynr","@rmzynr","¬∑","2 Jan","apa hukumnya bawa","https://x.com/rmzynr/status/1874696320327553281","dorokdok","","","","","https://x.com/rmzynr/status/1874696320327553281/analytics","203","","ke hai di lao","","","","","","","","","","",""
"callista","https://x.com/callistaa_na","https://pbs.twimg.com/profile_images/1691477455322955776/_byQ4I41_bigger.jpg","https://x.com/callistaa_na","@callistaa_na","¬∑","2 Apr","enak bangettttt, tapi makan kebanyakan jadi batuk lol","https://x.com/callistaa_na/status/1907461403981791403","dorokdok","","","","","https://x.com/callistaa_na/status/1907461403981791403/analytics","34","","","","","","","","","","","","",""
"JEPRET ! KARET NA 2,LADA!","https://x.com/KaredokLeunca__","https://pbs.twimg.com/profile_images/1759621855483453440/tcgMJcbm_bigger.jpg","https://x.com/KaredokLeunca__","@KaredokLeunca__","¬∑","5 Feb","Ncu ncu emak tulung follow akun","https://x.com/KaredokLeunca__/status/1887140375107916004","dorokdok","https://x.com/Geganaid/status/1887037322564182044/photo/1","https://pbs.twimg.com/profile_images/1876977379819880448/_9C4mt-T_normal.jpg","86","29","https://x.com/KaredokLeunca__/status/1887140375107916004/analytics","4¬†rb","https://abs-0.twimg.com/emoji/v2/svg/1f61c.svg","inih yah,mimin nya baek banget,gak sombong&gak suka ngutang.
Kesukaannya sama kayak juragan,ngemil sayur toge plus krupuk",".
Yuk follow,Biar mudah kalau di lingkungan ncu ada bau bau petasan boleh kasih lapor ke mimin
Gkgkgk","https://abs-0.twimg.com/emoji/v2/svg/1f602.svg","https://pbs.twimg.com/media/GjAacMtbAAAsoN2?format=jpg&name=medium","https://abs-0.twimg.com/emoji/v2/svg/1f525.svg","5 Feb","Kutipan","","Geganaid","@Geganaid","¬∑","news.okezone.com/read/2025/02/0"
"putri","https://x.com/stilldoun","https://pbs.twimg.com/profile_images/1920426074501980160/GTIj0jAL_bigger.jpg","https://x.com/stilldoun","@stilldoun","¬∑","11 Jun","dok","https://x.com/stilldoun/status/1932524505232245092","dorokdok","https://x.com/mylittlewangpil/status/1932382923887628785/photo/1","https://pbs.twimg.com/profile_images/1946943530020003840/MOdjqnoP_normal.jpg","","","https://x.com/stilldoun/status/1932524505232245092/analytics","22","","","","","https://pbs.twimg.com/media/GtE0Blxa8AAQhM1?format=jpg&name=small","https://abs-0.twimg.com/emoji/v2/svg/1f352.svg","10 Jun","Kutipan","","","@mylittlewangpil","¬∑","250608"
"spaghett_y","https://x.com/spaghett_y","https://pbs.twimg.com/profile_images/1946869724991590400/KzD6M0Ih_bigger.jpg","https://x.com/spaghett_y","@spaghett_y","¬∑","19 Apr","AKU SUDAH SAMPAI YIHA","https://x.com/spaghett_y/status/1913457911155790013","DOROKDOK","","","","","https://x.com/spaghett_y/status/1913457911155790013/analytics","16","","","","","","https://abs-0.twimg.com/emoji/v2/svg/1f33b.svg","","","","","","",""
"s√©ro","https://x.com/chocosolute","https://pbs.twimg.com/profile_images/1949491608245919744/SjtGSBp9_bigger.jpg","https://x.com/chocosolute","@chocosolute","¬∑","8 Jun","mah kalo istri aku orang bandung gimana?
‚Äúya gapapa kamu ge garut‚Äù

gw ga pernah se sakit hati ini,","https://x.com/chocosolute/status/1931487817957576834","dorokdok","","","6","9","https://x.com/chocosolute/status/1931487817957576834/analytics","625","","kan enak?","","","","https://abs-0.twimg.com/emoji/v2/svg/1f9a6.svg","","","","","","",""
"","https://x.com/teteppermisi","https://pbs.twimg.com/profile_images/1918696904868995072/8l94F8Iy_bigger.jpg","https://x.com/teteppermisi","@teteppermisi","¬∑","29 Jul","Sangat menanti","https://x.com/teteppermisi/status/1950123640822853922","dorokdok","","","","","https://x.com/teteppermisi/status/1950123640822853922/analytics","33","https://abs-0.twimg.com/emoji/v2/svg/263a.svg","my love","","https://abs-0.twimg.com/emoji/v2/svg/1faf0-1f3fe.svg","","https://abs-0.twimg.com/emoji/v2/svg/1f9a6.svg","","","","","","",""
"Dilla farid","https://x.com/dilla_farid","https://pbs.twimg.com/profile_images/1352386105715249152/Eud7Uwxf_bigger.jpg","https://x.com/dilla_farid","@dilla_farid","¬∑","13 Feb","Cek 1 Bal Kerupuk Kulit Sapi Asli Solo ,","https://x.com/dilla_farid/status/1889791341292339309","Dorokdok","https://x.com/dilla_farid/status/1889791341292339309/photo/1","https://pbs.twimg.com/media/GjnjNNRaIAEIJ4P?format=jpg&name=900x900","re_channel_code=7","‚Ä¶","https://x.com/dilla_farid/status/1889791341292339309/analytics","24","",", Rambak Kulit sapi asli Super Gurih 240-250 gr dengan harga Rp30.500. Dapatkan di Shopee sekarang!","s.shopee.co.id/9A9jbgXntp?sha","","","","","","","","https://","",""
"Boiled Corn","https://x.com/j4gungr3bus","https://pbs.twimg.com/profile_images/1932411138064748545/aN74uPAV_bigger.jpg","https://x.com/j4gungr3bus","@j4gungr3bus","¬∑","30 Mei","Jojodog
Sosorodotan
Pileuleuyan
Leumpay
Caleuy","https://x.com/j4gungr3bus/status/1928468355037429948","Dorokdok","https://x.com/BaseBDG/status/1928424067196981439/photo/1","https://pbs.twimg.com/profile_images/1609581311093522432/apCeXFfV_normal.jpg","3","10","https://x.com/j4gungr3bus/status/1928468355037429948/analytics","7¬†rb","https://abs-0.twimg.com/emoji/v2/svg/1f4cc.svg","EUEUT","@BaseBDG","","https://pbs.twimg.com/media/GsMjeBtWIAEI75P?format=jpg&name=900x900","","30 Mei","Kutipan","","¬∑","","","Mari kita mulai. Part 2 euy"
"vera","https://x.com/nonevera","https://pbs.twimg.com/profile_images/1846377752427220993/fZMUyUGy_bigger.jpg","https://x.com/nonevera","@nonevera","¬∑","28 Jun","Kenapa kerupuk rambak sama","https://x.com/nonevera/status/1938800479208923241","dorokdok","","","1","","https://x.com/nonevera/status/1938800479208923241/analytics","75","","beda
Kalo","lebih renyah , gurih 
Kalo rambak keras, nyereti 
Padahal sama‚Äù dari kulit sapi","","","","","","","","","",""
"cassian spikey d‚Äôbakso","https://x.com/dabatoman","https://pbs.twimg.com/profile_images/1908953167607549952/_Eeis9gY_bigger.jpg","https://x.com/dabatoman","@dabatoman","¬∑","11 Jul","ya allah, terimakasih sudah menciptakan kerupuk kulit/","https://x.com/dabatoman/status/1943708157164802068","dorokdok","","","","","https://x.com/dabatoman/status/1943708157164802068/analytics","163","","","","","","","","","","","","",""
"a","https://x.com/revolyuhtion","https://pbs.twimg.com/profile_images/1945450469121216513/NQkIWSKw_bigger.jpg","https://x.com/revolyuhtion","@revolyuhtion","¬∑","16 Agt","lagi mam","https://x.com/revolyuhtion/status/1956586494988267629","dorokdok","","","1","","https://x.com/revolyuhtion/status/1956586494988267629/analytics","84","","yg dibawain mamah avi, jadi kepikiran waktu itu apa ya kesimpulan perdebatan di kantor soal perbedaan kerupuk kulit sama","","","","https://abs-0.twimg.com/emoji/v2/svg/1f34e.svg","","","","","","",""
"Putra","https://x.com/naufalmep18","https://pbs.twimg.com/profile_images/1459505306816290818/vCHgVI7c_bigger.jpg","https://x.com/naufalmep18","@naufalmep18","¬∑","14 Agt","Kok kangen ngemil","https://x.com/naufalmep18/status/1955952375069540672","dorokdok","","","","","https://x.com/naufalmep18/status/1955952375069540672/analytics","16","","yak","","","","","","","","","","",""
"koyo cabe","https://x.com/EldaMasitoh","https://pbs.twimg.com/profile_images/1388598020514615296/jSNFGDF9_bigger.jpg","https://x.com/EldaMasitoh","@EldaMasitoh","¬∑","22j","Beras habis, yanh di co","https://x.com/EldaMasitoh/status/1958062401783480550","dorokdok","","","1","","https://x.com/EldaMasitoh/status/1958062401783480550/analytics","26","","Dasar aku -_-","","","","","","","","","","",""
"ùî´ùîûùî´ùîû","https://x.com/tetehnyawoozi","https://pbs.twimg.com/profile_images/1903663299126087680/_A8hNZBD_bigger.jpg","https://x.com/tetehnyawoozi","@tetehnyawoozi","¬∑","2 Jun","","https://x.com/tetehnyawoozi/status/1929469120325550363","Dorokdok","https://x.com/AuraWithCat/status/1929041010484470103/photo/1","https://pbs.twimg.com/profile_images/1903404281807724544/b7vyyYC3_normal.jpg","","Akun penggemar","https://x.com/tetehnyawoozi/status/1929469120325550363/analytics","18","","","","","https://pbs.twimg.com/media/GsVUkSiWoAArdlV?format=jpg&name=900x900","","1 Jun","Kutipan","","Cats with pawerful aura","@AuraWithCat","¬∑","His name is you last thing you ate"
"ìÜâìáºloppy","https://x.com/oceanbluum","https://pbs.twimg.com/profile_images/1926223097515954176/iHpFxvLh_bigger.jpg","https://x.com/oceanbluum","@oceanbluum","¬∑","8 Mar","krupuk","https://x.com/oceanbluum/status/1898236479643742550","dorokdok","","","1","","https://x.com/oceanbluum/status/1898236479643742550/analytics","108","","apane rambak","","","","","","","","","","",""
"anyelir","https://x.com/soulofserenitty","https://pbs.twimg.com/profile_images/1957319827129044992/5QcRaUNh_bigger.jpg","https://x.com/soulofserenitty","@soulofserenitty","¬∑","22 Mei","i love you","https://x.com/soulofserenitty/status/1925581070193631423","dorokdok","","","","","https://x.com/soulofserenitty/status/1925581070193631423/analytics","79","https://abs-0.twimg.com/emoji/v2/svg/1faf0.svg",".....","","https://abs-0.twimg.com/emoji/v2/svg/1faf0.svg","","","","","","","","",""
"Pai Laodeh","https://x.com/pailaodeh","https://pbs.twimg.com/profile_images/1657989400289234945/vdX2yDR1_bigger.jpg","https://x.com/pailaodeh","@pailaodeh","¬∑","29 Mei","Diem-diem check out","https://x.com/pailaodeh/status/1927959225478627826","dorokdok","","","","","https://x.com/pailaodeh/status/1927959225478627826/analytics","121","https://abs-0.twimg.com/emoji/v2/svg/1f642.svg","","‚Äç","https://abs-0.twimg.com/emoji/v2/svg/2194.svg","","","","","","","","",""
"fath","https://x.com/menyairkata","https://pbs.twimg.com/profile_images/1948968052470808576/Lw-4pjwk_bigger.jpg","https://x.com/menyairkata","@menyairkata","¬∑","13 Jul","?","https://x.com/menyairkata/status/1944434964713406569","dorokdok","https://x.com/catshealdeprsn/status/1944170482196263264/photo/1","https://pbs.twimg.com/profile_images/1939045488558219264/6LwUFYde_normal.jpg","2","","https://x.com/menyairkata/status/1944434964713406569/analytics","116","","","","","https://pbs.twimg.com/media/GvsUvf0WcAAdops?format=jpg&name=900x900","","13 Jul","Kutipan","","cats with threatening auras","@catshealdeprsn","¬∑","His name is you last thing you ate"
"PoetriDhaini‚ô°","https://x.com/DhainiPoetri","https://pbs.twimg.com/profile_images/475116004570185730/xw7RANxW_bigger.jpeg","https://x.com/DhainiPoetri","@DhainiPoetri","¬∑","12 Feb","Cobain","https://x.com/DhainiPoetri/status/1889459850691878962","Dorokdok","https://t.co/p8ZJN9ipcp","","","","https://x.com/DhainiPoetri/status/1889459850691878962/analytics","14","https://abs-0.twimg.com/emoji/v2/svg/1f36b.svg","Kerupuk Kulit Sapi Asli!! Lagi ada DISKON VALENTINE","shopee.co.id","https://abs-0.twimg.com/emoji/v2/svg/1f49d.svg","","","","","","","Jual [SALE] 1 BALL KERUPUK KULIT SAPI ASLI ¬± 200GR DOROKDOK KILOAN VIRAL MURAH ENAK HALAL RENYAH |...","",""
"Arul Sinner","https://x.com/Arlkher","https://pbs.twimg.com/profile_images/1917931431000731648/Sddt8Fhi_bigger.jpg","https://x.com/Arlkher","@Arlkher","¬∑","28 Jul","kurupuk kulit 
Ngajedog moal boga duit","https://x.com/Arlkher/status/1949712118909202932","Dorokdok","","","1","","https://x.com/Arlkher/status/1949712118909202932/analytics","220","","","","","","","","","","","","",""
"keira miong","https://x.com/3rrykei","https://pbs.twimg.com/profile_images/1958384606413201409/SKvkCKmI_bigger.jpg","https://x.com/3rrykei","@3rrykei","¬∑","26 Feb","kayaknya naspad nyemek gitu pake","https://x.com/3rrykei/status/1894737238283682052","dorokdok","","","19","","https://x.com/3rrykei/status/1894737238283682052/analytics","273","https://abs-0.twimg.com/emoji/v2/svg/1f914.svg","ntuh enak banget ya guys ((","))","","","","","","","","","",""
"biw","https://x.com/mochiverze","https://pbs.twimg.com/profile_images/1943728862699171841/eEkRlr5u_bigger.jpg","https://x.com/mochiverze","@mochiverze","¬∑","21 Jan","makan","https://x.com/mochiverze/status/1881542737142632787","dorokdok","","","1","","https://x.com/mochiverze/status/1881542737142632787/analytics","155","","","","","","","","","","","","",""
"Spicy Mayonnaise","https://x.com/namihotaru95","https://pbs.twimg.com/profile_images/1683774028459425793/R7MFJNac_bigger.jpg","https://x.com/namihotaru95","@namihotaru95","¬∑","30 Mei","Just saw video on TikTok
A tourist (white man) tried fried cow skin (","https://x.com/namihotaru95/status/1928453903655330025","dorokdok","","","","","https://x.com/namihotaru95/status/1928453903655330025/analytics","62","","/kerupuk kulit) and called it disgusting before he ate it
Am I just being too much or it‚Äôs just normal to feel a bit disturb by that?
You may calling it unusual, but to call it disgusting is kinda..","","","","","","","","","","",""
"dmas","https://x.com/dmsmlydxx","https://pbs.twimg.com/profile_images/1741513846752485376/o7MEFzOw_bigger.jpg","https://x.com/dmsmlydxx","@dmsmlydxx","¬∑","29 Mar","hayang","https://x.com/dmsmlydxx/status/1905845093090967645","dorokdok","","","1","","https://x.com/dmsmlydxx/status/1905845093090967645/analytics","186","","","","","","https://abs-0.twimg.com/emoji/v2/svg/1f6a9.svg","","","","","","",""
"","https://x.com/teteppermisi","https://pbs.twimg.com/profile_images/1918696904868995072/8l94F8Iy_bigger.jpg","https://x.com/teteppermisi","@teteppermisi","¬∑","2 Agt","Ngosek WC","https://x.com/teteppermisi/status/1951670274082181120","Dorokdok","","https://pbs.twimg.com/profile_images/1918696904868995072/8l94F8Iy_normal.jpg","1","","https://x.com/teteppermisi/status/1951670274082181120/analytics","116","https://abs-0.twimg.com/emoji/v2/svg/2705.svg","Mie ayam","Dandadan","https://abs-0.twimg.com/emoji/v2/svg/2705.svg","","https://abs-0.twimg.com/emoji/v2/svg/1f9a6.svg","1 Agt","Kutipan","https://abs-0.twimg.com/emoji/v2/svg/2705.svg","nganter orang berobat","@teteppermisi","¬∑","Besok pagi aku mau ngosek WC, lalu mandi, lalu makan siang mie ayam, abis itu ke Jiwa jawi baca buku sampe dia tutup, abis itu pulang mandi nonton Dandandan sambil makan magelangan pake dorokdok."
"andi","https://x.com/jurnalkentjan","https://pbs.twimg.com/profile_images/1941068558034739200/y1u1n8jt_bigger.jpg","https://x.com/jurnalkentjan","@jurnalkentjan","¬∑","19 Jul","siang-siang gini","https://x.com/jurnalkentjan/status/1946442395782156560","dorokdok","","","","","https://x.com/jurnalkentjan/status/1946442395782156560/analytics","31","","pake es pisang ijo enak banget pasti ya","","","","","","","","","","",""
"mint","https://x.com/hazedkiss","https://pbs.twimg.com/profile_images/1933072834617856000/35XyIvHJ_bigger.jpg","https://x.com/hazedkiss","@hazedkiss","¬∑","17 Jun","+ kopi + udud, set up lengkap buat ngejar utang au hingga subuh (sunda pisan)","https://x.com/hazedkiss/status/1934990254651666644","dorokdok","","","4","1","https://x.com/hazedkiss/status/1934990254651666644/analytics","1¬†rb","","","","","","","","","","","","",""
"Nyamanbegini","https://x.com/gerungAdalah","https://pbs.twimg.com/profile_images/1314010890312667138/-8yEVSAb_bigger.jpg","https://x.com/gerungAdalah","@gerungAdalah","¬∑","29 Jul","Note dulu;
Pengen mukbang kepala ikan kakap,","https://x.com/gerungAdalah/status/1950130112063820257","Dorokdok","","","1","","https://x.com/gerungAdalah/status/1950130112063820257/analytics","32","",", tutut, taichan, sushi","","","","","","","","","","",""
"bilaa k/ia | csd on","https://x.com/kyeomm1e","https://pbs.twimg.com/profile_images/1941808464285847552/veuyM7b2_bigger.jpg","https://x.com/kyeomm1e","@kyeomm1e","¬∑","13 Jul","anjrit adik ak malah makan","https://x.com/kyeomm1e/status/1944088023362064619","dorokdok","","","3","Akun parodi","https://x.com/kyeomm1e/status/1944088023362064619/analytics","153","https://abs-0.twimg.com/emoji/v2/svg/1f92c.svg","jam segini","brisik kocakk","https://abs-0.twimg.com/emoji/v2/svg/1f92c.svg","","https://abs-0.twimg.com/emoji/v2/svg/1f4cc.svg","","","","","","",""
"pia","https://x.com/piyappering","https://pbs.twimg.com/profile_images/1847545420207312897/o6qfOQkA_bigger.jpg","https://x.com/piyappering","@piyappering","¬∑","25 Jul","WDYM i choked on","https://x.com/piyappering/status/1948572834542112791","dorokdok","","","","","https://x.com/piyappering/status/1948572834542112791/analytics","58","","??? literally saw my life flash before my eyes","","","","","","","","","","",""
"CHAOS DEALER","https://x.com/deathk1nk","https://pbs.twimg.com/profile_images/1812957141340463108/Y1CocOtN_bigger.jpg","https://x.com/deathk1nk","@deathk1nk","¬∑","6 Agt","","https://x.com/deathk1nk/status/1952901202217451796","dorokdok","","","","","https://x.com/deathk1nk/status/1952901202217451796/analytics","33","","","","","","","","","","","","",""
"bian","https://x.com/ahncool_","https://pbs.twimg.com/profile_images/1673652152193937408/8A4Hn7Pp_bigger.jpg","https://x.com/ahncool_","@ahncool_","¬∑","12 Jul","Mau","https://x.com/ahncool_/status/1943821663076069692","dorokdok","","","","","https://x.com/ahncool_/status/1943821663076069692/analytics","135","","tp takut eneg","","","","","","","","","","",""
"ùï∏ùñÜùñò.ùñäùñí","https://x.com/kredimon","https://pbs.twimg.com/profile_images/1576740990429573120/Y5WQRfBV_bigger.jpg","https://x.com/kredimon","@kredimon","¬∑","16 Jul","Ibarat maneh meleg dahar","https://x.com/kredimon/status/1945409146494623893","dorokdok","https://x.com/BaseBDG/status/1945315450734436625/photo/1","https://pbs.twimg.com/profile_images/1609581311093522432/apCeXFfV_normal.jpg","1","","https://x.com/kredimon/status/1945409146494623893/analytics","195","https://abs-0.twimg.com/emoji/v2/svg/1f4cc.svg","lain di titah nginum, kadon di titah sikap lilin","@BaseBDG","","https://pbs.twimg.com/media/Gv8jslza4AI7YXQ?format=jpg&name=900x900","","16 Jul","Kutipan","","¬∑","","","wargi mangga euy komentar na"
"fath","https://x.com/menyairkata","https://pbs.twimg.com/profile_images/1948968052470808576/Lw-4pjwk_bigger.jpg","https://x.com/menyairkata","@menyairkata","¬∑","18 Jul","cinta banget sama","https://x.com/menyairkata/status/1946173458037031408","dorokdok","","","1","","https://x.com/menyairkata/status/1946173458037031408/analytics","73","","argrhrhrhg","","","","","","","","","","",""
"Ndun","https://x.com/rwenzjun","https://pbs.twimg.com/profile_images/1954696312563388416/xcS_82jP_bigger.jpg","https://x.com/rwenzjun","@rwenzjun","¬∑","24 Jul",", lucu gak sih","https://x.com/rwenzjun/status/1948349511425761689","Dorokdok","https://help.x.com/rules-and-policies/authenticity","https://pbs.twimg.com/profile_images/1957474831353430017/uZEMtmUi_normal.jpg","@bulanrpw","Akun parodi","https://x.com/rwenzjun/status/1948349511425761689/analytics","22","","...","@8_chaechae_0","","","","24 Jul","Kutipan","","¬∑","","","If your name was a food, what food would it be?"
"mew.","https://x.com/mewwisheree","https://pbs.twimg.com/profile_images/1954227557865521153/8EgoQ8Sf_bigger.jpg","https://x.com/mewwisheree","@mewwisheree","¬∑","10 Jul","malem malem lapar makan","https://x.com/mewwisheree/status/1943013964297965877","dorokdok","","","2","2","https://x.com/mewwisheree/status/1943013964297965877/analytics","1¬†rb","","","","","","","","","","","","",""
"ùê¶ùêûùê•ùêØùê¢ùêß ùê©ùêÆùê´ùêØùê¢ùê¨","https://x.com/DenisUltra","https://pbs.twimg.com/profile_images/1861778135014076416/uNM1mxDZ_bigger.jpg","https://x.com/DenisUltra","@DenisUltra","¬∑","7 Agt","and gurilem is the most unhinged name I found for a food funny as heck (tapi","https://x.com/DenisUltra/status/1953411205130830241","dorokdok","","","","","https://x.com/DenisUltra/status/1953411205130830241/analytics","94","","enak dicocol bumbu rujak btw)","","","","","","","","","","",""
"","https://x.com/teteppermisi","https://pbs.twimg.com/profile_images/1918696904868995072/8l94F8Iy_bigger.jpg","https://x.com/teteppermisi","@teteppermisi","¬∑","1 Agt","Besok pagi aku mau ngosek WC, lalu mandi, lalu makan siang mie ayam, abis itu ke Jiwa jawi baca buku sampe dia tutup, abis itu pulang mandi nonton Dandandan sambil makan magelangan pake","https://x.com/teteppermisi/status/1951321933607239772","dorokdok","","","1","1","https://x.com/teteppermisi/status/1951321933607239772/analytics","192","",".","","","","https://abs-0.twimg.com/emoji/v2/svg/1f9a6.svg","","","","","","",""
"bby","https://x.com/aiownuu","https://pbs.twimg.com/profile_images/1845958427547521024/7tYGVrIv_bigger.jpg","https://x.com/aiownuu","@aiownuu","¬∑","27 Jul","Ke cfd bungkul cumin beli rambak","https://x.com/aiownuu/status/1949238911970013419","dorokdok","","","1","6","https://x.com/aiownuu/status/1949238911970013419/analytics","447","","gpp kan? Wkwk","","","","https://abs-0.twimg.com/emoji/v2/svg/1f353.svg","","","","","","",""
"amaa","https://x.com/biramauna","https://pbs.twimg.com/profile_images/1957789352836362241/EbDlDSR2_bigger.png","https://x.com/biramauna","@biramauna","¬∑","3 Agt","cklek mauu juga Kak alii","https://x.com/biramauna/status/1951984796067909831","dorokdok","","","1","","https://x.com/biramauna/status/1951984796067909831/analytics","50","","pedes daun jeruk Ngik ngikk","","","","","","","","","","",""
"meow","https://x.com/liuvelycoco","https://pbs.twimg.com/profile_images/1950681444382056449/RJxhylqO_bigger.jpg","https://x.com/liuvelycoco","@liuvelycoco","¬∑","30 Jul","It physically pains me how no jakartans ever tried krupuk ceker like yall missing out BIG TIME. They have","https://x.com/liuvelycoco/status/1950253140378591236","dorokdok","","","","","https://x.com/liuvelycoco/status/1950253140378591236/analytics","78","","or krupuk kulit which counts as rambaks close cousin, but theres literally zero equivalent of krupuk ceker here.","","","","","","","","","","",""
"qila‚ãÜ","https://x.com/aqilabcde","https://pbs.twimg.com/profile_images/1946044128631914496/yybKX9U7_bigger.jpg","https://x.com/aqilabcde","@aqilabcde","¬∑","15 Jul","udh habis banyak","https://x.com/aqilabcde/status/1945051556551774519","Dorokdok","","","","","https://x.com/aqilabcde/status/1945051556551774519/analytics","39","","","","","","","","","","","","",""