style-scope src,yt-simple-endpoint href,style-scope,yt-simple-endpoint,yt-simple-endpoint href 2,yt-core-attributed-string,style-scope 2,,,,
https://yt3.ggpht.com/ytc/AIdro_mJT-3ovS_sSeP_Qpp-awMOFx-XjPtYC75fKSrM16ZFJT0N=s88-c-k-c0x00ffffff-no-rj,https://www.youtube.com/@mmhtaopik797,@mmhtaopik797,5 tahun yang lalu,https://www.youtube.com/watch?v=1CVGZ_Husf8&lc=UgzcfGDwJ32YSgpce9Z4AaABAg&pp=0gcJCSMANpG00pGi,Saya paling suka dg dodol garut Dr kecil sampe sekarang,12,,,,
https://yt3.ggpht.com/ytc/AIdro_nxkx51Jo_fTmbuo4Yoc369BFklloyM02LrO4Cdi4E=s88-c-k-c0x00ffffff-no-rj,https://www.youtube.com/@ardianalaziz7333,@ardianalaziz7333,4 tahun yang lalu,https://www.youtube.com/watch?v=1CVGZ_Husf8&lc=Ugzg0cEAErjat3MPH_F4AaABAg,Dodol Garut Nanas dan Coklat... rasanya enak banget,2,,,,
https://yt3.ggpht.com/ytc/AIdro_mQZ-GfFaGE2wJtgEaVLp9LPRj37VPmBKdEZcy3_GE=s88-c-k-c0x00ffffff-no-rj,https://www.youtube.com/@tiankbetton8885,@tiankbetton8885,4 tahun yang lalu (diedit),https://www.youtube.com/watch?v=1CVGZ_Husf8&lc=UgznFR7FPvH1DOseJmt4AaABAg&pp=0gcJCSMANpG00pGi,"Kenal dodol  pas naik bis arah mudik 
   Ada yg nawarin buat oleh¬≤ 

Enkk emng kenyel¬≤ gmn gt 
  Mantap di mkn saat di perjalanan",1,,,,
https://yt3.ggpht.com/ytc/AIdro_l1ZPXi5DtcifzBfMe_opRmahuxny6YDmOVQmsAkOw=s88-c-k-c0x00ffffff-no-rj,https://www.youtube.com/@pelitawaty5881,@pelitawaty5881,2 tahun yang lalu,https://www.youtube.com/watch?v=1CVGZ_Husf8&lc=Ugw1sdsTc98bQWZosdV4AaABAg,Dodol Garut itu pas takaran Kelapa nya jd aq suka  gk berminyak seperti dodol kebanyakan..... Yahut deh dodol garut,,,,,
https://yt3.ggpht.com/G9nW1I_2KqS2Xse5ryryjhPg6VEY0Ds1BNR0dXMCnwLE3mwVdHOspB2iJqXAY3qPXCQY8kuUyPs=s88-c-k-c0x00ffffff-no-rj,https://www.youtube.com/@fiannurrofi1574,@fiannurrofi1574,5 tahun yang lalu,https://www.youtube.com/watch?v=1CVGZ_Husf8&lc=Ugx0KPZ63yHlHWdo2ed4AaABAg,suka banget kk...pa lg krang banyk rs n macamy,2,,,,
https://yt3.ggpht.com/ytc/AIdro_k0asZ_ST6HkdzgYGrLVjU3PM9ZHmFynWiFRPmo0ixQ-sWu=s88-c-k-c0x00ffffff-no-rj,https://www.youtube.com/@dendimakbar5911,@dendimakbar5911,4 tahun yang lalu,https://www.youtube.com/watch?v=1CVGZ_Husf8&lc=UgwE5KV_mrtP-d5nX1t4AaABAg,Nah ini nih dodol yang sering kemakan kertasnya,3,,,,
,https://www.youtube.com/@suriyadisuri5265,@suriyadisuri5265,2 tahun yang lalu,https://www.youtube.com/watch?v=1CVGZ_Husf8&lc=Ugxlkdn3Seb1f7BVUX54AaABAg,Bida ya sama duduk Kandangan dudul Kandangan ada kacang ya gitu salam dari Kalimantan,,,,,
,https://www.youtube.com/@mr.kambing8735,@mr.kambing8735,2 tahun yang lalu (diedit),https://www.youtube.com/watch?v=1CVGZ_Husf8&lc=UgyPHak2Efx6lu8Mp514AaABAg,"saya tau cara membuatnya, gampang sekali cuman capek mengaduknya kalau manual, bahannya 1 karung beras ketan, 30kg gula jawa/gula aren, ama santan kelapa secukupnya... hampir mirip pembuatan kue wajik..",,,,,
,https://www.youtube.com/@milamila8474,@milamila8474,1 tahun yang lalu,https://www.youtube.com/watch?v=1CVGZ_Husf8&lc=UgxBFXqxL3zyY0puCvJ4AaABAg,Dodol kesukaan ku ini. Aku suka yang original,,,,,
,https://www.youtube.com/@mpoerot8013,@mpoerot8013,2 tahun yang lalu,https://www.youtube.com/watch?v=1CVGZ_Husf8&lc=Ugx7WWS32v0eVzwRhSZ4AaABAg,aje gila ini kondangan disuguhin dodol udah kaya makan nasi,,,,,
,https://www.youtube.com/@a.rThriftingBali,@a.rThriftingBali,3 tahun yang lalu,https://www.youtube.com/watch?v=1CVGZ_Husf8&lc=UgzI1nz_F-ysOtl9Q_x4AaABAg,Wah enak banget nih. Favorit.,,,,,
,https://www.youtube.com/@jenajena6949,@jenajena6949,2 tahun yang lalu,https://www.youtube.com/watch?v=1CVGZ_Husf8&lc=UgxIauxvJWR1U-Qn4oF4AaABAg,Dari dulu sampai sekarang masih suka dodol Garut,,,,,
,https://www.youtube.com/@suhend982,@suhend982,1 tahun yang lalu,https://www.youtube.com/watch?v=1CVGZ_Husf8&lc=UgwC4J-Yj-a8mBOXKNl4AaABAg,"Ah ayenamah jadi kurang enak dodol na , bau gajih domba ,",,,,,
,https://www.youtube.com/@mimimiranda8400,@mimimiranda8400,4 tahun yang lalu,https://www.youtube.com/watch?v=1CVGZ_Husf8&lc=Ugyj-iISB17MmeReQ9Z4AaABAg,Mantap,1,,,,
,https://www.youtube.com/@Sulthan-lt4zk,@Sulthan-lt4zk,6 bulan yang lalu,https://www.youtube.com/watch?v=1CVGZ_Husf8&lc=UgzGCcmrimbYeLUdKEh4AaABAg,Pants rsanya manis asin ternya dari keringt telpk tangn yg membikny tidk pakai sarung tangn,,,,,
,https://www.youtube.com/@muhamadadlyhaikal4769,@muhamadadlyhaikal4769,5 tahun yang lalu,https://www.youtube.com/watch?v=1CVGZ_Husf8&lc=UgyhqSqf4FgnimtenRB4AaABAg,Aku suka DODOLL YG SUKA LIKE,6,,,,
,https://www.youtube.com/@WAPRES_GIRL_BAN_MAKZULKAN,@WAPRES_GIRL_BAN_MAKZULKAN,3 tahun yang lalu,https://www.youtube.com/watch?v=1CVGZ_Husf8&lc=UgxpTljhZjbrNb9dWSJ4AaABAg&pp=0gcJCSMANpG00pGi,Dodol Garut adalah dodol terbaik di dunia.,,,,,
,https://www.youtube.com/@jonathantampubolon6701,@jonathantampubolon6701,2 tahun yang lalu,https://www.youtube.com/watch?v=1CVGZ_Husf8&lc=UgwY3Ct4SV9DcnA0G5Z4AaABAg,Pe modal nya berapa,2,,,,
,https://www.youtube.com/@vlogerytseriesch671,@vlogerytseriesch671,4 tahun yang lalu,https://www.youtube.com/watch?v=1CVGZ_Husf8&lc=Ugx6PxCcwWGcCg3RSZ94AaABAg,Kalau aku suka rasah tuku  alias gratis,,,,,
,https://www.youtube.com/@yenielpi978,@yenielpi978,2 tahun yang lalu,https://www.youtube.com/watch?v=1CVGZ_Husf8&lc=UgzsztURVZLXYua9KcR4AaABAg&pp=0gcJCSMANpG00pGi,Saya paling suka dengan dodol garut  namun mohon maap mau nanya kertas yang di pakai untuk membungkus dofol garut  itu kertas apa ya nama nya terus beli di mana,,,,,
https://yt3.ggpht.com/g1eCgzESgCjH-rsnrdF15MermMAIEZyKh46YOns7JyHGxqvwtBv0TCv2UXC1wF2hJ0u3Aw9Upg=s88-c-k-c0x00ffffff-no-rj,https://www.youtube.com/@suriyadisuri5265,@suriyadisuri5265,2 tahun yang lalu,https://www.youtube.com/watch?v=1CVGZ_Husf8&lc=Ugxlkdn3Seb1f7BVUX54AaABAg,Bida ya sama duduk Kandangan dudul Kandangan ada kacang ya gitu salam dari Kalimantan,,,,,
https://yt3.ggpht.com/ytc/AIdro_lWuXD_u6u6ciCZr1I2_YNt5Y5wA0KmUSgh9l1-6OM=s88-c-k-c0x00ffffff-no-rj,https://www.youtube.com/@mr.kambing8735,@mr.kambing8735,2 tahun yang lalu (diedit),https://www.youtube.com/watch?v=1CVGZ_Husf8&lc=UgyPHak2Efx6lu8Mp514AaABAg,"saya tau cara membuatnya, gampang sekali cuman capek mengaduknya kalau manual, bahannya 1 karung beras ketan, 30kg gula jawa/gula aren, ama santan kelapa secukupnya... hampir mirip pembuatan kue wajik..",,,,,
https://yt3.ggpht.com/ytc/AIdro_najrNirkES91uW9O1x7uafNumbXLKuwgH-mLyamJqgfhwuBIDWRZGGBzH6fCNh-gOl0g=s88-c-k-c0x00ffffff-no-rj,https://www.youtube.com/@milamila8474,@milamila8474,1 tahun yang lalu,https://www.youtube.com/watch?v=1CVGZ_Husf8&lc=UgxBFXqxL3zyY0puCvJ4AaABAg,Dodol kesukaan ku ini. Aku suka yang original,,,,,
https://yt3.ggpht.com/ytc/AIdro_l5JhwD4a0Cak4_UnYGYCWXFFRIFmFBsr3hmt705J1LiQ=s88-c-k-c0x00ffffff-no-rj,https://www.youtube.com/@mpoerot8013,@mpoerot8013,2 tahun yang lalu,https://www.youtube.com/watch?v=1CVGZ_Husf8&lc=Ugx7WWS32v0eVzwRhSZ4AaABAg,aje gila ini kondangan disuguhin dodol udah kaya makan nasi,,,,,
https://yt3.ggpht.com/o8tE-00HVdRnKXKYVwBjVmPiVPV1czdYB6a0AcY1SAL3Xzx3riAznMwwm8wj3P5T_zXeK4CoAxY=s88-c-k-c0x00ffffff-no-rj,https://www.youtube.com/@a.rThriftingBali,@a.rThriftingBali,3 tahun yang lalu,https://www.youtube.com/watch?v=1CVGZ_Husf8&lc=UgzI1nz_F-ysOtl9Q_x4AaABAg,Wah enak banget nih. Favorit.,,,,,
https://yt3.ggpht.com/ytc/AIdro_mnHqUY0FTKsamoZjH0P9tQoBWlZXzGsND_80ZbUCQumHxnzproI3u1-WllQUnlU-r34g=s88-c-k-c0x00ffffff-no-rj,https://www.youtube.com/@jenajena6949,@jenajena6949,2 tahun yang lalu,https://www.youtube.com/watch?v=1CVGZ_Husf8&lc=UgxIauxvJWR1U-Qn4oF4AaABAg,Dari dulu sampai sekarang masih suka dodol Garut,,,,,
https://yt3.ggpht.com/ytc/AIdro_mLKWuu9-ebNQnRMqDDCj1967nBcdeb9iV4ZBZTlqUbs4U=s88-c-k-c0x00ffffff-no-rj,https://www.youtube.com/@suhend982,@suhend982,1 tahun yang lalu,https://www.youtube.com/watch?v=1CVGZ_Husf8&lc=UgwC4J-Yj-a8mBOXKNl4AaABAg,"Ah ayenamah jadi kurang enak dodol na , bau gajih domba ,",,,,,
https://yt3.ggpht.com/ytc/AIdro_mwvKzk9DMZaTXbP0yR1-25yHUsAT-9-hM0lkl7MYFvGi4=s88-c-k-c0x00ffffff-no-rj,https://www.youtube.com/@mimimiranda8400,@mimimiranda8400,4 tahun yang lalu,https://www.youtube.com/watch?v=1CVGZ_Husf8&lc=Ugyj-iISB17MmeReQ9Z4AaABAg,Mantap,1,,,,
https://yt3.ggpht.com/ytc/AIdro_ndtGCqv8GkxVkOUgUUrgxMJ79NmTAJGhdSHUUM4AH2_DjjKes=s88-c-k-c0x00ffffff-no-rj,https://www.youtube.com/@Sulthan-lt4zk,@Sulthan-lt4zk,6 bulan yang lalu,https://www.youtube.com/watch?v=1CVGZ_Husf8&lc=UgzGCcmrimbYeLUdKEh4AaABAg,Pants rsanya manis asin ternya dari keringt telpk tangn yg membikny tidk pakai sarung tangn,,,,,
https://yt3.ggpht.com/ytc/AIdro_loh47UJiT7YDW32x4k-fQEciqwmyKiws9QWKNI2p_QXQ=s88-c-k-c0x00ffffff-no-rj,https://www.youtube.com/@muhamadadlyhaikal4769,@muhamadadlyhaikal4769,5 tahun yang lalu,https://www.youtube.com/watch?v=1CVGZ_Husf8&lc=UgyhqSqf4FgnimtenRB4AaABAg,Aku suka DODOLL YG SUKA LIKE,6,,,,
https://yt3.ggpht.com/9Pal0WpRLOT2bn0HwPpw8GUA6cDhnJKupnPTnRN68x4bDQ6asXR7ZGdefIIgLGtpghciIlQ0LyE=s88-c-k-c0x00ffffff-no-rj,https://www.youtube.com/@WAPRES_GIRL_BAN_MAKZULKAN,@WAPRES_GIRL_BAN_MAKZULKAN,3 tahun yang lalu,https://www.youtube.com/watch?v=1CVGZ_Husf8&lc=UgxpTljhZjbrNb9dWSJ4AaABAg&pp=0gcJCSMANpG00pGi,Dodol Garut adalah dodol terbaik di dunia.,,,,,
https://yt3.ggpht.com/OyuXSGTRaaGi6UrROh0YRYFBHIyGKu_Hb0VHlPVEelA7wdc6Uj-j1ycMVJySQnska72en99y=s88-c-k-c0x00ffffff-no-rj,https://www.youtube.com/@jonathantampubolon6701,@jonathantampubolon6701,2 tahun yang lalu,https://www.youtube.com/watch?v=1CVGZ_Husf8&lc=UgwY3Ct4SV9DcnA0G5Z4AaABAg,Pe modal nya berapa,2,,,,
https://yt3.ggpht.com/orQOVYJ-MBlZNLgJ07QLW_XTihDcfNMtkyjrSi3rgiohcNiwL2EzoYrzy2fGe_L7nTbOCRfLuBw=s88-c-k-c0x00ffffff-no-rj,https://www.youtube.com/@vlogerytseriesch671,@vlogerytseriesch671,4 tahun yang lalu,https://www.youtube.com/watch?v=1CVGZ_Husf8&lc=Ugx6PxCcwWGcCg3RSZ94AaABAg,Kalau aku suka rasah tuku  alias gratis,,,,,
https://yt3.ggpht.com/ytc/AIdro_lgsxTqWR4D57OIGdrrGUBLG_boEP-fXwICO2n_JCUOnT6p4GWElgZ5CPwizcabKBmDvw=s88-c-k-c0x00ffffff-no-rj,https://www.youtube.com/@yenielpi978,@yenielpi978,2 tahun yang lalu,https://www.youtube.com/watch?v=1CVGZ_Husf8&lc=UgzsztURVZLXYua9KcR4AaABAg&pp=0gcJCSMANpG00pGi,Saya paling suka dengan dodol garut  namun mohon maap mau nanya kertas yang di pakai untuk membungkus dofol garut  itu kertas apa ya nama nya terus beli di mana,,,,,
https://yt3.ggpht.com/J_Khy2NtUFT7uKadqMXfVZEOFcBF1_AuPypNgIAVDFtfuXFzBkCLO0MTyng7eda2lpiCqMVmWQ=s88-c-k-c0x00ffffff-no-rj,https://www.youtube.com/@ruslan6742,@ruslan6742,2 tahun yang lalu,https://www.youtube.com/watch?v=1CVGZ_Husf8&lc=Ugy0IV1GtBZ0SLalqxV4AaABAg,Knapa di kampunggku go ada yg bikin dodol ya cukup dari warung ajah aku ingin pulang ingin makan dodol yg sangat enak dngann puas,,,,,
https://yt3.ggpht.com/ytc/AIdro_mk9g5ImuvJx-5Q4qORxGFjvURfXNyBbZfiu8Uj4BE=s88-c-k-c0x00ffffff-no-rj,https://www.youtube.com/@barabiri2364,@barabiri2364,4 tahun yang lalu,https://www.youtube.com/watch?v=1CVGZ_Husf8&lc=UgyX1_O36C-LluZMNDt4AaABAg,Garut slur,,,,,
https://yt3.ggpht.com/ytc/AIdro_lCz-5s9xX2KhaXt-SgRQrSh7xSIu9Mi5iKddZZLTjvY5aH0-HZod53kfuRV4K-zm-cvg=s88-c-k-c0x00ffffff-no-rj,https://www.youtube.com/@teamzoom6734,@teamzoom6734,3 tahun yang lalu,https://www.youtube.com/watch?v=1CVGZ_Husf8&lc=Ugwz3lQusJV7Ipu0xbJ4AaABAg,Saya suka dodol garut,1,,,,
https://yt3.ggpht.com/ytc/AIdro_lX317d8Qo_S8mnLzPH4PyfogSGdXL9n051cbz1BLqEhA=s88-c-k-c0x00ffffff-no-rj,https://www.youtube.com/@brickfilmstopmotion1515,@brickfilmstopmotion1515,5 tahun yang lalu,https://www.youtube.com/watch?v=1CVGZ_Husf8&lc=Ugwa46cTVkLIWnn6U_B4AaABAg,Dah lama gak makan,,,,,
https://yt3.ggpht.com/pg5g-a78Tcq6RhHZ4Zm7J2Whip_xGv99Bq-qcaOPPiDNTnZMJStMz5HZV1RidosseUL6EPomOQ=s88-c-k-c0x00ffffff-no-rj,https://www.youtube.com/@Yokbersamakitabisa,@Yokbersamakitabisa,5 tahun yang lalu (diedit),https://www.youtube.com/watch?v=1CVGZ_Husf8&lc=UgyOXiZWsLStRZfmqPZ4AaABAg,"Yummy,bagi satu",1,,,,
https://yt3.ggpht.com/ytc/AIdro_lQe_GWFmguOw9vdfOlMqaKAkA-rxhx60nEKT7rF2b-5wE=s88-c-k-c0x00ffffff-no-rj,https://www.youtube.com/@getscyclery3113,@getscyclery3113,8 bulan yang lalu,https://www.youtube.com/watch?v=1CVGZ_Husf8&lc=UgzsCl6Zz8RYfrjqphl4AaABAg,sebaik nya di bungkus plastik semua...kalo yg di bungkus kertas susah banget ngupasnya karena kertas lengket sama dodol nya..,,,,,
https://yt3.ggpht.com/ytc/AIdro_lJta6UmsFwe30EEcIwjgFu4Z_KTHWON9WTz-7gxDVoWQ=s88-c-k-c0x00ffffff-no-rj,https://www.youtube.com/@ahmadnurhidayat4637,@ahmadnurhidayat4637,3 tahun yang lalu,https://www.youtube.com/watch?v=1CVGZ_Husf8&lc=Ugx_ZHMMeOSJBS-P-UF4AaABAg,Sayang sekali nampan nya dr plastik kenapa gak pesan Nampan Kayu di Pabrik Mebel,,,,,
https://yt3.ggpht.com/ytc/AIdro_nmtsXDHjV3vsi3WJxNLeR6_m62bNa4V324lnRtnFy0u-rpS5RDcRIx863T-hajBZ4JOA=s88-c-k-c0x00ffffff-no-rj,https://www.youtube.com/@Asror-m6j,@Asror-m6j,3 bulan yang lalu,https://www.youtube.com/watch?v=1CVGZ_Husf8&lc=Ugym4dJW32AFBcDXUXJ4AaABAg,"Dodol Garut kalo sudah masuk ke pabrik Uda gak alami jadi ga Enak, Uda banyak di yang di kurangi resepnya..",,,,,
,https://www.youtube.com/@muazmohammad4581,@muazmohammad4581,2 tahun yang lalu,https://www.youtube.com/watch?v=1CVGZ_Husf8&lc=UgzPJXiOs334viN2t514AaABAg,Pembuatan dodol ade pantang larang ke,,,,,
,https://www.youtube.com/@topanalie8916,@topanalie8916,2 tahun yang lalu,https://www.youtube.com/watch?v=1CVGZ_Husf8&lc=UgzP0uHwDw6KQR2aYr94AaABAg,"gimana caranya untuk di jual lagi ,,kasih info donk",,,,,
,https://www.youtube.com/@cimuluscirahayu7794,@cimuluscirahayu7794,2 tahun yang lalu,https://www.youtube.com/watch?v=1CVGZ_Husf8&lc=UgxHLjdlrRue8dFfeZ14AaABAg,Enak dodol tenjo,,,,,
,https://www.youtube.com/@ainyqurrota,@ainyqurrota,6 bulan yang lalu,https://www.youtube.com/watch?v=1CVGZ_Husf8&lc=UgzpIQEU8kTUl5TrJB94AaABAg,Kog bisa awet tahan lamaaa yah !!?? Aq buat belum seminggu udah bau,,,,,
,https://www.youtube.com/@nadafadhilahrahman2593,@nadafadhilahrahman2593,4 tahun yang lalu,https://www.youtube.com/watch?v=1CVGZ_Husf8&lc=UgwM_yGBArITETvkqDp4AaABAg,Dodol nya enak ya,,,,,
,https://www.youtube.com/@yuangita1477,@yuangita1477,5 tahun yang lalu,https://www.youtube.com/watch?v=1CVGZ_Husf8&lc=Ugz49KQoKg7j_LhkV7F4AaABAg,Dodol doyan,2,,,,
,https://www.youtube.com/@komangayu1279,@komangayu1279,5 tahun yang lalu,https://www.youtube.com/watch?v=1CVGZ_Husf8&lc=UgzY5q2JgZAae72xYcx4AaABAg,MN RESEPNYA,,,,,
,https://www.youtube.com/@creator_5462,@creator_5462,3 tahun yang lalu,https://www.youtube.com/watch?v=1CVGZ_Husf8&lc=Ugzt9Q4LRbgIGwUsHJl4AaABAg,dodol gasrut luar kering dalamnya basah pasti enak,1,,,,
,https://www.youtube.com/@Anna-jl6nn,@Anna-jl6nn,3 tahun yang lalu,https://www.youtube.com/watch?v=1CVGZ_Husf8&lc=UgwH6OLFKMartOnCWfR4AaABAg,Bahannya apa saja ka?,,,,,
,https://www.youtube.com/@mbakemi4186,@mbakemi4186,3 tahun yang lalu,https://www.youtube.com/watch?v=1CVGZ_Husf8&lc=Ugyh3dxK4X69ZfpjzXB4AaABAg,No wa'y produksi tangan pertamakan. Sy pesan banyak buat jual lg,,,,,
,https://www.youtube.com/@solehbandung5974,@solehbandung5974,4 tahun yang lalu,https://www.youtube.com/watch?v=1CVGZ_Husf8&lc=UgxhZv1dykhr4lXMiZx4AaABAg,Rasa wijen paling ngeunah,,,,,
,https://www.youtube.com/@cuteanimals2536,@cuteanimals2536,4 tahun yang lalu,https://www.youtube.com/watch?v=1CVGZ_Husf8&lc=UgyfONU39Ju9MOv1sRB4AaABAg,Gilak,,,,,
https://yt3.ggpht.com/ytc/AIdro_ndufZtUuuKHa0QTNBguHk_gp5zGgc3xjgDf4W5qb1-fWc=s88-c-k-c0x00ffffff-no-rj,https://www.youtube.com/@muazmohammad4581,@muazmohammad4581,2 tahun yang lalu,https://www.youtube.com/watch?v=1CVGZ_Husf8&lc=UgzPJXiOs334viN2t514AaABAg,Pembuatan dodol ade pantang larang ke,,,,,
https://yt3.ggpht.com/ytc/AIdro_ng5BK_Pnv2K1jM8s72sojtYb10PqgcWkjHnTih5oU=s88-c-k-c0x00ffffff-no-rj,https://www.youtube.com/@topanalie8916,@topanalie8916,2 tahun yang lalu,https://www.youtube.com/watch?v=1CVGZ_Husf8&lc=UgzP0uHwDw6KQR2aYr94AaABAg,"gimana caranya untuk di jual lagi ,,kasih info donk",,,,,
https://yt3.ggpht.com/sae8-n12IH-BKa1GtB-gpX4RyAvg9avOx5rMpKru52K9WaxJtta2l0YO60BRpgZZdp8ftnV3wQ=s88-c-k-c0x00ffffff-no-rj,https://www.youtube.com/@cimuluscirahayu7794,@cimuluscirahayu7794,2 tahun yang lalu,https://www.youtube.com/watch?v=1CVGZ_Husf8&lc=UgxHLjdlrRue8dFfeZ14AaABAg,Enak dodol tenjo,,,,,
https://yt3.ggpht.com/ytc/AIdro_kThqCifdyPsV_CBjqEGFUFwQa0rx9vJ6pL_OgOntbCsfE=s88-c-k-c0x00ffffff-no-rj,https://www.youtube.com/@ainyqurrota,@ainyqurrota,6 bulan yang lalu,https://www.youtube.com/watch?v=1CVGZ_Husf8&lc=UgzpIQEU8kTUl5TrJB94AaABAg,Kog bisa awet tahan lamaaa yah !!?? Aq buat belum seminggu udah bau,,,,,
https://yt3.ggpht.com/ytc/AIdro_mXY03KlJHNOwvv-qGEgIJrfcRWbKmU2OosWATY-CE=s88-c-k-c0x00ffffff-no-rj,https://www.youtube.com/@nadafadhilahrahman2593,@nadafadhilahrahman2593,4 tahun yang lalu,https://www.youtube.com/watch?v=1CVGZ_Husf8&lc=UgwM_yGBArITETvkqDp4AaABAg,Dodol nya enak ya,,,,,
https://yt3.ggpht.com/ytc/AIdro_nxRQvHuRBoPErh6r555FM-wh7kWjZdwKIqlX8-cqiIww=s88-c-k-c0x00ffffff-no-rj,https://www.youtube.com/@yuangita1477,@yuangita1477,5 tahun yang lalu,https://www.youtube.com/watch?v=1CVGZ_Husf8&lc=Ugz49KQoKg7j_LhkV7F4AaABAg,Dodol doyan,2,,,,
https://yt3.ggpht.com/ytc/AIdro_mW951I9_Y1LaqgaX5XWaZGMOQMTnwelOzDgN1_6jA=s88-c-k-c0x00ffffff-no-rj,https://www.youtube.com/@komangayu1279,@komangayu1279,5 tahun yang lalu,https://www.youtube.com/watch?v=1CVGZ_Husf8&lc=UgzY5q2JgZAae72xYcx4AaABAg,MN RESEPNYA,,,,,
https://yt3.ggpht.com/r-7dW8oKw5eV_U_RydoneJs5TAKxTPAXc2AbrmcRmyj37rYuSKZcbr02CZ8ebr7K5w8u9mWC=s88-c-k-c0x00ffffff-no-rj,https://www.youtube.com/@creator_5462,@creator_5462,3 tahun yang lalu,https://www.youtube.com/watch?v=1CVGZ_Husf8&lc=Ugzt9Q4LRbgIGwUsHJl4AaABAg,dodol gasrut luar kering dalamnya basah pasti enak,1,,,,
https://yt3.ggpht.com/ytc/AIdro_nPppyc0hmai-x45_Gy07vhS28G8UgvUu_j8V07DupKeF4=s88-c-k-c0x00ffffff-no-rj,https://www.youtube.com/@Anna-jl6nn,@Anna-jl6nn,3 tahun yang lalu,https://www.youtube.com/watch?v=1CVGZ_Husf8&lc=UgwH6OLFKMartOnCWfR4AaABAg,Bahannya apa saja ka?,,,,,
https://yt3.ggpht.com/ytc/AIdro_kt-bvrIL0BrHih2SOU1f_wIjsesbnjhg2J0ZWpzqHD=s88-c-k-c0x00ffffff-no-rj,https://www.youtube.com/@mbakemi4186,@mbakemi4186,3 tahun yang lalu,https://www.youtube.com/watch?v=1CVGZ_Husf8&lc=Ugyh3dxK4X69ZfpjzXB4AaABAg,No wa'y produksi tangan pertamakan. Sy pesan banyak buat jual lg,,,,,
https://yt3.ggpht.com/ytc/AIdro_n6T6zC4mMFD9TbB-iRSVJkvJd7_Jzu-xOVp6uEda5rR58=s88-c-k-c0x00ffffff-no-rj,https://www.youtube.com/@solehbandung5974,@solehbandung5974,4 tahun yang lalu,https://www.youtube.com/watch?v=1CVGZ_Husf8&lc=UgxhZv1dykhr4lXMiZx4AaABAg,Rasa wijen paling ngeunah,,,,,
https://yt3.ggpht.com/ytc/AIdro_kb9hMLK7jkWDHYgZaYIneXObWovgpOy4ZuSZj-ZLoPlpbT0cYsVrN7JGCOxCPlBKrwrw=s88-c-k-c0x00ffffff-no-rj,https://www.youtube.com/@cuteanimals2536,@cuteanimals2536,4 tahun yang lalu,https://www.youtube.com/watch?v=1CVGZ_Husf8&lc=UgyfONU39Ju9MOv1sRB4AaABAg,Gilak,,,,,
https://yt3.ggpht.com/ytc/AIdro_mHQlGasvCEnsHhAoIyimVzg_cRxPhVAAEFw3mtpZQ=s88-c-k-c0x00ffffff-no-rj,https://www.youtube.com/@angeliaangel1570,@angeliaangel1570,5 tahun yang lalu,https://www.youtube.com/watch?v=1CVGZ_Husf8&lc=UgxVx2ygaoOzRk3ivb54AaABAg,Enjel,1,,,,
https://yt3.ggpht.com/ytc/AIdro_kDgaJqN3gHkNFpTZGVJE0fJ_ZrckPO2XbuZp8EL8g=s88-c-k-c0x00ffffff-no-rj,https://www.youtube.com/@amanahpangurisang7688,@amanahpangurisang7688,4 tahun yang lalu,https://www.youtube.com/watch?v=1CVGZ_Husf8&lc=UgzPHk0e3znpRfrTHPR4AaABAg,Punya campuran babi atau ???,,,,,
https://yt3.ggpht.com/mn28Cv-0rnUPQONfP6A2S4jd5dcHrwV3q3mmEOhiAM_syDSSLQTlTbZKv069UNvgrSMDG6RNFQ=s88-c-k-c0x00ffffff-no-rj,https://www.youtube.com/@fesalbima454,@fesalbima454,4 tahun yang lalu,https://www.youtube.com/watch?v=1CVGZ_Husf8&lc=UgxPqF8o9cRlHUJbDR14AaABAg,Minta no hpnya mas....soalnya mau pesan banyak,,,,,
https://yt3.ggpht.com/ytc/AIdro_kzbtonNBlRsAq_5Mc6MNvchrAJjXbiwE8-RgIulFc=s88-c-k-c0x00ffffff-no-rj,https://www.youtube.com/@tjokimlim3568,@tjokimlim3568,4 tahun yang lalu,https://www.youtube.com/watch?v=1CVGZ_Husf8&lc=Ugy4ZFi8b3vgLHQghB54AaABAg,Saya butuh orang ahli pembuat dodol untuk produksi di Lampung..tks.,,,,,
https://yt3.ggpht.com/ytc/AIdro_kb9hMLK7jkWDHYgZaYIneXObWovgpOy4ZuSZj-ZLoPlpbT0cYsVrN7JGCOxCPlBKrwrw=s88-c-k-c0x00ffffff-no-rj,https://www.youtube.com/@cuteanimals2536,@cuteanimals2536,4 tahun yang lalu,https://www.youtube.com/watch?v=1CVGZ_Husf8&lc=Ugxf0tAzT2ovJbETS_N4AaABAg,Saya mau dodolnya klo enggak saya like dan,,,,,
https://yt3.ggpht.com/ytc/AIdro_nMs0f0gr2Qyy37cYlIOq21mSDC8LywuEAFXUw8U2Y=s88-c-k-c0x00ffffff-no-rj,https://www.youtube.com/@sofabiru6852,@sofabiru6852,2 tahun yang lalu,https://www.youtube.com/watch?v=1CVGZ_Husf8&lc=UgztJscCbVyrDgqJqpt4AaABAg&pp=0gcJCSMANpG00pGi,"""dodol garut...""",,,,,
https://yt3.ggpht.com/ytc/AIdro_mHQlGasvCEnsHhAoIyimVzg_cRxPhVAAEFw3mtpZQ=s88-c-k-c0x00ffffff-no-rj,https://www.youtube.com/@angeliaangel1570,@angeliaangel1570,5 tahun yang lalu,https://www.youtube.com/watch?v=1CVGZ_Husf8&lc=Ugzznvlur6RJ7cUVhop4AaABAg,putri,1,,,,
https://yt3.ggpht.com/ytc/AIdro_mHQlGasvCEnsHhAoIyimVzg_cRxPhVAAEFw3mtpZQ=s88-c-k-c0x00ffffff-no-rj,https://www.youtube.com/@angeliaangel1570,@angeliaangel1570,5 tahun yang lalu,https://www.youtube.com/watch?v=1CVGZ_Husf8&lc=UgzlySAN7ngYqMDpD2N4AaABAg,U,1,,,,
,https://www.youtube.com/@dodolgarutpicnic7503,@dodolgarutpicnic7503,3 tahun yang lalu,https://www.youtube.com/watch?v=1CVGZ_Husf8&lc=Ugx6YYqLmdpPpQhs0nN4AaABAg,"Terima kasih TRANS 7 telah mengujungi pabrik kami, Jika kalian penasaran produk selengkapnya bisa kunjungi website resmi di",2,,,,
style-scope src,yt-simple-endpoint href,style-scope,yt-simple-endpoint,yt-simple-endpoint href 2,yt-core-attributed-string,style-scope src 2,dot,yt-core-attributed-string 3,,
https://yt3.ggpht.com/ytc/AIdro_nzoHrYj6EMOFi3CinSr7yuh4eOdXEz8IOqAG4xVio=s88-c-k-c0x00ffffff-no-rj,https://www.youtube.com/@ahmedwisnu9520,@ahmedwisnu9520,3 tahun yang lalu,https://www.youtube.com/watch?v=UoO1Gd9zo4s&lc=Ugw6GEazt8BIPp-ohDV4AaABAg,dodol dodol garut memang enak mantap,https://yt3.ggpht.com/ytc/AIdro_nsmZ5OvgXB7B-6xKvj1ayRv_1f6bmH3u3jbSbZn-kxHac=s88-c-k-c0x00ffffff-no-rj,,,,
https://yt3.ggpht.com/ytc/AIdro_kXj_Ik_gQg68SauJVYKcsNAzO4UfDRJemmwMhIJMNjhQ=s88-c-k-c0x00ffffff-no-rj,https://www.youtube.com/@langitkuvlog,@langitkuvlog,3 tahun yang lalu,https://www.youtube.com/watch?v=UoO1Gd9zo4s&lc=UgyG_YIT7e-nENOirFB4AaABAg,Ya ampuun dodol Garut  jadi pengen emm.. enak yah dodol Garut.. sip kk mantaf,https://yt3.ggpht.com/ytc/AIdro_nsmZ5OvgXB7B-6xKvj1ayRv_1f6bmH3u3jbSbZn-kxHac=s88-c-k-c0x00ffffff-no-rj,,,,
https://yt3.ggpht.com/ytc/AIdro_mrGDkz-jSibmVUNcdvg4l3fpf4aTFeIDPvBoW7hKxDaEA=s88-c-k-c0x00ffffff-no-rj,https://www.youtube.com/@dwicapratiwi8046,@dwicapratiwi8046,3 tahun yang lalu,https://www.youtube.com/watch?v=UoO1Gd9zo4s&lc=UgwyQq__wIxkzqFbGcl4AaABAg,"Dodol Garut manis yg sangat ku suka ,, enak bngt si dodol ini pastinya",https://yt3.ggpht.com/ytc/AIdro_nsmZ5OvgXB7B-6xKvj1ayRv_1f6bmH3u3jbSbZn-kxHac=s88-c-k-c0x00ffffff-no-rj,,,,
https://yt3.ggpht.com/ytc/AIdro_noRHRHvOqkocDvtsqFixmizMyuJSi25WEYoNONoz022ik=s88-c-k-c0x00ffffff-no-rj,https://www.youtube.com/@bambanghardiyono,@bambanghardiyono,3 tahun yang lalu,https://www.youtube.com/watch?v=UoO1Gd9zo4s&lc=Ugwx24vw4P_itKwVmP94AaABAg,Jadi begitu ya cara pengolahan dodol garut .dulu pas aku kebandung sering beli dodol garut hemmn rasanya enak,https://yt3.ggpht.com/ytc/AIdro_nsmZ5OvgXB7B-6xKvj1ayRv_1f6bmH3u3jbSbZn-kxHac=s88-c-k-c0x00ffffff-no-rj,,,,
https://yt3.ggpht.com/ytc/AIdro_nTZ_Lfs__dt8cdE2v7OcVgbahVW3WTTJVtzquMvPrSed-e=s88-c-k-c0x00ffffff-no-rj,https://www.youtube.com/@PendiPamungkasChannel,@PendiPamungkasChannel,3 tahun yang lalu (diedit),https://www.youtube.com/watch?v=UoO1Gd9zo4s&lc=Ugz9nNRw1o4zpbNV9314AaABAg,Dodol garut merupakan menu andalan untuk para wisatawan yang berkunjung ke garut,https://yt3.ggpht.com/ytc/AIdro_nsmZ5OvgXB7B-6xKvj1ayRv_1f6bmH3u3jbSbZn-kxHac=s88-c-k-c0x00ffffff-no-rj,,,,
https://yt3.ggpht.com/suSEY8amTMmiNyi9DGjCOj4_giusuFKbvex2XgIn9zb7PTtsZa9SOnTd6tMfaYAQ0Yay0oh8Ww=s88-c-k-c0x00ffffff-no-rj,https://www.youtube.com/@DiriKu,@DiriKu,3 tahun yang lalu,https://www.youtube.com/watch?v=UoO1Gd9zo4s&lc=Ugw1WQ5vPO18QaRRUYZ4AaABAg,"dodol garut emang enak, pasti beli ini buat oleh2 jd gni toh proses pembuatannya",https://yt3.ggpht.com/ytc/AIdro_nsmZ5OvgXB7B-6xKvj1ayRv_1f6bmH3u3jbSbZn-kxHac=s88-c-k-c0x00ffffff-no-rj,,,,
https://yt3.ggpht.com/S7lYnyEHPp3UTkmnNGyQQUKMohpzdoDkEjNQlaSWPdTm7Zbs0OHhESo7IVOnSTQ6G1VcUcSG=s88-c-k-c0x00ffffff-no-rj,https://www.youtube.com/@yola_creativity,@yola_creativity,3 tahun yang lalu,https://www.youtube.com/watch?v=UoO1Gd9zo4s&lc=UgzlH5zJIahD6IXL59R4AaABAg,Ini dodol yang sangat melegenda... Ternyata kayak gini ya kk ..... Proses pembuatan nya..,https://yt3.ggpht.com/ytc/AIdro_nsmZ5OvgXB7B-6xKvj1ayRv_1f6bmH3u3jbSbZn-kxHac=s88-c-k-c0x00ffffff-no-rj,¬∑,1 balasan,,
,https://www.youtube.com/@spesialiscetakbukutahunan7710,@spesialiscetakbukutahunan7710,3 tahun yang lalu,https://www.youtube.com/watch?v=UoO1Gd9zo4s&lc=UgyHyY0560SZ21Ywznt4AaABAg,makasih ya dah berbagi tentang dodol garut yang merupakan makanan khas garut,,¬∑,1 balasan,,
,https://www.youtube.com/@abrar_n_adisty_mom,@abrar_n_adisty_mom,3 tahun yang lalu,https://www.youtube.com/watch?v=UoO1Gd9zo4s&lc=Ugx5JPnOXgHfcQhxdah4AaABAg,Dodol Garut kesukaan saya ini dari kecil...jadi tau sejarahnya,,,,,
,https://www.youtube.com/@djsahabatindonesia123,@djsahabatindonesia123,3 tahun yang lalu,https://www.youtube.com/watch?v=UoO1Gd9zo4s&lc=UgzKp2gaPjeL6nWdJuR4AaABAg&pp=0gcJCSMANpG00pGi,Wah berbagai macam dan rasa dodol garut ini,,¬∑,1 balasan,,
,https://www.youtube.com/@VideoLanggananku,@VideoLanggananku,3 tahun yang lalu,https://www.youtube.com/watch?v=UoO1Gd9zo4s&lc=UgybUyE3-WezNI5vbGx4AaABAg&pp=0gcJCSMANpG00pGi,"bener bener terkenal banget nih dodol garut, proses pembuatan nya sangat membutuhkan skill.",,,,,
,https://www.youtube.com/@rumiyati6009,@rumiyati6009,3 tahun yang lalu,https://www.youtube.com/watch?v=UoO1Gd9zo4s&lc=UgxkZGAW31vYzBHmM_B4AaABAg,Dodol Garut makanan yang manis dan cocok untuk oleh-oleh saudara.,,,,,
,https://www.youtube.com/@AndraAerospace,@AndraAerospace,3 tahun yang lalu,https://www.youtube.com/watch?v=UoO1Gd9zo4s&lc=Ugx9LcwrYiM91vkd-y14AaABAg,"Dodol Garut, cemilan kesukaan saya nih bang, kalau temen pulang mudik dari Garut pasti bawa oleh2nya dodol Garut",,,,,
,https://www.youtube.com/@BumiSerantau,@BumiSerantau,3 tahun yang lalu,https://www.youtube.com/watch?v=UoO1Gd9zo4s&lc=UgxmQurGrm9BKEFdY_l4AaABAg,Dodol fenomenal dan melekat dinseluruh Indonesia..ternyata begini sejarah dan prosesnya,,,,,
,https://www.youtube.com/@irmasaputra4546,@irmasaputra4546,3 tahun yang lalu,https://www.youtube.com/watch?v=UoO1Gd9zo4s&lc=UgwDTieHFuJ-za0AAEx4AaABAg,Urang Garut hadir Ô∏è,,,,,
,https://www.youtube.com/@Mrrohim-se6vp,@Mrrohim-se6vp,3 tahun yang lalu,https://www.youtube.com/watch?v=UoO1Gd9zo4s&lc=UgwB-WvHwCjGQb_F0oZ4AaABAg,"Kecilku dlu senang cemilan dodol Garut  
Salam warga Riau min",,¬∑,1 balasan,,
,https://www.youtube.com/@didithkm,@didithkm,3 tahun yang lalu,https://www.youtube.com/watch?v=UoO1Gd9zo4s&lc=UgxpzsAtcncmE-A6_wh4AaABAg,"Ternyata dodol garut terbuat dari tepung beras ketan,,bukan beras biasa..nuhun info nya Bang",,,,,
,https://www.youtube.com/@solehbandung5974,@solehbandung5974,4 tahun yang lalu,https://www.youtube.com/watch?v=UoO1Gd9zo4s&lc=Ugx9HyWeUvR6zNR_rpl4AaABAg,Dodol picnic,,,,,
,https://www.youtube.com/@ruslan6742,@ruslan6742,2 tahun yang lalu,https://www.youtube.com/watch?v=UoO1Gd9zo4s&lc=UgwGvduKOCM8OjBRNpJ4AaABAg,Andai Ali orang garut brarrty akan sangat puas makan dodol karna dket toko2 yg besar di daerah aku cukup dari  sarung jarang2ada juga,,,,,
,https://www.youtube.com/@mukastikeriy7516,@mukastikeriy7516,4 tahun yang lalu,https://www.youtube.com/watch?v=UoO1Gd9zo4s&lc=UgxZNhnqakFXH6iGMv14AaABAg,Assalamualaikum kumaha DAMANG akang,,,,,
https://yt3.ggpht.com/ytc/AIdro_lMkutc2ag2YFRfyJhY3x3-TJs2ise7axpUvEGCkvj3ttI=s88-c-k-c0x00ffffff-no-rj,https://www.youtube.com/@spesialiscetakbukutahunan7710,@spesialiscetakbukutahunan7710,3 tahun yang lalu,https://www.youtube.com/watch?v=UoO1Gd9zo4s&lc=UgyHyY0560SZ21Ywznt4AaABAg,makasih ya dah berbagi tentang dodol garut yang merupakan makanan khas garut,https://yt3.ggpht.com/ytc/AIdro_nsmZ5OvgXB7B-6xKvj1ayRv_1f6bmH3u3jbSbZn-kxHac=s88-c-k-c0x00ffffff-no-rj,¬∑,1 balasan,,
https://yt3.ggpht.com/ytc/AIdro_ngmUx4rdBbqOIv_hr7TrgDna34Wk8sljWRZa83nCP-eQ=s88-c-k-c0x00ffffff-no-rj,https://www.youtube.com/@abrar_n_adisty_mom,@abrar_n_adisty_mom,3 tahun yang lalu,https://www.youtube.com/watch?v=UoO1Gd9zo4s&lc=Ugx5JPnOXgHfcQhxdah4AaABAg,Dodol Garut kesukaan saya ini dari kecil...jadi tau sejarahnya,https://yt3.ggpht.com/ytc/AIdro_nsmZ5OvgXB7B-6xKvj1ayRv_1f6bmH3u3jbSbZn-kxHac=s88-c-k-c0x00ffffff-no-rj,,,,
https://yt3.ggpht.com/ytc/AIdro_ntxJMkWP0VoFRi_eN6uIEC1rt4jidlrgwpetwUbruFTw=s88-c-k-c0x00ffffff-no-rj,https://www.youtube.com/@djsahabatindonesia123,@djsahabatindonesia123,3 tahun yang lalu,https://www.youtube.com/watch?v=UoO1Gd9zo4s&lc=UgzKp2gaPjeL6nWdJuR4AaABAg&pp=0gcJCSMANpG00pGi,Wah berbagai macam dan rasa dodol garut ini,https://yt3.ggpht.com/ytc/AIdro_nsmZ5OvgXB7B-6xKvj1ayRv_1f6bmH3u3jbSbZn-kxHac=s88-c-k-c0x00ffffff-no-rj,¬∑,1 balasan,,
https://yt3.ggpht.com/ytc/AIdro_kzLwpkBiYckxtIAbdcQbuJNhl51JUWELesZ0LNUwvYGw=s88-c-k-c0x00ffffff-no-rj,https://www.youtube.com/@VideoLanggananku,@VideoLanggananku,3 tahun yang lalu,https://www.youtube.com/watch?v=UoO1Gd9zo4s&lc=UgybUyE3-WezNI5vbGx4AaABAg&pp=0gcJCSMANpG00pGi,"bener bener terkenal banget nih dodol garut, proses pembuatan nya sangat membutuhkan skill.",https://yt3.ggpht.com/ytc/AIdro_nsmZ5OvgXB7B-6xKvj1ayRv_1f6bmH3u3jbSbZn-kxHac=s88-c-k-c0x00ffffff-no-rj,,,,
https://yt3.ggpht.com/COFUEk25yQvseHROGhcIGZySsGsAa7nPCuS4fn1Sq9lY63QAfXUrwUhVUjWypG5BskNI7uS4x6Y=s88-c-k-c0x00ffffff-no-rj,https://www.youtube.com/@rumiyati6009,@rumiyati6009,3 tahun yang lalu,https://www.youtube.com/watch?v=UoO1Gd9zo4s&lc=UgxkZGAW31vYzBHmM_B4AaABAg,Dodol Garut makanan yang manis dan cocok untuk oleh-oleh saudara.,https://yt3.ggpht.com/ytc/AIdro_nsmZ5OvgXB7B-6xKvj1ayRv_1f6bmH3u3jbSbZn-kxHac=s88-c-k-c0x00ffffff-no-rj,,,,
https://yt3.ggpht.com/-gHY1eB2KWrN7k0XPaQnNtkT-cENalNih7BQdEoYgblG6Q2zPGg0X7IqQL46jmX5S-rOCrm1STM=s88-c-k-c0x00ffffff-no-rj,https://www.youtube.com/@AndraAerospace,@AndraAerospace,3 tahun yang lalu,https://www.youtube.com/watch?v=UoO1Gd9zo4s&lc=Ugx9LcwrYiM91vkd-y14AaABAg,"Dodol Garut, cemilan kesukaan saya nih bang, kalau temen pulang mudik dari Garut pasti bawa oleh2nya dodol Garut",https://yt3.ggpht.com/ytc/AIdro_nsmZ5OvgXB7B-6xKvj1ayRv_1f6bmH3u3jbSbZn-kxHac=s88-c-k-c0x00ffffff-no-rj,,,,
https://yt3.ggpht.com/IP-njwFSenYTWUum0pciFFPELUMBNyxWRujXMpzIPz5_5-c9Xh7amOEoDRMVxXKVlFoXsPLigg=s88-c-k-c0x00ffffff-no-rj,https://www.youtube.com/@BumiSerantau,@BumiSerantau,3 tahun yang lalu,https://www.youtube.com/watch?v=UoO1Gd9zo4s&lc=UgxmQurGrm9BKEFdY_l4AaABAg,Dodol fenomenal dan melekat dinseluruh Indonesia..ternyata begini sejarah dan prosesnya,https://yt3.ggpht.com/ytc/AIdro_nsmZ5OvgXB7B-6xKvj1ayRv_1f6bmH3u3jbSbZn-kxHac=s88-c-k-c0x00ffffff-no-rj,,,,
https://yt3.ggpht.com/ytc/AIdro_mxvytvOSJnT8Ih20DOmwm9OQqTRWk4VnxiKFHNT9c=s88-c-k-c0x00ffffff-no-rj,https://www.youtube.com/@irmasaputra4546,@irmasaputra4546,3 tahun yang lalu,https://www.youtube.com/watch?v=UoO1Gd9zo4s&lc=UgwDTieHFuJ-za0AAEx4AaABAg,Urang Garut hadir Ô∏è,https://yt3.ggpht.com/ytc/AIdro_nsmZ5OvgXB7B-6xKvj1ayRv_1f6bmH3u3jbSbZn-kxHac=s88-c-k-c0x00ffffff-no-rj,,,,
https://yt3.ggpht.com/ulpLUotmzqu9WTjDrmYMoD1CGDO9-PLf0nYL-SFEvJfY-DuYi9Jfs03HCuJ5l63SyP5WUuG_Gg=s88-c-k-c0x00ffffff-no-rj,https://www.youtube.com/@Mrrohim-se6vp,@Mrrohim-se6vp,3 tahun yang lalu,https://www.youtube.com/watch?v=UoO1Gd9zo4s&lc=UgwB-WvHwCjGQb_F0oZ4AaABAg,"Kecilku dlu senang cemilan dodol Garut  
Salam warga Riau min",https://yt3.ggpht.com/ytc/AIdro_nsmZ5OvgXB7B-6xKvj1ayRv_1f6bmH3u3jbSbZn-kxHac=s88-c-k-c0x00ffffff-no-rj,¬∑,1 balasan,,
https://yt3.ggpht.com/VFehQE1Cwu6d0m0NQkQtMRUSfru3V-4JN-Ddw_cpGhAAWKB84_5Xdr9qSpOmqfyNaW3JsRuT6Rs=s88-c-k-c0x00ffffff-no-rj,https://www.youtube.com/@didithkm,@didithkm,3 tahun yang lalu,https://www.youtube.com/watch?v=UoO1Gd9zo4s&lc=UgxpzsAtcncmE-A6_wh4AaABAg,"Ternyata dodol garut terbuat dari tepung beras ketan,,bukan beras biasa..nuhun info nya Bang",https://yt3.ggpht.com/ytc/AIdro_nsmZ5OvgXB7B-6xKvj1ayRv_1f6bmH3u3jbSbZn-kxHac=s88-c-k-c0x00ffffff-no-rj,,,,
https://yt3.ggpht.com/ytc/AIdro_n6T6zC4mMFD9TbB-iRSVJkvJd7_Jzu-xOVp6uEda5rR58=s88-c-k-c0x00ffffff-no-rj,https://www.youtube.com/@solehbandung5974,@solehbandung5974,4 tahun yang lalu,https://www.youtube.com/watch?v=UoO1Gd9zo4s&lc=Ugx9HyWeUvR6zNR_rpl4AaABAg,Dodol picnic,https://yt3.ggpht.com/ytc/AIdro_nsmZ5OvgXB7B-6xKvj1ayRv_1f6bmH3u3jbSbZn-kxHac=s88-c-k-c0x00ffffff-no-rj,,,,
https://yt3.ggpht.com/J_Khy2NtUFT7uKadqMXfVZEOFcBF1_AuPypNgIAVDFtfuXFzBkCLO0MTyng7eda2lpiCqMVmWQ=s88-c-k-c0x00ffffff-no-rj,https://www.youtube.com/@ruslan6742,@ruslan6742,2 tahun yang lalu,https://www.youtube.com/watch?v=UoO1Gd9zo4s&lc=UgwGvduKOCM8OjBRNpJ4AaABAg,Andai Ali orang garut brarrty akan sangat puas makan dodol karna dket toko2 yg besar di daerah aku cukup dari  sarung jarang2ada juga,https://yt3.ggpht.com/ytc/AIdro_nsmZ5OvgXB7B-6xKvj1ayRv_1f6bmH3u3jbSbZn-kxHac=s88-c-k-c0x00ffffff-no-rj,,,,
https://yt3.ggpht.com/8tqGxu4lAyGNLmwvfqqrgyU2PTrmrnADiWS-tPho30Ui2wUL_mF5nK0k6oLs91N0JQU8rdYjls0=s88-c-k-c0x00ffffff-no-rj,https://www.youtube.com/@mukastikeriy7516,@mukastikeriy7516,4 tahun yang lalu,https://www.youtube.com/watch?v=UoO1Gd9zo4s&lc=UgxZNhnqakFXH6iGMv14AaABAg,Assalamualaikum kumaha DAMANG akang,https://yt3.ggpht.com/ytc/AIdro_nsmZ5OvgXB7B-6xKvj1ayRv_1f6bmH3u3jbSbZn-kxHac=s88-c-k-c0x00ffffff-no-rj,,,,
https://yt3.ggpht.com/Np-q302CrkBnj7JgQGvJrFIAbMhuZV1bR7OIPd5ZXtRnFOZk-Hd9x6A_GH5vGyWHD1gcIr8C=s88-c-k-c0x00ffffff-no-rj,https://www.youtube.com/@jostoh4576,@jostoh4576,1 tahun yang lalu,https://www.youtube.com/watch?v=UoO1Gd9zo4s&lc=Ugw_xnD884OUHc3G-Ix4AaABAg,Aku telah mencari dodol garut selama 13 tahun tapi tidak ketemu ketemu,https://yt3.ggpht.com/ytc/AIdro_nsmZ5OvgXB7B-6xKvj1ayRv_1f6bmH3u3jbSbZn-kxHac=s88-c-k-c0x00ffffff-no-rj,,,,
https://yt3.ggpht.com/LWg1AfyvtCLzRk0fsf1eUl8eAhGZRCinID1wHcch9xP_qTH8EdQ-jhY_-nfOXF7en8bRi2dQNwo=s88-c-k-c0x00ffffff-no-rj,https://www.youtube.com/@mucklisindrakasi9741,@mucklisindrakasi9741,2 tahun yang lalu,https://www.youtube.com/watch?v=UoO1Gd9zo4s&lc=Ugxu5YgePcX0H9QYnCZ4AaABAg,Ada yg tau gk no TLP nya tau wa,https://yt3.ggpht.com/ytc/AIdro_nsmZ5OvgXB7B-6xKvj1ayRv_1f6bmH3u3jbSbZn-kxHac=s88-c-k-c0x00ffffff-no-rj,,,,
https://yt3.ggpht.com/ytc/AIdro_ndufZtUuuKHa0QTNBguHk_gp5zGgc3xjgDf4W5qb1-fWc=s88-c-k-c0x00ffffff-no-rj,https://www.youtube.com/@muazmohammad4581,@muazmohammad4581,2 tahun yang lalu,https://www.youtube.com/watch?v=UoO1Gd9zo4s&lc=UgxJAczZcpZi150D-d94AaABAg,Pembuatan dodol ade pantang larang ke,https://yt3.ggpht.com/ytc/AIdro_nsmZ5OvgXB7B-6xKvj1ayRv_1f6bmH3u3jbSbZn-kxHac=s88-c-k-c0x00ffffff-no-rj,¬∑,1 balasan,,
https://yt3.ggpht.com/spOaetTv8jukm8eO56sdveJjdBN-mnOzoYhxsBl5yrDEWBlAy3pmaE-wEdNrG6jPjLlcL6LVMCE=s88-c-k-c0x00ffffff-no-rj,https://www.youtube.com/@SayurItuSehat,@SayurItuSehat,1 tahun yang lalu,https://www.youtube.com/watch?v=UoO1Gd9zo4s&lc=UgxA6r1R17jt83q40tB4AaABAg,awas di klaim negara sebelah! Negara ini  üá≤üáæ tukang klaim,https://yt3.ggpht.com/ytc/AIdro_nsmZ5OvgXB7B-6xKvj1ayRv_1f6bmH3u3jbSbZn-kxHac=s88-c-k-c0x00ffffff-no-rj,,,,
style-scope src,yt-simple-endpoint href,style-scope 2,yt-simple-endpoint,yt-simple-endpoint href 2,yt-core-attributed-string,style-scope 3,style-scope src 2,hidden 3,yt-core-attributed-string 3,dot
https://yt3.ggpht.com/_zVmCUid5Phbfsjnek329bTZpwE4ZZLI_3Hu1Zw7DVPk2n19pA8UUEXDgScMZvno3wheKMoU=s88-c-k-c0x00ffffff-no-rj,https://www.youtube.com/@dodolgarutpicnic7503,@dodolgarutpicnic7503,3 tahun yang lalu,https://www.youtube.com/watch?v=7lPCIDfeSc0&lc=UgzVdJ6X2ZR3uhH8zVd4AaABAg,"Terima kasih Kak Eny Daniel telah mengujungi pabrik kami, Jika kalian ingin melihat produk secara online bisa kunjungi website di",2,https://yt3.ggpht.com/bkjcGznW2igi_m3djTrJHCdkk9cIUjbnKr3FUEAkgAemueYCelVXGEC_pgk1M2aRNav13HtAjA=s88-c-k-c0x00ffffff-no-rj,‚ù§ oleh @enydaniel15,1 balasan,
https://yt3.ggpht.com/55_0B08wj89nGQiKLTFrWSW5bM8SeuU0ODkAKvQ-kPG7dzWUG0RhXc6pq_43SsD9Gyquw9x4oA=s88-c-k-c0x00ffffff-no-rj,https://www.youtube.com/@168Project,@168Project,3 tahun yang lalu,https://www.youtube.com/watch?v=7lPCIDfeSc0&lc=UgzD6r-e7fEQ1HpbZJN4AaABAg,dodol garut emang gaada tandingannya ya kak,2,https://yt3.ggpht.com/bkjcGznW2igi_m3djTrJHCdkk9cIUjbnKr3FUEAkgAemueYCelVXGEC_pgk1M2aRNav13HtAjA=s88-c-k-c0x00ffffff-no-rj,‚ù§ oleh @enydaniel15,,
https://yt3.ggpht.com/G2gJOjc2MtNjtxonCCobU1Et_9P1Oem6GFn9Yw3uvYFguogIj1O3XQBlr3HX34exWAzTUT3R5A=s88-c-k-c0x00ffffff-no-rj,https://www.youtube.com/@anandanikola1369,@anandanikola1369,3 tahun yang lalu,https://www.youtube.com/watch?v=7lPCIDfeSc0&lc=UgwSvfZH0pnyUncM6Fp4AaABAg,Pabriknya dodol di garut ikut nyimak kawan,1,https://yt3.ggpht.com/bkjcGznW2igi_m3djTrJHCdkk9cIUjbnKr3FUEAkgAemueYCelVXGEC_pgk1M2aRNav13HtAjA=s88-c-k-c0x00ffffff-no-rj,‚ù§ oleh @enydaniel15,,
https://yt3.ggpht.com/h3HZMeXSfpjLoYP8gkudJoSuXvUaN8gsReeqd2xKL6KBv-4uivclpeNNtDTrf6yi77mNNoTZPg=s88-c-k-c0x00ffffff-no-rj,https://www.youtube.com/@teteheva13,@teteheva13,3 tahun yang lalu,https://www.youtube.com/watch?v=7lPCIDfeSc0&lc=UgzFUtEoNpqvzVoSO_h4AaABAg,Wah... Jadi pengen dodol eum....,2,https://yt3.ggpht.com/bkjcGznW2igi_m3djTrJHCdkk9cIUjbnKr3FUEAkgAemueYCelVXGEC_pgk1M2aRNav13HtAjA=s88-c-k-c0x00ffffff-no-rj,‚ù§ oleh @enydaniel15,,
https://yt3.ggpht.com/GNTOHCNhfjL-O1SxahmKMRoWJsYhp2dR2cDvHcn0XxPruo-X29l1B7ygRgxY1FAAvR85wFVK=s88-c-k-c0x00ffffff-no-rj,https://www.youtube.com/@ummuhaekal1382,@ummuhaekal1382,3 tahun yang lalu,https://www.youtube.com/watch?v=7lPCIDfeSc0&lc=UgzgXR8ZfS_sgWN36pl4AaABAg,komentnya lami teing..,3,https://yt3.ggpht.com/bkjcGznW2igi_m3djTrJHCdkk9cIUjbnKr3FUEAkgAemueYCelVXGEC_pgk1M2aRNav13HtAjA=s88-c-k-c0x00ffffff-no-rj,‚ù§ oleh @enydaniel15,,
https://yt3.ggpht.com/fPKvpjEQgfoqvVUpxTCiUN4I3_y-YQ-0Knxao3zxbG44X-kqyE6y9vAQN-NXaaTtbzooJANcUQ=s88-c-k-c0x00ffffff-no-rj,https://www.youtube.com/@rochmanajiana1939,@rochmanajiana1939,8 bulan yang lalu,https://www.youtube.com/watch?v=7lPCIDfeSc0&lc=Ugx54zSK6KhzywfO93F4AaABAg,Reusep dodol mung teu reseup pami tos nyeulap Kana koropok,,,,,
https://yt3.ggpht.com/35GUDiIItIsGpjMXaJiFXV_X7TkJ3jsHkOqrgAQeVaUld2ZGkmwVjB7bniTa-pxVR1FSOe2yGg=s88-c-k-c0x00ffffff-no-rj,https://www.youtube.com/@beatpinkcommunityclub,@beatpinkcommunityclub,3 tahun yang lalu,https://www.youtube.com/watch?v=7lPCIDfeSc0&lc=UgwXpE2TMN3nSosyrjV4AaABAg,Teringat dulu sering lewat samping pabrik dodol picnic,1,https://yt3.ggpht.com/bkjcGznW2igi_m3djTrJHCdkk9cIUjbnKr3FUEAkgAemueYCelVXGEC_pgk1M2aRNav13HtAjA=s88-c-k-c0x00ffffff-no-rj,‚ù§ oleh @enydaniel15,,
https://yt3.ggpht.com/ytc/AIdro_nHypebJr1rT5c9i93gHddTw6b-fW1vUAWRsBpecm0=s88-c-k-c0x00ffffff-no-rj,https://www.youtube.com/@sucinurjayanti5302,@sucinurjayanti5302,3 tahun yang lalu,https://www.youtube.com/watch?v=7lPCIDfeSc0&lc=UgzmWXDMD7D_jFwI0Zl4AaABAg,"Aq pernah nyobain juga kak,dodol garut..enak,legit,dan macem2 rasanya..

salam Rafa Keisha",1,,‚ù§ oleh @enydaniel15,,
,https://www.youtube.com/@koskosancewek,@koskosancewek,3 tahun yang lalu,https://www.youtube.com/watch?v=7lPCIDfeSc0&lc=UgwzN0GPZKMhPJGJRcJ4AaABAg,Pada tahun 2017 saya sering ke garut dari bandung.... Saya sering jalan jalan kesana...! Saya rindu garut allhamdulillah dengan video ini rasa rinduku terobati.... Salam dari padang kak....,2,,‚ù§ oleh @enydaniel15,1 balasan,¬∑
,https://www.youtube.com/@iyudsaawakawak,@iyudsaawakawak,3 tahun yang lalu,https://www.youtube.com/watch?v=7lPCIDfeSc0&lc=UgxGy94BAOmheG8jquZ4AaABAg,Inget dulu waktu masih suka ke garut ke pabrik dodol.... Hahahha,1,,‚ù§ oleh @enydaniel15,2 balasan,¬∑
,https://www.youtube.com/@obloliar6228,@obloliar6228,3 tahun yang lalu,https://www.youtube.com/watch?v=7lPCIDfeSc0&lc=UgwSkUHMLEfxrD2CBZp4AaABAg,Nah Alhamdulillah mudhan2 ada oleh2 dr ka Eny d kirim ke Kalimantan  d tunggu y ka pngen icip,1,,‚ù§ oleh @enydaniel15,,
,https://www.youtube.com/@mothon4032,@mothon4032,3 tahun yang lalu,https://www.youtube.com/watch?v=7lPCIDfeSc0&lc=UgxBqu3psCWFr45d-jV4AaABAg,"Kangen dodol ini. Gimana caranya nih Min
 biar bisa dapetin dodolnya yg langsung dari pabrik tnpa harus kesana?",1,,‚ù§ oleh @enydaniel15,,
,https://www.youtube.com/@irawatiefratami4358,@irawatiefratami4358,3 tahun yang lalu,https://www.youtube.com/watch?v=7lPCIDfeSc0&lc=UgyuU7i2ZuMrXfTjP5l4AaABAg,Jalan jalan beli dodol Garut....ntar kirim ya ke Pangandaran de .....,2,,‚ù§ oleh @enydaniel15,1 balasan,¬∑
,https://www.youtube.com/@bertasihura2826,@bertasihura2826,3 tahun yang lalu,https://www.youtube.com/watch?v=7lPCIDfeSc0&lc=Ugwh705NHwCE7qqsNQd4AaABAg,Harap di beri perhatian utk kebersihan varian dodol garut krn ada berapa kali sy beli jd kedapatan RAMBUT WANITA jd di beri perhatian kepala di tutup rapat agar rambut tdk berjatuhan di dodolnya &  lengket & di pastikan kebersihan meja & peralatan lainnya krn ini makanan lho..smoga kalian senang menerima masukan saran2 utk kemajuan dodol garut ini,,,,,
,https://www.youtube.com/@dketanchanel5071,@dketanchanel5071,3 tahun yang lalu,https://www.youtube.com/watch?v=7lPCIDfeSc0&lc=UgxizryWM8vNnbJL7x14AaABAg,Masa Allah keliatan nya enak banget. Boleh tuh kapan2 ajak untuk bareng berkelana,1,,‚ù§ oleh @enydaniel15,1 balasan,¬∑
,https://www.youtube.com/@cintawisatakuliner7511,@cintawisatakuliner7511,3 tahun yang lalu,https://www.youtube.com/watch?v=7lPCIDfeSc0&lc=Ugzee6mtutVmzw4J-1Z4AaABAg,kirim ke taiwan kk,3,,‚ù§ oleh @enydaniel15,3 balasan,¬∑
,https://www.youtube.com/@AgustinaNasution-hb6rg,@AgustinaNasution-hb6rg,1 tahun yang lalu,https://www.youtube.com/watch?v=7lPCIDfeSc0&lc=UgxzMPTDUGw9xNwU2WJ4AaABAg,Alamat nya di mana bisa pedan dari medan ngak ya,1,,,,
,https://www.youtube.com/@RasilaDelpina,@RasilaDelpina,1 tahun yang lalu,https://www.youtube.com/watch?v=7lPCIDfeSc0&lc=Ugwt504hPsjmaLRBJBp4AaABAg,Maa.p ada punya no wa pabrik dodol garut aku mau pesan tafi dari pabrik nyh langsung,1,,,,
,https://www.youtube.com/@yanyantoyanto,@yanyantoyanto,1 tahun yang lalu,https://www.youtube.com/watch?v=7lPCIDfeSc0&lc=UgzJ6bNOAdgZ2ZpVyQt4AaABAg,Tampilkan no hp atau no wa toko atau pabrik dodol Garut,1,,,,
,https://www.youtube.com/@yatinurhayati6921,@yatinurhayati6921,2 tahun yang lalu,https://www.youtube.com/watch?v=7lPCIDfeSc0&lc=UgyapX3H9FCOzsfuFNR4AaABAg&pp=0gcJCSMANpG00pGi,ada no kontak nya ga,1,,,,
https://yt3.ggpht.com/ytc/AIdro_nHypebJr1rT5c9i93gHddTw6b-fW1vUAWRsBpecm0=s88-c-k-c0x00ffffff-no-rj,https://www.youtube.com/@sucinurjayanti5302,@sucinurjayanti5302,3 tahun yang lalu,https://www.youtube.com/watch?v=7lPCIDfeSc0&lc=UgzmWXDMD7D_jFwI0Zl4AaABAg,"Aq pernah nyobain juga kak,dodol garut..enak,legit,dan macem2 rasanya..

salam Rafa Keisha",1,https://yt3.ggpht.com/bkjcGznW2igi_m3djTrJHCdkk9cIUjbnKr3FUEAkgAemueYCelVXGEC_pgk1M2aRNav13HtAjA=s88-c-k-c0x00ffffff-no-rj,‚ù§ oleh @enydaniel15,,
https://yt3.ggpht.com/LkH_JIELoekm86bAQbTq_4nINhL0dng4YOKtMM-MV72ZD9HlHsDaQV70J_tnMiO0xRtn2p9xsw=s88-c-k-c0x00ffffff-no-rj,https://www.youtube.com/@koskosancewek,@koskosancewek,3 tahun yang lalu,https://www.youtube.com/watch?v=7lPCIDfeSc0&lc=UgwzN0GPZKMhPJGJRcJ4AaABAg,Pada tahun 2017 saya sering ke garut dari bandung.... Saya sering jalan jalan kesana...! Saya rindu garut allhamdulillah dengan video ini rasa rinduku terobati.... Salam dari padang kak....,2,https://yt3.ggpht.com/bkjcGznW2igi_m3djTrJHCdkk9cIUjbnKr3FUEAkgAemueYCelVXGEC_pgk1M2aRNav13HtAjA=s88-c-k-c0x00ffffff-no-rj,‚ù§ oleh @enydaniel15,1 balasan,¬∑
https://yt3.ggpht.com/ytc/AIdro_ljR9_2OHwd03QdriL7_hcQekprHb0z-UDoqducAuIrBQ=s88-c-k-c0x00ffffff-no-rj,https://www.youtube.com/@iyudsaawakawak,@iyudsaawakawak,3 tahun yang lalu,https://www.youtube.com/watch?v=7lPCIDfeSc0&lc=UgxGy94BAOmheG8jquZ4AaABAg,Inget dulu waktu masih suka ke garut ke pabrik dodol.... Hahahha,1,https://yt3.ggpht.com/bkjcGznW2igi_m3djTrJHCdkk9cIUjbnKr3FUEAkgAemueYCelVXGEC_pgk1M2aRNav13HtAjA=s88-c-k-c0x00ffffff-no-rj,‚ù§ oleh @enydaniel15,2 balasan,¬∑
https://yt3.ggpht.com/ytc/AIdro_mLdDsexnCP06FIeeSrfPsYjwk0oJsdkp3Ly1bIK4NHDg=s88-c-k-c0x00ffffff-no-rj,https://www.youtube.com/@obloliar6228,@obloliar6228,3 tahun yang lalu,https://www.youtube.com/watch?v=7lPCIDfeSc0&lc=UgwSkUHMLEfxrD2CBZp4AaABAg,Nah Alhamdulillah mudhan2 ada oleh2 dr ka Eny d kirim ke Kalimantan  d tunggu y ka pngen icip,1,https://yt3.ggpht.com/bkjcGznW2igi_m3djTrJHCdkk9cIUjbnKr3FUEAkgAemueYCelVXGEC_pgk1M2aRNav13HtAjA=s88-c-k-c0x00ffffff-no-rj,‚ù§ oleh @enydaniel15,,
https://yt3.ggpht.com/ytc/AIdro_mNEAv5MPjwUYT_oMN-I_oKxZXRDcwTzQ5m2dLC8BLZIN_r2XL_arB8rM0NkGGWBLQJXQ=s88-c-k-c0x00ffffff-no-rj,https://www.youtube.com/@mothon4032,@mothon4032,3 tahun yang lalu,https://www.youtube.com/watch?v=7lPCIDfeSc0&lc=UgxBqu3psCWFr45d-jV4AaABAg,"Kangen dodol ini. Gimana caranya nih Min
 biar bisa dapetin dodolnya yg langsung dari pabrik tnpa harus kesana?",1,https://yt3.ggpht.com/bkjcGznW2igi_m3djTrJHCdkk9cIUjbnKr3FUEAkgAemueYCelVXGEC_pgk1M2aRNav13HtAjA=s88-c-k-c0x00ffffff-no-rj,‚ù§ oleh @enydaniel15,,
https://yt3.ggpht.com/ytc/AIdro_lp_mjRWdMbYcWoGRrsM1yEVCi_9fT-1PXe0RcrnDy5WA=s88-c-k-c0x00ffffff-no-rj,https://www.youtube.com/@irawatiefratami4358,@irawatiefratami4358,3 tahun yang lalu,https://www.youtube.com/watch?v=7lPCIDfeSc0&lc=UgyuU7i2ZuMrXfTjP5l4AaABAg,Jalan jalan beli dodol Garut....ntar kirim ya ke Pangandaran de .....,2,https://yt3.ggpht.com/bkjcGznW2igi_m3djTrJHCdkk9cIUjbnKr3FUEAkgAemueYCelVXGEC_pgk1M2aRNav13HtAjA=s88-c-k-c0x00ffffff-no-rj,‚ù§ oleh @enydaniel15,1 balasan,¬∑
https://yt3.ggpht.com/ytc/AIdro_mN1c1vzIft5ypy_rAQYCalK0QVpe02f37xaOHq7l5Pqc43B_9OZn0V4qqeYf-bVp7yIQ=s88-c-k-c0x00ffffff-no-rj,https://www.youtube.com/@bertasihura2826,@bertasihura2826,3 tahun yang lalu,https://www.youtube.com/watch?v=7lPCIDfeSc0&lc=Ugwh705NHwCE7qqsNQd4AaABAg,Harap di beri perhatian utk kebersihan varian dodol garut krn ada berapa kali sy beli jd kedapatan RAMBUT WANITA jd di beri perhatian kepala di tutup rapat agar rambut tdk berjatuhan di dodolnya &  lengket & di pastikan kebersihan meja & peralatan lainnya krn ini makanan lho..smoga kalian senang menerima masukan saran2 utk kemajuan dodol garut ini,,,,,
https://yt3.ggpht.com/xju5gXCdBAM_CeaWetofzdWWjZ1v1YAHEzSuVkZEW13q7XsqMeU_e3vDmocK7YPzXg6hiqe2=s88-c-k-c0x00ffffff-no-rj,https://www.youtube.com/@dketanchanel5071,@dketanchanel5071,3 tahun yang lalu,https://www.youtube.com/watch?v=7lPCIDfeSc0&lc=UgxizryWM8vNnbJL7x14AaABAg,Masa Allah keliatan nya enak banget. Boleh tuh kapan2 ajak untuk bareng berkelana,1,https://yt3.ggpht.com/bkjcGznW2igi_m3djTrJHCdkk9cIUjbnKr3FUEAkgAemueYCelVXGEC_pgk1M2aRNav13HtAjA=s88-c-k-c0x00ffffff-no-rj,‚ù§ oleh @enydaniel15,1 balasan,¬∑
https://yt3.ggpht.com/VGE9wr_uRROxYAqxrAGB0VeIxlDiW2XTns7kEiHuGrGRNRaZP37B5LSTu-9pYP3GpgTe8Ni0cg=s88-c-k-c0x00ffffff-no-rj,https://www.youtube.com/@cintawisatakuliner7511,@cintawisatakuliner7511,3 tahun yang lalu,https://www.youtube.com/watch?v=7lPCIDfeSc0&lc=Ugzee6mtutVmzw4J-1Z4AaABAg,kirim ke taiwan kk,3,https://yt3.ggpht.com/bkjcGznW2igi_m3djTrJHCdkk9cIUjbnKr3FUEAkgAemueYCelVXGEC_pgk1M2aRNav13HtAjA=s88-c-k-c0x00ffffff-no-rj,‚ù§ oleh @enydaniel15,3 balasan,¬∑
https://yt3.ggpht.com/ytc/AIdro_mIq3VHfPUrGhS9seKsJqeGzc2vC6doz0-nM2OENLkRxafGhMnaFzOjB0stCwcIPBngbw=s88-c-k-c0x00ffffff-no-rj,https://www.youtube.com/@AgustinaNasution-hb6rg,@AgustinaNasution-hb6rg,1 tahun yang lalu,https://www.youtube.com/watch?v=7lPCIDfeSc0&lc=UgxzMPTDUGw9xNwU2WJ4AaABAg,Alamat nya di mana bisa pedan dari medan ngak ya,1,,,,
https://yt3.ggpht.com/ytc/AIdro_l-WPruEngifbfolAJ9ooMYouWRIljSLSUdcbFXhpBKLR2w067aQRcH7LDc0zzrTdX9yg=s88-c-k-c0x00ffffff-no-rj,https://www.youtube.com/@RasilaDelpina,@RasilaDelpina,1 tahun yang lalu,https://www.youtube.com/watch?v=7lPCIDfeSc0&lc=Ugwt504hPsjmaLRBJBp4AaABAg,Maa.p ada punya no wa pabrik dodol garut aku mau pesan tafi dari pabrik nyh langsung,1,,,,
https://yt3.ggpht.com/ytc/AIdro_kXU1Xv4OYOu7deLcZHI6kKf3o91kpQLL-CfwjhqJVLoPaPmGybqUpU5CCFvbFBw46cpw=s88-c-k-c0x00ffffff-no-rj,https://www.youtube.com/@yanyantoyanto,@yanyantoyanto,1 tahun yang lalu,https://www.youtube.com/watch?v=7lPCIDfeSc0&lc=UgzJ6bNOAdgZ2ZpVyQt4AaABAg,Tampilkan no hp atau no wa toko atau pabrik dodol Garut,1,,,,
https://yt3.ggpht.com/ytc/AIdro_mcs__G4H9RxC8KlIb9zOmDFpOfY98OOHgbxjIKe3oyGvIH2hZmefgkOtHLuLWIC4IWQw=s88-c-k-c0x00ffffff-no-rj,https://www.youtube.com/@yatinurhayati6921,@yatinurhayati6921,2 tahun yang lalu,https://www.youtube.com/watch?v=7lPCIDfeSc0&lc=UgyapX3H9FCOzsfuFNR4AaABAg&pp=0gcJCSMANpG00pGi,ada no kontak nya ga,1,,,,
https://yt3.ggpht.com/cZwTu6GXqHg-yKupUVt34oLKOsiEcT1svuYi1wXmasI-YvXQSUIOINsj094P5Kt0367vuPlFWQ=s88-c-k-c0x00ffffff-no-rj,https://www.youtube.com/@basribass1238,@basribass1238,3 tahun yang lalu,https://www.youtube.com/watch?v=7lPCIDfeSc0&lc=Ugwth17AQHl9NG2Q2wt4AaABAg,Ada nomor wa,1,,,,
https://yt3.ggpht.com/ytc/AIdro_mcs__G4H9RxC8KlIb9zOmDFpOfY98OOHgbxjIKe3oyGvIH2hZmefgkOtHLuLWIC4IWQw=s88-c-k-c0x00ffffff-no-rj,https://www.youtube.com/@yatinurhayati6921,@yatinurhayati6921,2 tahun yang lalu,https://www.youtube.com/watch?v=7lPCIDfeSc0&lc=Ugwt1bMrU6jBL3P7SYZ4AaABAg&pp=0gcJCSMANpG00pGi,ada no kontak nya ga,1,https://yt3.ggpht.com/bkjcGznW2igi_m3djTrJHCdkk9cIUjbnKr3FUEAkgAemueYCelVXGEC_pgk1M2aRNav13HtAjA=s88-c-k-c0x00ffffff-no-rj,‚ù§ oleh @enydaniel15,1 balasan,¬∑
style-scope src,yt-simple-endpoint href,style-scope,yt-simple-endpoint,yt-simple-endpoint href 2,yt-core-attributed-string,yt-core-attributed-string 3,style-scope 3,dot,,
https://yt3.ggpht.com/1T8cfDKTy0JiigOghX8QT-3JEtjs1pn-2CW4wO-kae6rjOajDqVv-ocDNzRs_Lz16ukLE0YeKQ=s88-c-k-c0x00ffffff-no-rj,https://www.youtube.com/@rasyaagustin9995,@rasyaagustin9995,1 tahun yang lalu (diedit),https://www.youtube.com/watch?v=KZuAu2nyXwU&lc=UgxmBDAVC9A13cig7AJ4AaABAg,Aku suka dodol garut yang warna warni sama dodol kotak yang coklat sama dodol kotak juga tapi 2 warna warna krem dan coklat kaya cocacola dan dodol rasa kacang ijo dan dodol rasa ketan hitam,1 balasan,,,,
https://yt3.ggpht.com/ytc/AIdro_n7T2HLU7JQUvDRxPv3L4O8Bt6iJvjdFI3DbJCb2haaET6FyolDnJdpfFCiEZLMcXsZpw=s88-c-k-c0x00ffffff-no-rj,https://www.youtube.com/@KisahLainya-ih1dt,@KisahLainya-ih1dt,4 minggu yang lalu,https://www.youtube.com/watch?v=KZuAu2nyXwU&lc=UgwM45qifCHx1n7LT_p4AaABAg,"Enak  jenang Betawi,,",,,,,
https://yt3.ggpht.com/ytc/AIdro_m5evfCF_YxC_lDCZai6PdDPi8RLB_PVhrL3a1ARTLFBM2x9-KClsWFWW2FfUzwIrVBkQ=s88-c-k-c0x00ffffff-no-rj,https://www.youtube.com/@mahmudeliskandary4881,@mahmudeliskandary4881,1 tahun yang lalu,https://www.youtube.com/watch?v=KZuAu2nyXwU&lc=Ugw6JYeYt8AxvdE3YTB4AaABAg,"Dodol garut kesukaan gw,",,,,,
https://yt3.ggpht.com/ytc/AIdro_kGQ86xU9BmNHQ5og4YAv1XEwCw4PIkymh6uOe5dC3eBUU=s88-c-k-c0x00ffffff-no-rj,https://www.youtube.com/@tiyomolana287,@tiyomolana287,5 bulan yang lalu,https://www.youtube.com/watch?v=KZuAu2nyXwU&lc=UgyFFSPKc9hAjaXspE54AaABAg,ih  enak pisan  dodol garut,,Terjemahkan ke bahasa Indonesia,,,
,https://www.youtube.com/@ismamulyasari6031,@ismamulyasari6031,1 tahun yang lalu,https://www.youtube.com/watch?v=KZuAu2nyXwU&lc=UgwKtTxdOG5BAHqFJDd4AaABAg,Abi Oge Osok lamun kaditu soalna Aya anu rasa duren jeng coklat tuda,,Terjemahkan ke bahasa Indonesia,,,
,https://www.youtube.com/@jeery3395,@jeery3395,7 bulan yang lalu,https://www.youtube.com/watch?v=KZuAu2nyXwU&lc=UgymWkB35oIBA3WKfiF4AaABAg,"Sama mbak,coklat wijen,nggk terlalu alot juga,yg beras ketan,buset,pegell mulut",,,,,
,https://www.youtube.com/@IbeySaputra-r9h,@IbeySaputra-r9h,6 bulan yang lalu,https://www.youtube.com/watch?v=KZuAu2nyXwU&lc=UgyGK81k7_Q9Q4fhKb54AaABAg,Teh abi peryogi dodol kango ka palembang manawi ka hartos pangaosna,,Terjemahkan ke bahasa Indonesia,,,
,https://www.youtube.com/@DiyanKusmanasoniper,@DiyanKusmanasoniper,7 bulan yang lalu,https://www.youtube.com/watch?v=KZuAu2nyXwU&lc=Ugyam-M6oekAMHXyWCN4AaABAg,Enakk....,,,,,
,https://www.youtube.com/@EkoPastio,@EkoPastio,6 bulan yang lalu,https://www.youtube.com/watch?v=KZuAu2nyXwU&lc=UgyCKpkAjj4xkZLTuAN4AaABAg,Biar ga lengket caranya gmn yah saat di makan,,,,,
,https://www.youtube.com/@indonesia8704,@indonesia8704,5 bulan yang lalu,https://www.youtube.com/watch?v=KZuAu2nyXwU&lc=UgxU9vjnoxIs89hOz-B4AaABAg,Lihat aja kepala jadi pusing karena terlalu cepat gerakan kameranya.,,,,,
,https://www.youtube.com/@Eyangnusantara99,@Eyangnusantara99,2 tahun yang lalu,https://www.youtube.com/watch?v=KZuAu2nyXwU&lc=UgzppjbukhiAkC9hXaF4AaABAg,"Peryogi seer, 
Kanggo icalen deui,",,Terjemahkan ke bahasa Indonesia,,,
,https://www.youtube.com/@riyantoriyanto5004,@riyantoriyanto5004,6 bulan yang lalu,https://www.youtube.com/watch?v=KZuAu2nyXwU&lc=UgyvItgcWEGFq5ANEWJ4AaABAg,Brp  1 kg  campur2 kk,,,,,
,https://www.youtube.com/@MamahHeru-m2g,@MamahHeru-m2g,1 tahun yang lalu,https://www.youtube.com/watch?v=KZuAu2nyXwU&lc=UgxEUxOk_HUMVTXQ1754AaABAg,Hoyg kanggo icaleun deui ah,,Terjemahkan ke bahasa Indonesia,,,
,https://www.youtube.com/@sucinurcahyati-z7s,@sucinurcahyati-z7s,4 bulan yang lalu,https://www.youtube.com/watch?v=KZuAu2nyXwU&lc=UgxtXHCQA_Ww0GIk33N4AaABAg,Berapa stu KLO ya ba,,,,,
,https://www.youtube.com/@ibukwati7883,@ibukwati7883,3 bulan yang lalu,https://www.youtube.com/watch?v=KZuAu2nyXwU&lc=UgzuRdxRRR36GuXuA7V4AaABAg,Bisa cod,,,,,
,https://www.youtube.com/@wahyusetyawan164,@wahyusetyawan164,2 bulan yang lalu,https://www.youtube.com/watch?v=KZuAu2nyXwU&lc=UgyOg1-ucb6vWw8X2pJ4AaABAg,Lokasi,,,,,
,https://www.youtube.com/@angelicasusanto1011,@angelicasusanto1011,1 tahun yang lalu,https://www.youtube.com/watch?v=KZuAu2nyXwU&lc=UgzR0WB0iVxjGJUCJrh4AaABAg,Dodol incident,,,,,
,https://www.youtube.com/@kharissufangat,@kharissufangat,2 tahun yang lalu,https://www.youtube.com/watch?v=KZuAu2nyXwU&lc=UgxU6Ht-z2a4Kwwiir94AaABAg,"Gw beli di Lazada dikirim yg rijek dodolnya pada peot
Dicampur sama yg baru bikin ,pada belepotan diplastik",,,,,
,https://www.youtube.com/@junitapanjaitan5051,@junitapanjaitan5051,6 bulan yang lalu,https://www.youtube.com/watch?v=KZuAu2nyXwU&lc=UgydirosK3pS2f3MUAZ4AaABAg,Gmn cara belinya?,,,,,
,https://www.youtube.com/@Rian-d5g,@Rian-d5g,7 bulan yang lalu,https://www.youtube.com/watch?v=KZuAu2nyXwU&lc=Ugz1yHRlWIbAu4V6i5R4AaABAg,Asalamualaikum .bisa pesen,,,,,
https://yt3.ggpht.com/rV_TbmM9xLeoyCo9uo4HfvNG-XqjLC4T3j4bgdYy6sg0sZU7nHRhI7_hnzDxUHcyfNnnLGgc1g=s88-c-k-c0x00ffffff-no-rj,https://www.youtube.com/@indonesia8704,@indonesia8704,5 bulan yang lalu,https://www.youtube.com/watch?v=KZuAu2nyXwU&lc=UgxU9vjnoxIs89hOz-B4AaABAg,Lihat aja kepala jadi pusing karena terlalu cepat gerakan kameranya.,,,,,
https://yt3.ggpht.com/Ovmzs_9s07knPSeqheGX3luMWHwUMCDq0ouSSw5YzcBcCNu55bcQKS9_YMPOWZC0Zp5qem1C=s88-c-k-c0x00ffffff-no-rj,https://www.youtube.com/@Eyangnusantara99,@Eyangnusantara99,2 tahun yang lalu,https://www.youtube.com/watch?v=KZuAu2nyXwU&lc=UgzppjbukhiAkC9hXaF4AaABAg,"Peryogi seer, 
Kanggo icalen deui,",,Terjemahkan ke bahasa Indonesia,,,
https://yt3.ggpht.com/ytc/AIdro_nLOZiVoOnOY9sRG6PEfbeJQZgNEc94Ld_-R0YhapW-QHpFlNNHtQIwpPu8VJKX5wVYKg=s88-c-k-c0x00ffffff-no-rj,https://www.youtube.com/@riyantoriyanto5004,@riyantoriyanto5004,6 bulan yang lalu,https://www.youtube.com/watch?v=KZuAu2nyXwU&lc=UgyvItgcWEGFq5ANEWJ4AaABAg,Brp  1 kg  campur2 kk,,,,,
https://yt3.ggpht.com/ytc/AIdro_lCcLaQxWcvI2EGO1Yx8JghVogwuIvweQtKO2WljVQO8Z9U-9WIqXep9b4I_4RwnbLfMQ=s88-c-k-c0x00ffffff-no-rj,https://www.youtube.com/@MamahHeru-m2g,@MamahHeru-m2g,1 tahun yang lalu,https://www.youtube.com/watch?v=KZuAu2nyXwU&lc=UgxEUxOk_HUMVTXQ1754AaABAg,Hoyg kanggo icaleun deui ah,,Terjemahkan ke bahasa Indonesia,,,
https://yt3.ggpht.com/ytc/AIdro_nkHMdD8-iph0EM_9XXOHFTX5yr1_08Pyl5RsRmTC8NcKJnWauEhfigEgk72JRwumN-OA=s88-c-k-c0x00ffffff-no-rj,https://www.youtube.com/@junitapanjaitan5051,@junitapanjaitan5051,6 bulan yang lalu,https://www.youtube.com/watch?v=KZuAu2nyXwU&lc=UgydirosK3pS2f3MUAZ4AaABAg,Gmn cara belinya?,,,,,
https://yt3.ggpht.com/ytc/AIdro_kICLEWVz_Df11W9j2QDfrHNDDg1x_VaLwS8b0VSK2HbsRDCJlZlRWUA-jL7XAQ5mwfAg=s88-c-k-c0x00ffffff-no-rj,https://www.youtube.com/@Rian-d5g,@Rian-d5g,7 bulan yang lalu,https://www.youtube.com/watch?v=KZuAu2nyXwU&lc=Ugz1yHRlWIbAu4V6i5R4AaABAg,Asalamualaikum .bisa pesen,,,,,
https://yt3.ggpht.com/ytc/AIdro_nbnIwyYsF5KGzS2pWd-Bbv2zgtWKXIXYtKtnh9Q669BzQAGM9gxLELfbqgp3aEheu7BQ=s88-c-k-c0x00ffffff-no-rj,https://www.youtube.com/@JuquraafiJuquraafi203n,@JuquraafiJuquraafi203n,8 bulan yang lalu,https://www.youtube.com/watch?v=KZuAu2nyXwU&lc=UgznH2s73zYGEtcLcyV4AaABAg,Masih ada ba,,,,,
https://yt3.ggpht.com/ytc/AIdro_li0yM6cYLIOWjD11MRFrJBTyO1UpGuxl0HXyI_Shaix_AohWC1X6iVYA2plRVEmtsyaw=s88-c-k-c0x00ffffff-no-rj,https://www.youtube.com/@AliAhmaddd-x1h,@AliAhmaddd-x1h,1 tahun yang lalu,https://www.youtube.com/watch?v=KZuAu2nyXwU&lc=Ugx8tfaWljozzvxlL8N4AaABAg,Lokasi  Cimahi bukan,,,,,
https://yt3.ggpht.com/ytc/AIdro_mLSvKfhi108JeJNhqnJ9ufYEqs72040BB7iJyMKXU=s88-c-k-c0x00ffffff-no-rj,https://www.youtube.com/@nanabuah4560,@nanabuah4560,2 tahun yang lalu,https://www.youtube.com/watch?v=KZuAu2nyXwU&lc=Ugzh3lIAIuTTt2u5rdF4AaABAg,npi waluh na teu,,Terjemahkan ke bahasa Indonesia,,,
,https://www.youtube.com/@muliadiam1809,@muliadiam1809,2 tahun yang lalu,https://www.youtube.com/watch?v=KZuAu2nyXwU&lc=UgyGNAc0VQ7ldhGzHYZ4AaABAg,Tahan brp hari kak,2 balasan,Terjemahkan ke bahasa Indonesia,,,
,https://www.youtube.com/@RasilaDelpina,@RasilaDelpina,1 tahun yang lalu,https://www.youtube.com/watch?v=KZuAu2nyXwU&lc=UgxP8KLgOxa8cUq0VUh4AaABAg,Hoyong dodol eta di garut..anu kacang jejo,6 balasan,Terjemahkan ke bahasa Indonesia,¬∑,,
,https://www.youtube.com/@MamahHeru-m2g,@MamahHeru-m2g,1 tahun yang lalu,https://www.youtube.com/watch?v=KZuAu2nyXwU&lc=UgzcInbZ7SBeDfi32m94AaABAg,Hoyg no wa na Abi ti palih cililin gununghalu,,,,,
,https://www.youtube.com/@MZASDanitdkwaras,@MZASDanitdkwaras,2 tahun yang lalu,https://www.youtube.com/watch?v=KZuAu2nyXwU&lc=UgwOWA1EZdlxDETVfkR4AaABAg,"""dodol""
Bahasa sunda:""T0LOL""",,,,,
,https://www.youtube.com/@AbdulKhodir-ee8xn,@AbdulKhodir-ee8xn,2 tahun yang lalu,https://www.youtube.com/watch?v=KZuAu2nyXwU&lc=Ugwz2CoV-NXOPiEopgZ4AaABAg,Pesan dodol k taji.tiasa t,,Terjemahkan ke bahasa Indonesia,,,
,https://www.youtube.com/@SwarnoWarno-zh7zj,@SwarnoWarno-zh7zj,2 tahun yang lalu,https://www.youtube.com/watch?v=KZuAu2nyXwU&lc=UgwB8d0hmaST2249dtt4AaABAg&pp=0gcJCSMANpG00pGi,Bisa pesan kah,,,,,
,https://www.youtube.com/@fedripurnawanfedripurnawan7284,@fedripurnawanfedripurnawan7284,1 tahun yang lalu,https://www.youtube.com/watch?v=KZuAu2nyXwU&lc=UgySsmEYD2EMYJJ-PMZ4AaABAg,Dodol Garut itu berasal dari mana yaa,2 balasan,,,,
,https://www.youtube.com/@nartisunarti9372,@nartisunarti9372,1 tahun yang lalu,https://www.youtube.com/watch?v=KZuAu2nyXwU&lc=UgxMrNvu1sc4zFJjKh54AaABAg,Cek harga bisa order,1 balasan,,¬∑,,
,https://www.youtube.com/@Oi_oi_oi621,@Oi_oi_oi621,1 tahun yang lalu,https://www.youtube.com/watch?v=KZuAu2nyXwU&lc=UgxoZ1l5NmKLEpvQn5p4AaABAg,Kayak nya tolol nya enak,,,,,
,https://www.youtube.com/@dediharianto1155,@dediharianto1155,2 tahun yang lalu,https://www.youtube.com/watch?v=KZuAu2nyXwU&lc=UgztP4aTqIy_7DQl4-t4AaABAg&pp=0gcJCSMANpG00pGi,cek lok,,,,,
,https://www.youtube.com/@dosisaharandosisaharan1519,@dosisaharandosisaharan1519,2 tahun yang lalu,https://www.youtube.com/watch?v=KZuAu2nyXwU&lc=Ugz5VksnziNx96Pudsd4AaABAg&pp=0gcJCSMANpG00pGi,Kalo pesen alamatnya di mana mbak?,,,,,
,https://www.youtube.com/@herykiswantoanton9538,@herykiswantoanton9538,2 tahun yang lalu,https://www.youtube.com/watch?v=KZuAu2nyXwU&lc=Ugy_ChGnMWFyWnt1t6d4AaABAg,Da no tlp bisa dihubungin ga ya...,,,,,
,https://www.youtube.com/@yahyaali.6906,@yahyaali.6906,1 tahun yang lalu,https://www.youtube.com/watch?v=KZuAu2nyXwU&lc=UgwjWZrpieIwO-hOUPZ4AaABAg,Nanyak alamatnya d daerah mana ya bos,1 balasan,,¬∑,,
,https://www.youtube.com/@henikusuma5505,@henikusuma5505,1 tahun yang lalu,https://www.youtube.com/watch?v=KZuAu2nyXwU&lc=UgySspLP3nbujytYRNR4AaABAg&pp=0gcJCSMANpG00pGi,Lokasi dmn ya kk,1 balasan,Terjemahkan ke bahasa Indonesia,¬∑,,
,https://www.youtube.com/@lilikkurnia6730,@lilikkurnia6730,1 tahun yang lalu,https://www.youtube.com/watch?v=KZuAu2nyXwU&lc=UgzQ5dTmeKYR1cPH2rl4AaABAg,Lw ongkir ke jawa timur brp kak,1 balasan,,¬∑,,
,https://www.youtube.com/@castryah8449,@castryah8449,2 tahun yang lalu,https://www.youtube.com/watch?v=KZuAu2nyXwU&lc=UgwMd5hiTP-cYDTzNGF4AaABAg,Mau ka roder,1 balasan,Terjemahkan ke bahasa Indonesia,¬∑,,
,https://www.youtube.com/@zainuttamam8608,@zainuttamam8608,2 tahun yang lalu,https://www.youtube.com/watch?v=KZuAu2nyXwU&lc=Ugzlz9BKFjbB06JtA9N4AaABAg,satu kilo berapa kak harganya,2 balasan,,¬∑,,
https://yt3.ggpht.com/5NsFN8_PRf9pML6dtiCVQOpW6vn2VdTmjfon7Mh17tiZ1vf67rZ9WiRU1UaT8mRS4Afw_hQz=s88-c-k-c0x00ffffff-no-rj,https://www.youtube.com/@AbdulKhodir-ee8xn,@AbdulKhodir-ee8xn,2 tahun yang lalu,https://www.youtube.com/watch?v=KZuAu2nyXwU&lc=Ugwz2CoV-NXOPiEopgZ4AaABAg,Pesan dodol k taji.tiasa t,,Terjemahkan ke bahasa Indonesia,,,
https://yt3.ggpht.com/ytc/AIdro_kN0vHjIDhTA7B0t2l-8jw4du0Fp3Q4NWDxREtZ0wG6prM4O5dykKEJAxt14lhBl9HMMQ=s88-c-k-c0x00ffffff-no-rj,https://www.youtube.com/@SwarnoWarno-zh7zj,@SwarnoWarno-zh7zj,2 tahun yang lalu,https://www.youtube.com/watch?v=KZuAu2nyXwU&lc=UgwB8d0hmaST2249dtt4AaABAg&pp=0gcJCSMANpG00pGi,Bisa pesan kah,,,,,
https://yt3.ggpht.com/ytc/AIdro_m99f1QqlwcUBGHsvwRreT-OBen4CVYGnKF3SBF4y0=s88-c-k-c0x00ffffff-no-rj,https://www.youtube.com/@fedripurnawanfedripurnawan7284,@fedripurnawanfedripurnawan7284,1 tahun yang lalu,https://www.youtube.com/watch?v=KZuAu2nyXwU&lc=UgySsmEYD2EMYJJ-PMZ4AaABAg,Dodol Garut itu berasal dari mana yaa,2 balasan,,,,
https://yt3.ggpht.com/ytc/AIdro_kEk_crCTuOd4wK2V2R6fDzvkPZOg70JKowYNFm6XQ1PSs=s88-c-k-c0x00ffffff-no-rj,https://www.youtube.com/@nartisunarti9372,@nartisunarti9372,1 tahun yang lalu,https://www.youtube.com/watch?v=KZuAu2nyXwU&lc=UgxMrNvu1sc4zFJjKh54AaABAg,Cek harga bisa order,1 balasan,,¬∑,,
https://yt3.ggpht.com/ytc/AIdro_nfGHv040QLkuiECEtis1y7Arm34me5uzyQf33sqLpAaug=s88-c-k-c0x00ffffff-no-rj,https://www.youtube.com/@henikusuma5505,@henikusuma5505,1 tahun yang lalu,https://www.youtube.com/watch?v=KZuAu2nyXwU&lc=UgySspLP3nbujytYRNR4AaABAg&pp=0gcJCSMANpG00pGi,Lokasi dmn ya kk,1 balasan,Terjemahkan ke bahasa Indonesia,¬∑,,
https://yt3.ggpht.com/ytc/AIdro_l_oVnPvnsHEvJDJrlkyZCD-d7GArHyz88ugmHQNoQ=s88-c-k-c0x00ffffff-no-rj,https://www.youtube.com/@lilikkurnia6730,@lilikkurnia6730,1 tahun yang lalu,https://www.youtube.com/watch?v=KZuAu2nyXwU&lc=UgzQ5dTmeKYR1cPH2rl4AaABAg,Lw ongkir ke jawa timur brp kak,1 balasan,,¬∑,,
https://yt3.ggpht.com/Oajz8tqy324DGfL9nk0r3WsLVQ4SXEuUgkW3d7i_1CnUZ0S_sb_uI7YZ3Ug7wOZ6lhwDtir2=s88-c-k-c0x00ffffff-no-rj,https://www.youtube.com/@castryah8449,@castryah8449,2 tahun yang lalu,https://www.youtube.com/watch?v=KZuAu2nyXwU&lc=UgwMd5hiTP-cYDTzNGF4AaABAg,Mau ka roder,1 balasan,Terjemahkan ke bahasa Indonesia,¬∑,,
,https://www.youtube.com/@zainuttamam8608,@zainuttamam8608,2 tahun yang lalu,https://www.youtube.com/watch?v=KZuAu2nyXwU&lc=Ugzlz9BKFjbB06JtA9N4AaABAg,satu kilo berapa kak harganya,2 balasan,,¬∑,,
https://yt3.ggpht.com/59QaIKBWQGsdXozalHftgrD6pXAdaz3VjkEPdVOIWOc1AP5PiNdKatEfsrFVEEaBtjmsN5aLtg=s88-c-k-c0x00ffffff-no-rj,https://www.youtube.com/@BranGaming20,@BranGaming20,2 tahun yang lalu,https://www.youtube.com/watch?v=KZuAu2nyXwU&lc=UgywNtp1CrH4Eo3BajZ4AaABAg,ini dimana?,2 balasan,,¬∑,,
https://yt3.ggpht.com/ytc/AIdro_lSCpECSWDfC00YJfUEdzAManr5L1jHLdq6PKE_ebCmGD0=s88-c-k-c0x00ffffff-no-rj,https://www.youtube.com/@asnithamrin759,@asnithamrin759,1 tahun yang lalu,https://www.youtube.com/watch?v=KZuAu2nyXwU&lc=Ugwi-bGmMFjOveCJUch4AaABAg,Bisa kita pesan?,3 balasan,,¬∑,,
https://yt3.ggpht.com/ytc/AIdro_kSGfJDEc-ehaGCvwnyuNBr8kfhML-Yew76Nj8hUUSrrke4-fZIU5cLYjQMy1xZcxRHzA=s88-c-k-c0x00ffffff-no-rj,https://www.youtube.com/@SupriPanji-y3e,@SupriPanji-y3e,1 tahun yang lalu,https://www.youtube.com/watch?v=KZuAu2nyXwU&lc=UgzbcRyNTfSU_LeshYB4AaABAg,Minta no wa,,Terjemahkan ke bahasa Indonesia,,,
https://yt3.ggpht.com/ytc/AIdro_lCcLaQxWcvI2EGO1Yx8JghVogwuIvweQtKO2WljVQO8Z9U-9WIqXep9b4I_4RwnbLfMQ=s88-c-k-c0x00ffffff-no-rj,https://www.youtube.com/@MichaelGege-kn1mk,@MichaelGege-kn1mk,1 tahun yang lalu,https://www.youtube.com/watch?v=KZuAu2nyXwU&lc=UgzkkiNPRSNN8-RRbmx4AaABAg,berapa no wa pak,,Terjemahkan ke bahasa Indonesia,,,
,https://www.youtube.com/@misraneti7116,@misraneti7116,2 tahun yang lalu,https://www.youtube.com/watch?v=KZuAu2nyXwU&lc=UgynKRZAfwzh18Mm11p4AaABAg,Bisa di pesan 50 kilo gak di kirim ke alamat pekan baru,2 balasan,,¬∑,,
,https://www.youtube.com/@afkharmuzakkir1985,@afkharmuzakkir1985,2 tahun yang lalu,https://www.youtube.com/watch?v=KZuAu2nyXwU&lc=UgzDm4EC_EGDw90O-4h4AaABAg,"assalamualaikum,,,mas,,bisa kirim no wa ny,,,sya dri sumatra utara",1 balasan,,¬∑,,
,https://www.youtube.com/@isnanwafdullah8191,@isnanwafdullah8191,1 tahun yang lalu,https://www.youtube.com/watch?v=KZuAu2nyXwU&lc=UgwUsV4vsPO5V40JvMx4AaABAg,bisa minta no hp nya mbak ..?,,,,,
,https://www.youtube.com/@KisahLainya-ih1dt,@KisahLainya-ih1dt,4 minggu yang lalu,https://www.youtube.com/watch?v=KZuAu2nyXwU&lc=UgxMAQolt_zWTc5vAQJ4AaABAg,Nggak enak tengik  apek nglenyet blenyek banyak  campuranya nggak asli,,,,,
,https://www.youtube.com/@SupriPanji-y3e,@SupriPanji-y3e,1 tahun yang lalu,https://www.youtube.com/watch?v=KZuAu2nyXwU&lc=UgziG6udv4MoRbo9F3R4AaABAg,Minta no wa,,Terjemahkan ke bahasa Indonesia,,,
,https://www.youtube.com/@SupriPanji-y3e,@SupriPanji-y3e,1 tahun yang lalu,https://www.youtube.com/watch?v=KZuAu2nyXwU&lc=UgwTf3UXEzRKoYVHKTp4AaABAg,Minta no wa,,Terjemahkan ke bahasa Indonesia,,,
style-scope src,yt-simple-endpoint href,style-scope,yt-simple-endpoint,yt-simple-endpoint href 2,yt-core-attributed-string,style-scope 2,style-scope 3,,,
https://yt3.ggpht.com/ytc/AIdro_nreKmO-pPyk8Fe-As6Yg8TRqa7UU_K1l7lSHsVl1A=s88-c-k-c0x00ffffff-no-rj,https://www.youtube.com/@lidya9649,@lidya9649,1 tahun yang lalu,https://www.youtube.com/watch?v=YTCGUgZcVyc&lc=Ugy1uiO5zWCZx4l-8xt4AaABAg&pp=0gcJCSMANpG00pGi,"Alhamdulillah semakin kuat pindah dari si gemoy dan belimbing sayur 
AMIN insyaAllah Menang",Terjemahkan ke bahasa Indonesia,11,,,
https://yt3.ggpht.com/TIpZxj9Faf8TBTXKqU5nqzcJBjlpVT-aW2UXCX5hoxa9PfIWBEllVnkBaBZeJdCYuZHTyzB4vmk=s88-c-k-c0x00ffffff-no-rj,https://www.youtube.com/@starrttyaa,@starrttyaa,1 tahun yang lalu (diedit),https://www.youtube.com/watch?v=YTCGUgZcVyc&lc=Ugz_Mj0owEkpLMlnXSd4AaABAg,Saya berharap bapak jadi presiden amin salam dari sulawesi selatan makassar gowa,,15,,,
https://yt3.ggpht.com/ytc/AIdro_k82QyAI4bPkllTGYW1uAh9g2F373PAH3byJC8f1I0FsxpqxMTd2Pi9ZMx0zq4opKmx6Q=s88-c-k-c0x00ffffff-no-rj,https://www.youtube.com/@SiswantoSiswanto-q2v,@SiswantoSiswanto-q2v,1 tahun yang lalu,https://www.youtube.com/watch?v=YTCGUgZcVyc&lc=UgzggHLWDBfGUIbhaRZ4AaABAg,"Semoga Allah swt selalu meridhoi di setiap perjalanan dan langkah Abah @aniesbaswedan dan cak @cakiminow untuk menuju RI 1,,Aamin",,2,,,
,https://www.youtube.com/@LuxxAjaa.,@LuxxAjaa.,1 tahun yang lalu,https://www.youtube.com/watch?v=YTCGUgZcVyc&lc=UgyHnH-pMVJUF23BYfh4AaABAg,Sehat selalu abahku,,7,,,
,https://www.youtube.com/@tokosilvanaleksi4514,@tokosilvanaleksi4514,1 tahun yang lalu,https://www.youtube.com/watch?v=YTCGUgZcVyc&lc=Ugzk-d9YRExvDdGHhOR4AaABAg,tolong edukasi rakyat kawal kotak suara tuk amin sampai finis hitungan di TPS,,1,,,
,https://www.youtube.com/@daniswara398,@daniswara398,1 tahun yang lalu,https://www.youtube.com/watch?v=YTCGUgZcVyc&lc=Ugz1UGbdSD3TQRaftAh4AaABAg,Saya dan keluarga tetap optimis kita akan  menang di putaran ke 2 aminin aja dulu,,1,,,
,https://www.youtube.com/@VlogOnTheSpot,@VlogOnTheSpot,1 tahun yang lalu,https://www.youtube.com/watch?v=YTCGUgZcVyc&lc=UgyV-GB4EOidzVtxTsx4AaABAg,"Dodol Garut salah satu cemilan yang kusukai,, Insya Allah Amin",,1,,,
,https://www.youtube.com/@anakclubers3125,@anakclubers3125,1 tahun yang lalu,https://www.youtube.com/watch?v=YTCGUgZcVyc&lc=UgzBt80FyM73WcBUr0l4AaABAg,Amin No 1.,Terjemahkan ke bahasa Indonesia,1,,,
,https://www.youtube.com/@AmirAan-m3h,@AmirAan-m3h,1 tahun yang lalu,https://www.youtube.com/watch?v=YTCGUgZcVyc&lc=UgyxkVEW8cFQa8qs3ld4AaABAg,Abahh forever,Terjemahkan ke bahasa Indonesia,1,,,
,https://www.youtube.com/@annisa935,@annisa935,1 tahun yang lalu,https://www.youtube.com/watch?v=YTCGUgZcVyc&lc=Ugwxh50IqAIA2JxZXeJ4AaABAg,"Masyaa Allah,tabarokallaah Pak Anis",Terjemahkan ke bahasa Indonesia,,,,
,https://www.youtube.com/@ELGOGO-xr8yy,@ELGOGO-xr8yy,1 tahun yang lalu,https://www.youtube.com/watch?v=YTCGUgZcVyc&lc=Ugzwd11gaxEgclMk0_t4AaABAg,Kami masyarakat Bangka Belitung & teman teman Sumatra . Kalimantan s.sulawesi .siap menangkan pak Surya Paloh & jajarannya.anies-muhaimin .amin amin amin.,,4,,,
,https://www.youtube.com/@acjampank,@acjampank,1 tahun yang lalu,https://www.youtube.com/watch?v=YTCGUgZcVyc&lc=Ugy3UHg1QOBi3M3PZrR4AaABAg,Sy berharap pak anies bisa tinjau daerah sukabumi jampang kulon amiin,,4,,,
,https://www.youtube.com/@fahrulsaroji4335,@fahrulsaroji4335,1 tahun yang lalu,https://www.youtube.com/watch?v=YTCGUgZcVyc&lc=Ugym_g6l7RovY46jXZl4AaABAg,HARI INI PENCOBLOSAN AYO SAMA¬≤ KITA KE TPS MENANGKAN PASANGAN 01 AMINN.,,1,,,
,https://www.youtube.com/@VladimirVladimirovic-nx7cj,@VladimirVladimirovic-nx7cj,1 tahun yang lalu,https://www.youtube.com/watch?v=YTCGUgZcVyc&lc=UgwYw3h_blhdBgoUnZJ4AaABAg,Amin,Terjemahkan ke bahasa Indonesia,,,,
,https://www.youtube.com/@donirhytm507,@donirhytm507,1 tahun yang lalu,https://www.youtube.com/watch?v=YTCGUgZcVyc&lc=Ugy1QlO7yTHTk8jDZvd4AaABAg,Alhamdulillah....,Terjemahkan ke bahasa Indonesia,,,,
,https://www.youtube.com/@SriAstutik-r6o,@SriAstutik-r6o,1 tahun yang lalu,https://www.youtube.com/watch?v=YTCGUgZcVyc&lc=UgyzmeIfXCcL7Rzw3154AaABAg,Sehat selalu,,,,,
,https://www.youtube.com/@BreakTheWall-s2c,@BreakTheWall-s2c,1 tahun yang lalu,https://www.youtube.com/watch?v=YTCGUgZcVyc&lc=UgzogQP3t6S7UXDVFFt4AaABAg&pp=0gcJCSMANpG00pGi,Bersama pak Anies dodol Garut sekelas pizza,,6,,,
,https://www.youtube.com/@DaniDani-tc6gh,@DaniDani-tc6gh,1 tahun yang lalu,https://www.youtube.com/watch?v=YTCGUgZcVyc&lc=Ugxlw0gjWmuIuJS-F054AaABAg&pp=0gcJCSMANpG00pGi,,,,,,
,https://www.youtube.com/@umimidah,@umimidah,1 tahun yang lalu,https://www.youtube.com/watch?v=YTCGUgZcVyc&lc=UgzjF4Ai-p0ZzqL_l4B4AaABAg,Ô∏è,,,,,
,https://www.youtube.com/@a2daad158,@a2daad158,1 tahun yang lalu,https://www.youtube.com/watch?v=YTCGUgZcVyc&lc=Ugwmf9f53R160zWDFW54AaABAg,"Abah anis its the best, amin RI satu insyaallah",Terjemahkan ke bahasa Indonesia,,,,
https://yt3.ggpht.com/ytc/AIdro_k489dbUjVHiavMXCVBLGMHjuZ1MbGhFgMATRJyE25ZAk1KhQl3s6Hf7REnBDXFhbKjBA=s88-c-k-c0x00ffffff-no-rj,https://www.youtube.com/@AmirAan-m3h,@AmirAan-m3h,1 tahun yang lalu,https://www.youtube.com/watch?v=YTCGUgZcVyc&lc=UgyxkVEW8cFQa8qs3ld4AaABAg,Abahh forever,Terjemahkan ke bahasa Indonesia,1,,,
https://yt3.ggpht.com/Gk_DVAM_xK0zZPt0L1ZYR7di7_mpNweWiUc62r8nfFG0JpCElH9NUdegm9O8VZfMSc17rOhV=s88-c-k-c0x00ffffff-no-rj,https://www.youtube.com/@annisa935,@annisa935,1 tahun yang lalu,https://www.youtube.com/watch?v=YTCGUgZcVyc&lc=Ugwxh50IqAIA2JxZXeJ4AaABAg,"Masyaa Allah,tabarokallaah Pak Anis",Terjemahkan ke bahasa Indonesia,,,,
https://yt3.ggpht.com/ytc/AIdro_kM-WAu7FWM5pmrrS2-NC8y_6-_YVvoqsqAUPMGai-iELDBMp6AMgTDLNobZjJ49rXWmQ=s88-c-k-c0x00ffffff-no-rj,https://www.youtube.com/@ELGOGO-xr8yy,@ELGOGO-xr8yy,1 tahun yang lalu,https://www.youtube.com/watch?v=YTCGUgZcVyc&lc=Ugzwd11gaxEgclMk0_t4AaABAg,Kami masyarakat Bangka Belitung & teman teman Sumatra . Kalimantan s.sulawesi .siap menangkan pak Surya Paloh & jajarannya.anies-muhaimin .amin amin amin.,,4,,,
https://yt3.ggpht.com/SBbSvL6sC0JuhtM-vqaQn229pZREMtp3ed9tdIx8EZFpy6_1Edu_UbC5-tm1avPCZSbmIyIP_j0=s88-c-k-c0x00ffffff-no-rj,https://www.youtube.com/@acjampank,@acjampank,1 tahun yang lalu,https://www.youtube.com/watch?v=YTCGUgZcVyc&lc=Ugy3UHg1QOBi3M3PZrR4AaABAg,Sy berharap pak anies bisa tinjau daerah sukabumi jampang kulon amiin,,4,,,
https://yt3.ggpht.com/ytc/AIdro_nsY7Wz66Qkthpw8X7S-QjH6rLsZ8W4MCt8yLMHraVlOilDEr_euLO-DWFfReOv4gst5w=s88-c-k-c0x00ffffff-no-rj,https://www.youtube.com/@DaniDani-tc6gh,@DaniDani-tc6gh,1 tahun yang lalu,https://www.youtube.com/watch?v=YTCGUgZcVyc&lc=Ugxlw0gjWmuIuJS-F054AaABAg&pp=0gcJCSMANpG00pGi,,,,,,
https://yt3.ggpht.com/ytc/AIdro_k1UVnuEOl73aecre_55iOj102dwvDAm6VAI3NyH121uCD0fUD5FsaQsf-gyIKwdvvyAA=s88-c-k-c0x00ffffff-no-rj,https://www.youtube.com/@umimidah,@umimidah,1 tahun yang lalu,https://www.youtube.com/watch?v=YTCGUgZcVyc&lc=UgzjF4Ai-p0ZzqL_l4B4AaABAg,Ô∏è,,,,,
https://yt3.ggpht.com/ytc/AIdro_k4FZauwb01q81kMc7Ur6nEFrASP1Rd8cS_ZtFc85o=s88-c-k-c0x00ffffff-no-rj,https://www.youtube.com/@a2daad158,@a2daad158,1 tahun yang lalu,https://www.youtube.com/watch?v=YTCGUgZcVyc&lc=Ugwmf9f53R160zWDFW54AaABAg,"Abah anis its the best, amin RI satu insyaallah",Terjemahkan ke bahasa Indonesia,,,,
https://yt3.ggpht.com/LADCbI7vPo57y3kqj0iLVntJBTb3foGiVRkN5hVC_JGuXyvHX2QCRojLnFY0vnXDTyX1H3OnNGo=s88-c-k-c0x00ffffff-no-rj,https://www.youtube.com/@Exaeverything,@Exaeverything,1 tahun yang lalu,https://www.youtube.com/watch?v=YTCGUgZcVyc&lc=UgzJm1b4-1QqzYccNRx4AaABAg,Aamiin,Terjemahkan ke bahasa Indonesia,,,,
,https://www.youtube.com/@Raden-cq3pz,@Raden-cq3pz,1 tahun yang lalu,https://www.youtube.com/watch?v=YTCGUgZcVyc&lc=UgwmF3qxwkg7T1YOwX14AaABAg,,,,,,
,https://www.youtube.com/@agungpbn4703,@agungpbn4703,7 bulan yang lalu,https://www.youtube.com/watch?v=YTCGUgZcVyc&lc=Ugw4bfiGfHfjxL8-gxZ4AaABAg,K A L A H !!!,Terjemahkan ke bahasa Indonesia,,,,
,https://www.youtube.com/@Kenzi.tv.,@Kenzi.tv.,1 tahun yang lalu,https://www.youtube.com/watch?v=YTCGUgZcVyc&lc=UgzfBVj0OhU08FfGnPl4AaABAg,Masa Allah pak Anies Baswedan,,,,,
,https://www.youtube.com/@sisiazsisi3965,@sisiazsisi3965,1 tahun yang lalu,https://www.youtube.com/watch?v=YTCGUgZcVyc&lc=Ugxs68dpkVWlrejVugl4AaABAg,dhsjd,Terjemahkan ke bahasa Indonesia,,,,
,https://www.youtube.com/@arindwipratama4508,@arindwipratama4508,1 tahun yang lalu,https://www.youtube.com/watch?v=YTCGUgZcVyc&lc=Ugwai5mk6BdiN_Cfjq94AaABAg,"Si paling mau makan gratisan,,",,,,,
,https://www.youtube.com/@AnakiaMaharani,@AnakiaMaharani,1 tahun yang lalu,https://www.youtube.com/watch?v=YTCGUgZcVyc&lc=UgxKCtDR_TONy0tEBCR4AaABAg,Si tplol,Terjemahkan ke bahasa Indonesia,,,,
