x1i10hfl_href,x193iq5w,xdj266r,x1i10hfl,x1i10hfl_href_3,x193iq5w_2
https://www.facebook.com/groups/604732133676530/user/100069934687626/?__cft__[0]=AZWQLI7CI0VKpQoxBlfwGl9Uv_v7PFActhcseyyMF09g9cSjrpW4iBXAdTf5HfqHBt_dFEXbKTAG1LwHPanfS3ZDz0V_95Ks3x91N6RXGC-yTSDSObr9DOsLsKKwEgFU44uz6bazIj33DAd2GjjeMlpGaa4roUWmUNz7C2ftqYfJAA&__tn__=R]-R,Abdul Rahman Sahrul Sarah,Bisa tukar tambah boss,3 minggu,https://www.facebook.com/groups/604732133676530/posts/1905143186968745/?comment_id=1938539590295771&__cft__[0]=AZWQLI7CI0VKpQoxBlfwGl9Uv_v7PFActhcseyyMF09g9cSjrpW4iBXAdTf5HfqHBt_dFEXbKTAG1LwHPanfS3ZDz0V_95Ks3x91N6RXGC-yTSDSObr9DOsLsKKwEgFU44uz6bazIj33DAd2GjjeMlpGaa4roUWmUNz7C2ftqYfJAA&__tn__=R]-R,
https://www.facebook.com/groups/604732133676530/user/61572395801270/?__cft__[0]=AZWQLI7CI0VKpQoxBlfwGl9Uv_v7PFActhcseyyMF09g9cSjrpW4iBXAdTf5HfqHBt_dFEXbKTAG1LwHPanfS3ZDz0V_95Ks3x91N6RXGC-yTSDSObr9DOsLsKKwEgFU44uz6bazIj33DAd2GjjeMlpGaa4roUWmUNz7C2ftqYfJAA&__tn__=R]-R,Valent Pjs,Kl yg ukuran XXXL ada gak dan brp hrgnya,7 minggu,https://www.facebook.com/groups/604732133676530/posts/1905143186968745/?comment_id=1918537535629310&__cft__[0]=AZWQLI7CI0VKpQoxBlfwGl9Uv_v7PFActhcseyyMF09g9cSjrpW4iBXAdTf5HfqHBt_dFEXbKTAG1LwHPanfS3ZDz0V_95Ks3x91N6RXGC-yTSDSObr9DOsLsKKwEgFU44uz6bazIj33DAd2GjjeMlpGaa4roUWmUNz7C2ftqYfJAA&__tn__=R]-R,Lihat 1 balasan
https://www.facebook.com/groups/604732133676530/user/61556884455608/?__cft__[0]=AZWQLI7CI0VKpQoxBlfwGl9Uv_v7PFActhcseyyMF09g9cSjrpW4iBXAdTf5HfqHBt_dFEXbKTAG1LwHPanfS3ZDz0V_95Ks3x91N6RXGC-yTSDSObr9DOsLsKKwEgFU44uz6bazIj33DAd2GjjeMlpGaa4roUWmUNz7C2ftqYfJAA&__tn__=R]-R,Adrianus Nong,Bisa COD ka???,7 minggu,https://www.facebook.com/groups/604732133676530/posts/1905143186968745/?comment_id=1918420002307730&__cft__[0]=AZWQLI7CI0VKpQoxBlfwGl9Uv_v7PFActhcseyyMF09g9cSjrpW4iBXAdTf5HfqHBt_dFEXbKTAG1LwHPanfS3ZDz0V_95Ks3x91N6RXGC-yTSDSObr9DOsLsKKwEgFU44uz6bazIj33DAd2GjjeMlpGaa4roUWmUNz7C2ftqYfJAA&__tn__=R]-R,Lihat semua 2 balasan
https://www.facebook.com/groups/604732133676530/user/61555981173434/?__cft__[0]=AZWQLI7CI0VKpQoxBlfwGl9Uv_v7PFActhcseyyMF09g9cSjrpW4iBXAdTf5HfqHBt_dFEXbKTAG1LwHPanfS3ZDz0V_95Ks3x91N6RXGC-yTSDSObr9DOsLsKKwEgFU44uz6bazIj33DAd2GjjeMlpGaa4roUWmUNz7C2ftqYfJAA&__tn__=R]-R,Emi Lampahan,Klu keluar jawa berapa ongkirnya mas,7 minggu,https://www.facebook.com/groups/604732133676530/posts/1905143186968745/?comment_id=1914868555996208&__cft__[0]=AZWQLI7CI0VKpQoxBlfwGl9Uv_v7PFActhcseyyMF09g9cSjrpW4iBXAdTf5HfqHBt_dFEXbKTAG1LwHPanfS3ZDz0V_95Ks3x91N6RXGC-yTSDSObr9DOsLsKKwEgFU44uz6bazIj33DAd2GjjeMlpGaa4roUWmUNz7C2ftqYfJAA&__tn__=R]-R,
https://www.facebook.com/groups/604732133676530/user/100087044341068/?__cft__[0]=AZWQLI7CI0VKpQoxBlfwGl9Uv_v7PFActhcseyyMF09g9cSjrpW4iBXAdTf5HfqHBt_dFEXbKTAG1LwHPanfS3ZDz0V_95Ks3x91N6RXGC-yTSDSObr9DOsLsKKwEgFU44uz6bazIj33DAd2GjjeMlpGaa4roUWmUNz7C2ftqYfJAA&__tn__=R]-R,Ci Bule,500,8 minggu,https://www.facebook.com/groups/604732133676530/posts/1905143186968745/?comment_id=1914560346027029&__cft__[0]=AZWQLI7CI0VKpQoxBlfwGl9Uv_v7PFActhcseyyMF09g9cSjrpW4iBXAdTf5HfqHBt_dFEXbKTAG1LwHPanfS3ZDz0V_95Ks3x91N6RXGC-yTSDSObr9DOsLsKKwEgFU44uz6bazIj33DAd2GjjeMlpGaa4roUWmUNz7C2ftqYfJAA&__tn__=R]-R,
https://www.facebook.com/groups/604732133676530/user/100088732964781/?__cft__[0]=AZWQLI7CI0VKpQoxBlfwGl9Uv_v7PFActhcseyyMF09g9cSjrpW4iBXAdTf5HfqHBt_dFEXbKTAG1LwHPanfS3ZDz0V_95Ks3x91N6RXGC-yTSDSObr9DOsLsKKwEgFU44uz6bazIj33DAd2GjjeMlpGaa4roUWmUNz7C2ftqYfJAA&__tn__=R]-R,Cecepsuherman,Cek inbok,8 minggu,https://www.facebook.com/groups/604732133676530/posts/1905143186968745/?comment_id=1914428402706890&__cft__[0]=AZWQLI7CI0VKpQoxBlfwGl9Uv_v7PFActhcseyyMF09g9cSjrpW4iBXAdTf5HfqHBt_dFEXbKTAG1LwHPanfS3ZDz0V_95Ks3x91N6RXGC-yTSDSObr9DOsLsKKwEgFU44uz6bazIj33DAd2GjjeMlpGaa4roUWmUNz7C2ftqYfJAA&__tn__=R]-R,Lihat 1 balasan
https://www.facebook.com/groups/604732133676530/user/100067147009196/?__cft__[0]=AZWQLI7CI0VKpQoxBlfwGl9Uv_v7PFActhcseyyMF09g9cSjrpW4iBXAdTf5HfqHBt_dFEXbKTAG1LwHPanfS3ZDz0V_95Ks3x91N6RXGC-yTSDSObr9DOsLsKKwEgFU44uz6bazIj33DAd2GjjeMlpGaa4roUWmUNz7C2ftqYfJAA&__tn__=R]-R,Ahmad Agus,Masih ada jaketnya size m,8 minggu,https://www.facebook.com/groups/604732133676530/posts/1905143186968745/?comment_id=1914423266040737&__cft__[0]=AZWQLI7CI0VKpQoxBlfwGl9Uv_v7PFActhcseyyMF09g9cSjrpW4iBXAdTf5HfqHBt_dFEXbKTAG1LwHPanfS3ZDz0V_95Ks3x91N6RXGC-yTSDSObr9DOsLsKKwEgFU44uz6bazIj33DAd2GjjeMlpGaa4roUWmUNz7C2ftqYfJAA&__tn__=R]-R,
https://www.facebook.com/groups/604732133676530/user/100073227019462/?__cft__[0]=AZWQLI7CI0VKpQoxBlfwGl9Uv_v7PFActhcseyyMF09g9cSjrpW4iBXAdTf5HfqHBt_dFEXbKTAG1LwHPanfS3ZDz0V_95Ks3x91N6RXGC-yTSDSObr9DOsLsKKwEgFU44uz6bazIj33DAd2GjjeMlpGaa4roUWmUNz7C2ftqYfJAA&__tn__=R]-R,Kusmayadi,Utk ukuran BB 70 berapa harga nya kang,8 minggu,https://www.facebook.com/groups/604732133676530/posts/1905143186968745/?comment_id=1914393496043714&__cft__[0]=AZWQLI7CI0VKpQoxBlfwGl9Uv_v7PFActhcseyyMF09g9cSjrpW4iBXAdTf5HfqHBt_dFEXbKTAG1LwHPanfS3ZDz0V_95Ks3x91N6RXGC-yTSDSObr9DOsLsKKwEgFU44uz6bazIj33DAd2GjjeMlpGaa4roUWmUNz7C2ftqYfJAA&__tn__=R]-R,Lihat semua 2 balasan
https://www.facebook.com/groups/604732133676530/user/100073227019462/?__cft__[0]=AZWQLI7CI0VKpQoxBlfwGl9Uv_v7PFActhcseyyMF09g9cSjrpW4iBXAdTf5HfqHBt_dFEXbKTAG1LwHPanfS3ZDz0V_95Ks3x91N6RXGC-yTSDSObr9DOsLsKKwEgFU44uz6bazIj33DAd2GjjeMlpGaa4roUWmUNz7C2ftqYfJAA&__tn__=R]-R,Kusmayadi,Yg ukuran utk BB 70 berapa harganya kang,8 minggu,https://www.facebook.com/groups/604732133676530/posts/1905143186968745/?comment_id=1914390649377332&__cft__[0]=AZWQLI7CI0VKpQoxBlfwGl9Uv_v7PFActhcseyyMF09g9cSjrpW4iBXAdTf5HfqHBt_dFEXbKTAG1LwHPanfS3ZDz0V_95Ks3x91N6RXGC-yTSDSObr9DOsLsKKwEgFU44uz6bazIj33DAd2GjjeMlpGaa4roUWmUNz7C2ftqYfJAA&__tn__=R]-R,Lihat 1 balasan
https://www.facebook.com/groups/604732133676530/user/100069578657506/?__cft__[0]=AZWQLI7CI0VKpQoxBlfwGl9Uv_v7PFActhcseyyMF09g9cSjrpW4iBXAdTf5HfqHBt_dFEXbKTAG1LwHPanfS3ZDz0V_95Ks3x91N6RXGC-yTSDSObr9DOsLsKKwEgFU44uz6bazIj33DAd2GjjeMlpGaa4roUWmUNz7C2ftqYfJAA&__tn__=R]-R,Bulan Bintang,CK harga,8 minggu,https://www.facebook.com/groups/604732133676530/posts/1905143186968745/?comment_id=1913585736124490&__cft__[0]=AZWQLI7CI0VKpQoxBlfwGl9Uv_v7PFActhcseyyMF09g9cSjrpW4iBXAdTf5HfqHBt_dFEXbKTAG1LwHPanfS3ZDz0V_95Ks3x91N6RXGC-yTSDSObr9DOsLsKKwEgFU44uz6bazIj33DAd2GjjeMlpGaa4roUWmUNz7C2ftqYfJAA&__tn__=R]-R,Lihat 1 balasan
https://www.facebook.com/groups/604732133676530/user/100088392012447/?__cft__[0]=AZWQLI7CI0VKpQoxBlfwGl9Uv_v7PFActhcseyyMF09g9cSjrpW4iBXAdTf5HfqHBt_dFEXbKTAG1LwHPanfS3ZDz0V_95Ks3x91N6RXGC-yTSDSObr9DOsLsKKwEgFU44uz6bazIj33DAd2GjjeMlpGaa4roUWmUNz7C2ftqYfJAA&__tn__=R]-R,Gede Sukarye,Lokasi dimana bos jeket kulit asli ya,8 minggu,https://www.facebook.com/groups/604732133676530/posts/1905143186968745/?comment_id=1913535496129514&__cft__[0]=AZWQLI7CI0VKpQoxBlfwGl9Uv_v7PFActhcseyyMF09g9cSjrpW4iBXAdTf5HfqHBt_dFEXbKTAG1LwHPanfS3ZDz0V_95Ks3x91N6RXGC-yTSDSObr9DOsLsKKwEgFU44uz6bazIj33DAd2GjjeMlpGaa4roUWmUNz7C2ftqYfJAA&__tn__=R]-R,Lihat 1 balasan
https://www.facebook.com/groups/604732133676530/user/100069578657506/?__cft__[0]=AZWQLI7CI0VKpQoxBlfwGl9Uv_v7PFActhcseyyMF09g9cSjrpW4iBXAdTf5HfqHBt_dFEXbKTAG1LwHPanfS3ZDz0V_95Ks3x91N6RXGC-yTSDSObr9DOsLsKKwEgFU44uz6bazIj33DAd2GjjeMlpGaa4roUWmUNz7C2ftqYfJAA&__tn__=R]-R,Bulan Bintang,Masih ada,8 minggu,https://www.facebook.com/groups/604732133676530/posts/1905143186968745/?comment_id=1913527302797000&__cft__[0]=AZWQLI7CI0VKpQoxBlfwGl9Uv_v7PFActhcseyyMF09g9cSjrpW4iBXAdTf5HfqHBt_dFEXbKTAG1LwHPanfS3ZDz0V_95Ks3x91N6RXGC-yTSDSObr9DOsLsKKwEgFU44uz6bazIj33DAd2GjjeMlpGaa4roUWmUNz7C2ftqYfJAA&__tn__=R]-R,Lihat semua 3 balasan
https://www.facebook.com/groups/604732133676530/user/100029296928203/?__cft__[0]=AZWQLI7CI0VKpQoxBlfwGl9Uv_v7PFActhcseyyMF09g9cSjrpW4iBXAdTf5HfqHBt_dFEXbKTAG1LwHPanfS3ZDz0V_95Ks3x91N6RXGC-yTSDSObr9DOsLsKKwEgFU44uz6bazIj33DAd2GjjeMlpGaa4roUWmUNz7C2ftqYfJAA&__tn__=R]-R,Funki Deples,Bisa pesen ukuran GK..soalnya size m kekecilan.size L kegedean.,9 minggu,https://www.facebook.com/groups/604732133676530/posts/1905143186968745/?comment_id=1905607283589002&__cft__[0]=AZWQLI7CI0VKpQoxBlfwGl9Uv_v7PFActhcseyyMF09g9cSjrpW4iBXAdTf5HfqHBt_dFEXbKTAG1LwHPanfS3ZDz0V_95Ks3x91N6RXGC-yTSDSObr9DOsLsKKwEgFU44uz6bazIj33DAd2GjjeMlpGaa4roUWmUNz7C2ftqYfJAA&__tn__=R]-R,Lihat 1 balasan
https://www.facebook.com/groups/604732133676530/user/100079629909501/?__cft__[0]=AZWQLI7CI0VKpQoxBlfwGl9Uv_v7PFActhcseyyMF09g9cSjrpW4iBXAdTf5HfqHBt_dFEXbKTAG1LwHPanfS3ZDz0V_95Ks3x91N6RXGC-yTSDSObr9DOsLsKKwEgFU44uz6bazIj33DAd2GjjeMlpGaa4roUWmUNz7C2ftqYfJAA&__tn__=R]-R,Lang Lang Laut,Bagus,9 minggu,https://www.facebook.com/groups/604732133676530/posts/1905143186968745/?comment_id=1905499860266411&__cft__[0]=AZWQLI7CI0VKpQoxBlfwGl9Uv_v7PFActhcseyyMF09g9cSjrpW4iBXAdTf5HfqHBt_dFEXbKTAG1LwHPanfS3ZDz0V_95Ks3x91N6RXGC-yTSDSObr9DOsLsKKwEgFU44uz6bazIj33DAd2GjjeMlpGaa4roUWmUNz7C2ftqYfJAA&__tn__=R]-R,Lihat 1 balasan
https://www.facebook.com/groups/604732133676530/user/100009126354612/?__cft__[0]=AZWQLI7CI0VKpQoxBlfwGl9Uv_v7PFActhcseyyMF09g9cSjrpW4iBXAdTf5HfqHBt_dFEXbKTAG1LwHPanfS3ZDz0V_95Ks3x91N6RXGC-yTSDSObr9DOsLsKKwEgFU44uz6bazIj33DAd2GjjeMlpGaa4roUWmUNz7C2ftqYfJAA&__tn__=R]-R,Muhni Alfarel,Ukuran L,9 minggu,https://www.facebook.com/groups/604732133676530/posts/1905143186968745/?comment_id=1905454840270913&__cft__[0]=AZWQLI7CI0VKpQoxBlfwGl9Uv_v7PFActhcseyyMF09g9cSjrpW4iBXAdTf5HfqHBt_dFEXbKTAG1LwHPanfS3ZDz0V_95Ks3x91N6RXGC-yTSDSObr9DOsLsKKwEgFU44uz6bazIj33DAd2GjjeMlpGaa4roUWmUNz7C2ftqYfJAA&__tn__=R]-R,Lihat 1 balasan
https://www.facebook.com/groups/604732133676530/user/100080952722746/?__cft__[0]=AZWQLI7CI0VKpQoxBlfwGl9Uv_v7PFActhcseyyMF09g9cSjrpW4iBXAdTf5HfqHBt_dFEXbKTAG1LwHPanfS3ZDz0V_95Ks3x91N6RXGC-yTSDSObr9DOsLsKKwEgFU44uz6bazIj33DAd2GjjeMlpGaa4roUWmUNz7C2ftqYfJAA&__tn__=R]-R,Kanit Welah,Lokasi mna,9 minggu,https://www.facebook.com/groups/604732133676530/posts/1905143186968745/?comment_id=1905453810271016&__cft__[0]=AZWQLI7CI0VKpQoxBlfwGl9Uv_v7PFActhcseyyMF09g9cSjrpW4iBXAdTf5HfqHBt_dFEXbKTAG1LwHPanfS3ZDz0V_95Ks3x91N6RXGC-yTSDSObr9DOsLsKKwEgFU44uz6bazIj33DAd2GjjeMlpGaa4roUWmUNz7C2ftqYfJAA&__tn__=R]-R,Lihat 1 balasan
https://www.facebook.com/groups/604732133676530/user/100066106358493/?__cft__[0]=AZWQLI7CI0VKpQoxBlfwGl9Uv_v7PFActhcseyyMF09g9cSjrpW4iBXAdTf5HfqHBt_dFEXbKTAG1LwHPanfS3ZDz0V_95Ks3x91N6RXGC-yTSDSObr9DOsLsKKwEgFU44uz6bazIj33DAd2GjjeMlpGaa4roUWmUNz7C2ftqYfJAA&__tn__=R]-R,Bambang Harmanto Harmanto,Masih ada,9 minggu,https://www.facebook.com/groups/604732133676530/posts/1905143186968745/?comment_id=1905411960275201&__cft__[0]=AZWQLI7CI0VKpQoxBlfwGl9Uv_v7PFActhcseyyMF09g9cSjrpW4iBXAdTf5HfqHBt_dFEXbKTAG1LwHPanfS3ZDz0V_95Ks3x91N6RXGC-yTSDSObr9DOsLsKKwEgFU44uz6bazIj33DAd2GjjeMlpGaa4roUWmUNz7C2ftqYfJAA&__tn__=R]-R,Lihat 1 balasan
https://www.facebook.com/groups/604732133676530/user/100009537544502/?__cft__[0]=AZWQLI7CI0VKpQoxBlfwGl9Uv_v7PFActhcseyyMF09g9cSjrpW4iBXAdTf5HfqHBt_dFEXbKTAG1LwHPanfS3ZDz0V_95Ks3x91N6RXGC-yTSDSObr9DOsLsKKwEgFU44uz6bazIj33DAd2GjjeMlpGaa4roUWmUNz7C2ftqYfJAA&__tn__=R]-R,Hilman Kucir,Mntp,9 minggu,https://www.facebook.com/groups/604732133676530/posts/1905143186968745/?comment_id=1905326570283740&__cft__[0]=AZWQLI7CI0VKpQoxBlfwGl9Uv_v7PFActhcseyyMF09g9cSjrpW4iBXAdTf5HfqHBt_dFEXbKTAG1LwHPanfS3ZDz0V_95Ks3x91N6RXGC-yTSDSObr9DOsLsKKwEgFU44uz6bazIj33DAd2GjjeMlpGaa4roUWmUNz7C2ftqYfJAA&__tn__=R]-R,
https://www.facebook.com/groups/604732133676530/user/100056446523079/?__cft__[0]=AZWQLI7CI0VKpQoxBlfwGl9Uv_v7PFActhcseyyMF09g9cSjrpW4iBXAdTf5HfqHBt_dFEXbKTAG1LwHPanfS3ZDz0V_95Ks3x91N6RXGC-yTSDSObr9DOsLsKKwEgFU44uz6bazIj33DAd2GjjeMlpGaa4roUWmUNz7C2ftqYfJAA&__tn__=R]-R,Septian Putra,Ikut Nitip bos korban PHP..siapa tau ada yg minat size L,9 minggu,https://www.facebook.com/groups/604732133676530/posts/1905143186968745/?comment_id=1905281586954905&__cft__[0]=AZWQLI7CI0VKpQoxBlfwGl9Uv_v7PFActhcseyyMF09g9cSjrpW4iBXAdTf5HfqHBt_dFEXbKTAG1LwHPanfS3ZDz0V_95Ks3x91N6RXGC-yTSDSObr9DOsLsKKwEgFU44uz6bazIj33DAd2GjjeMlpGaa4roUWmUNz7C2ftqYfJAA&__tn__=R]-R,Lihat semua 4 balasan
https://www.facebook.com/groups/604732133676530/user/61572627984261/?__cft__[0]=AZWQLI7CI0VKpQoxBlfwGl9Uv_v7PFActhcseyyMF09g9cSjrpW4iBXAdTf5HfqHBt_dFEXbKTAG1LwHPanfS3ZDz0V_95Ks3x91N6RXGC-yTSDSObr9DOsLsKKwEgFU44uz6bazIj33DAd2GjjeMlpGaa4roUWmUNz7C2ftqYfJAA&__tn__=R]-R,Aris,Cek harg warna coklat ada bos,9 minggu,https://www.facebook.com/groups/604732133676530/posts/1905143186968745/?comment_id=1905242780292119&__cft__[0]=AZWQLI7CI0VKpQoxBlfwGl9Uv_v7PFActhcseyyMF09g9cSjrpW4iBXAdTf5HfqHBt_dFEXbKTAG1LwHPanfS3ZDz0V_95Ks3x91N6RXGC-yTSDSObr9DOsLsKKwEgFU44uz6bazIj33DAd2GjjeMlpGaa4roUWmUNz7C2ftqYfJAA&__tn__=R]-R,Lihat 1 balasan
https://www.facebook.com/groups/604732133676530/user/100014714528850/?__cft__[0]=AZWQLI7CI0VKpQoxBlfwGl9Uv_v7PFActhcseyyMF09g9cSjrpW4iBXAdTf5HfqHBt_dFEXbKTAG1LwHPanfS3ZDz0V_95Ks3x91N6RXGC-yTSDSObr9DOsLsKKwEgFU44uz6bazIj33DAd2GjjeMlpGaa4roUWmUNz7C2ftqYfJAA&__tn__=R]-R,Bendeu Cod,Warna naon a,9 minggu,https://www.facebook.com/groups/604732133676530/posts/1905143186968745/?comment_id=1905231203626610&__cft__[0]=AZWQLI7CI0VKpQoxBlfwGl9Uv_v7PFActhcseyyMF09g9cSjrpW4iBXAdTf5HfqHBt_dFEXbKTAG1LwHPanfS3ZDz0V_95Ks3x91N6RXGC-yTSDSObr9DOsLsKKwEgFU44uz6bazIj33DAd2GjjeMlpGaa4roUWmUNz7C2ftqYfJAA&__tn__=R]-R,Lihat 1 balasan
https://www.facebook.com/groups/604732133676530/user/100076311044184/?__cft__[0]=AZWQLI7CI0VKpQoxBlfwGl9Uv_v7PFActhcseyyMF09g9cSjrpW4iBXAdTf5HfqHBt_dFEXbKTAG1LwHPanfS3ZDz0V_95Ks3x91N6RXGC-yTSDSObr9DOsLsKKwEgFU44uz6bazIj33DAd2GjjeMlpGaa4roUWmUNz7C2ftqYfJAA&__tn__=R]-R,Rijal Baharu,Ada size L dan hrg berapa,9 minggu,https://www.facebook.com/groups/604732133676530/posts/1905143186968745/?comment_id=1905206933629037&__cft__[0]=AZWQLI7CI0VKpQoxBlfwGl9Uv_v7PFActhcseyyMF09g9cSjrpW4iBXAdTf5HfqHBt_dFEXbKTAG1LwHPanfS3ZDz0V_95Ks3x91N6RXGC-yTSDSObr9DOsLsKKwEgFU44uz6bazIj33DAd2GjjeMlpGaa4roUWmUNz7C2ftqYfJAA&__tn__=R]-R,Lihat semua 7 balasan
https://www.facebook.com/groups/604732133676530/user/100012750164984/?__cft__[0]=AZWQLI7CI0VKpQoxBlfwGl9Uv_v7PFActhcseyyMF09g9cSjrpW4iBXAdTf5HfqHBt_dFEXbKTAG1LwHPanfS3ZDz0V_95Ks3x91N6RXGC-yTSDSObr9DOsLsKKwEgFU44uz6bazIj33DAd2GjjeMlpGaa4roUWmUNz7C2ftqYfJAA&__tn__=R]-R,Dian Ciwidey,500 w,9 minggu,https://www.facebook.com/groups/604732133676530/posts/1905143186968745/?comment_id=1905200956962968&__cft__[0]=AZWQLI7CI0VKpQoxBlfwGl9Uv_v7PFActhcseyyMF09g9cSjrpW4iBXAdTf5HfqHBt_dFEXbKTAG1LwHPanfS3ZDz0V_95Ks3x91N6RXGC-yTSDSObr9DOsLsKKwEgFU44uz6bazIj33DAd2GjjeMlpGaa4roUWmUNz7C2ftqYfJAA&__tn__=R]-R,Lihat semua 4 balasan
https://www.facebook.com/groups/604732133676530/user/100092902835041/?__cft__[0]=AZWQLI7CI0VKpQoxBlfwGl9Uv_v7PFActhcseyyMF09g9cSjrpW4iBXAdTf5HfqHBt_dFEXbKTAG1LwHPanfS3ZDz0V_95Ks3x91N6RXGC-yTSDSObr9DOsLsKKwEgFU44uz6bazIj33DAd2GjjeMlpGaa4roUWmUNz7C2ftqYfJAA&__tn__=R]-R,Nino Albara,Pesen 2 kirim solo,9 minggu,https://www.facebook.com/groups/604732133676530/posts/1905143186968745/?comment_id=1905194113630319&__cft__[0]=AZWQLI7CI0VKpQoxBlfwGl9Uv_v7PFActhcseyyMF09g9cSjrpW4iBXAdTf5HfqHBt_dFEXbKTAG1LwHPanfS3ZDz0V_95Ks3x91N6RXGC-yTSDSObr9DOsLsKKwEgFU44uz6bazIj33DAd2GjjeMlpGaa4roUWmUNz7C2ftqYfJAA&__tn__=R]-R,Lihat semua 3 balasan
https://www.facebook.com/groups/604732133676530/user/100063599830224/?__cft__[0]=AZWQLI7CI0VKpQoxBlfwGl9Uv_v7PFActhcseyyMF09g9cSjrpW4iBXAdTf5HfqHBt_dFEXbKTAG1LwHPanfS3ZDz0V_95Ks3x91N6RXGC-yTSDSObr9DOsLsKKwEgFU44uz6bazIj33DAd2GjjeMlpGaa4roUWmUNz7C2ftqYfJAA&__tn__=R]-R,Jarwo,Msih ada bos,9 minggu,https://www.facebook.com/groups/604732133676530/posts/1905143186968745/?comment_id=1905188330297564&__cft__[0]=AZWQLI7CI0VKpQoxBlfwGl9Uv_v7PFActhcseyyMF09g9cSjrpW4iBXAdTf5HfqHBt_dFEXbKTAG1LwHPanfS3ZDz0V_95Ks3x91N6RXGC-yTSDSObr9DOsLsKKwEgFU44uz6bazIj33DAd2GjjeMlpGaa4roUWmUNz7C2ftqYfJAA&__tn__=R]-R,Lihat 1 balasan
https://www.facebook.com/groups/604732133676530/user/100003867934885/?__cft__[0]=AZWQLI7CI0VKpQoxBlfwGl9Uv_v7PFActhcseyyMF09g9cSjrpW4iBXAdTf5HfqHBt_dFEXbKTAG1LwHPanfS3ZDz0V_95Ks3x91N6RXGC-yTSDSObr9DOsLsKKwEgFU44uz6bazIj33DAd2GjjeMlpGaa4roUWmUNz7C2ftqYfJAA&__tn__=R]-R,Irwansyah Ary Panca,Bsa cod ke aceh om,9 minggu,https://www.facebook.com/groups/604732133676530/posts/1905143186968745/?comment_id=1905151030301294&__cft__[0]=AZWQLI7CI0VKpQoxBlfwGl9Uv_v7PFActhcseyyMF09g9cSjrpW4iBXAdTf5HfqHBt_dFEXbKTAG1LwHPanfS3ZDz0V_95Ks3x91N6RXGC-yTSDSObr9DOsLsKKwEgFU44uz6bazIj33DAd2GjjeMlpGaa4roUWmUNz7C2ftqYfJAA&__tn__=R]-R,Lihat semua 5 balasan
https://www.facebook.com/groups/604732133676530/user/61554605572904/?__cft__[0]=AZWU15jmM84d0V6dTbdIIgp7fbtHWyDspeocoRCKT9-Ed8SwHkpyUJg_KBPy7f6fspNHwnFEGE3Yu-KXe6KZBZEZ9FDljo4xdB2bO6LQIv9AlFRHf6a-O86h8aWuZoe4aSEnE3q27GnYStwk1XXZXi8l&__tn__=R]-R,Muhamad Iwan,Bisa tuker tamih t a,1minggu,https://www.facebook.com/groups/604732133676530/posts/1948670725949324/?comment_id=1955320125284384&__cft__[0]=AZWU15jmM84d0V6dTbdIIgp7fbtHWyDspeocoRCKT9-Ed8SwHkpyUJg_KBPy7f6fspNHwnFEGE3Yu-KXe6KZBZEZ9FDljo4xdB2bO6LQIv9AlFRHf6a-O86h8aWuZoe4aSEnE3q27GnYStwk1XXZXi8l&__tn__=R]-R,Lihat 1 balasan
https://www.facebook.com/groups/604732133676530/user/100086560111090/?__cft__[0]=AZWU15jmM84d0V6dTbdIIgp7fbtHWyDspeocoRCKT9-Ed8SwHkpyUJg_KBPy7f6fspNHwnFEGE3Yu-KXe6KZBZEZ9FDljo4xdB2bO6LQIv9AlFRHf6a-O86h8aWuZoe4aSEnE3q27GnYStwk1XXZXi8l&__tn__=R]-R,Wan Gunawan,Nitip om size M,1minggu,https://www.facebook.com/groups/604732133676530/posts/1948670725949324/?comment_id=1953751398774590&__cft__[0]=AZWU15jmM84d0V6dTbdIIgp7fbtHWyDspeocoRCKT9-Ed8SwHkpyUJg_KBPy7f6fspNHwnFEGE3Yu-KXe6KZBZEZ9FDljo4xdB2bO6LQIv9AlFRHf6a-O86h8aWuZoe4aSEnE3q27GnYStwk1XXZXi8l&__tn__=R]-R,
https://www.facebook.com/groups/604732133676530/user/100003630523076/?__cft__[0]=AZWU15jmM84d0V6dTbdIIgp7fbtHWyDspeocoRCKT9-Ed8SwHkpyUJg_KBPy7f6fspNHwnFEGE3Yu-KXe6KZBZEZ9FDljo4xdB2bO6LQIv9AlFRHf6a-O86h8aWuZoe4aSEnE3q27GnYStwk1XXZXi8l&__tn__=R]-R,D'jaguard WhiTe,Warna Coklat tua model gt size s ada om?,1minggu,https://www.facebook.com/groups/604732133676530/posts/1948670725949324/?comment_id=1952495558900174&__cft__[0]=AZWU15jmM84d0V6dTbdIIgp7fbtHWyDspeocoRCKT9-Ed8SwHkpyUJg_KBPy7f6fspNHwnFEGE3Yu-KXe6KZBZEZ9FDljo4xdB2bO6LQIv9AlFRHf6a-O86h8aWuZoe4aSEnE3q27GnYStwk1XXZXi8l&__tn__=R]-R,
https://www.facebook.com/groups/604732133676530/user/100010537800950/?__cft__[0]=AZWU15jmM84d0V6dTbdIIgp7fbtHWyDspeocoRCKT9-Ed8SwHkpyUJg_KBPy7f6fspNHwnFEGE3Yu-KXe6KZBZEZ9FDljo4xdB2bO6LQIv9AlFRHf6a-O86h8aWuZoe4aSEnE3q27GnYStwk1XXZXi8l&__tn__=R]-R,Adrian,Bisa cod gak,1minggu,https://www.facebook.com/groups/604732133676530/posts/1948670725949324/?comment_id=1950151985801198&__cft__[0]=AZWU15jmM84d0V6dTbdIIgp7fbtHWyDspeocoRCKT9-Ed8SwHkpyUJg_KBPy7f6fspNHwnFEGE3Yu-KXe6KZBZEZ9FDljo4xdB2bO6LQIv9AlFRHf6a-O86h8aWuZoe4aSEnE3q27GnYStwk1XXZXi8l&__tn__=R]-R,Lihat 1 balasan
https://www.facebook.com/groups/604732133676530/user/100030374506301/?__cft__[0]=AZWU15jmM84d0V6dTbdIIgp7fbtHWyDspeocoRCKT9-Ed8SwHkpyUJg_KBPy7f6fspNHwnFEGE3Yu-KXe6KZBZEZ9FDljo4xdB2bO6LQIv9AlFRHf6a-O86h8aWuZoe4aSEnE3q27GnYStwk1XXZXi8l&__tn__=R]-R,M Albar,300,1minggu,https://www.facebook.com/groups/604732133676530/posts/1948670725949324/?comment_id=1950145485801848&__cft__[0]=AZWU15jmM84d0V6dTbdIIgp7fbtHWyDspeocoRCKT9-Ed8SwHkpyUJg_KBPy7f6fspNHwnFEGE3Yu-KXe6KZBZEZ9FDljo4xdB2bO6LQIv9AlFRHf6a-O86h8aWuZoe4aSEnE3q27GnYStwk1XXZXi8l&__tn__=R]-R,Lihat 1 balasan
https://www.facebook.com/groups/604732133676530/user/100029525861719/?__cft__[0]=AZWU15jmM84d0V6dTbdIIgp7fbtHWyDspeocoRCKT9-Ed8SwHkpyUJg_KBPy7f6fspNHwnFEGE3Yu-KXe6KZBZEZ9FDljo4xdB2bO6LQIv9AlFRHf6a-O86h8aWuZoe4aSEnE3q27GnYStwk1XXZXi8l&__tn__=R]-R,Perjuangan Dan Doa,Hoyong kango berat badan 50kg,2 minggu,https://www.facebook.com/groups/604732133676530/posts/1948670725949324/?comment_id=1948879265928470&__cft__[0]=AZWU15jmM84d0V6dTbdIIgp7fbtHWyDspeocoRCKT9-Ed8SwHkpyUJg_KBPy7f6fspNHwnFEGE3Yu-KXe6KZBZEZ9FDljo4xdB2bO6LQIv9AlFRHf6a-O86h8aWuZoe4aSEnE3q27GnYStwk1XXZXi8l&__tn__=R]-R,
https://www.facebook.com/groups/604732133676530/user/61550705923327/?__cft__[0]=AZWU15jmM84d0V6dTbdIIgp7fbtHWyDspeocoRCKT9-Ed8SwHkpyUJg_KBPy7f6fspNHwnFEGE3Yu-KXe6KZBZEZ9FDljo4xdB2bO6LQIv9AlFRHf6a-O86h8aWuZoe4aSEnE3q27GnYStwk1XXZXi8l&__tn__=R]-R,Harun Arasyid,Izin 300,2 minggu,https://www.facebook.com/groups/604732133676530/posts/1948670725949324/?comment_id=1948862979263432&__cft__[0]=AZWU15jmM84d0V6dTbdIIgp7fbtHWyDspeocoRCKT9-Ed8SwHkpyUJg_KBPy7f6fspNHwnFEGE3Yu-KXe6KZBZEZ9FDljo4xdB2bO6LQIv9AlFRHf6a-O86h8aWuZoe4aSEnE3q27GnYStwk1XXZXi8l&__tn__=R]-R,Lihat 1 balasan
https://www.facebook.com/groups/604732133676530/user/61556613674381/?__cft__[0]=AZWU15jmM84d0V6dTbdIIgp7fbtHWyDspeocoRCKT9-Ed8SwHkpyUJg_KBPy7f6fspNHwnFEGE3Yu-KXe6KZBZEZ9FDljo4xdB2bO6LQIv9AlFRHf6a-O86h8aWuZoe4aSEnE3q27GnYStwk1XXZXi8l&__tn__=R]-R,Sunarno Sunarno,Bisa nego bos,2 minggu,https://www.facebook.com/groups/604732133676530/posts/1948670725949324/?comment_id=1948843895932007&__cft__[0]=AZWU15jmM84d0V6dTbdIIgp7fbtHWyDspeocoRCKT9-Ed8SwHkpyUJg_KBPy7f6fspNHwnFEGE3Yu-KXe6KZBZEZ9FDljo4xdB2bO6LQIv9AlFRHf6a-O86h8aWuZoe4aSEnE3q27GnYStwk1XXZXi8l&__tn__=R]-R,Lihat 1 balasan
https://www.facebook.com/groups/604732133676530/user/100093279115783/?__cft__[0]=AZWU15jmM84d0V6dTbdIIgp7fbtHWyDspeocoRCKT9-Ed8SwHkpyUJg_KBPy7f6fspNHwnFEGE3Yu-KXe6KZBZEZ9FDljo4xdB2bO6LQIv9AlFRHf6a-O86h8aWuZoe4aSEnE3q27GnYStwk1XXZXi8l&__tn__=R]-R,Agung Gumilar,Duhhh mun caket minat pisan,2 minggu,https://www.facebook.com/groups/604732133676530/posts/1948670725949324/?comment_id=1948803755936021&__cft__[0]=AZWU15jmM84d0V6dTbdIIgp7fbtHWyDspeocoRCKT9-Ed8SwHkpyUJg_KBPy7f6fspNHwnFEGE3Yu-KXe6KZBZEZ9FDljo4xdB2bO6LQIv9AlFRHf6a-O86h8aWuZoe4aSEnE3q27GnYStwk1XXZXi8l&__tn__=R]-R,Lihat 1 balasan
https://www.facebook.com/groups/604732133676530/user/100055379885332/?__cft__[0]=AZWU15jmM84d0V6dTbdIIgp7fbtHWyDspeocoRCKT9-Ed8SwHkpyUJg_KBPy7f6fspNHwnFEGE3Yu-KXe6KZBZEZ9FDljo4xdB2bO6LQIv9AlFRHf6a-O86h8aWuZoe4aSEnE3q27GnYStwk1XXZXi8l&__tn__=R]-R,Iyan Yanz,ass,2 minggu,https://www.facebook.com/groups/604732133676530/posts/1948670725949324/?comment_id=1948678542615209&__cft__[0]=AZWU15jmM84d0V6dTbdIIgp7fbtHWyDspeocoRCKT9-Ed8SwHkpyUJg_KBPy7f6fspNHwnFEGE3Yu-KXe6KZBZEZ9FDljo4xdB2bO6LQIv9AlFRHf6a-O86h8aWuZoe4aSEnE3q27GnYStwk1XXZXi8l&__tn__=R]-R,Lihat 1 balasan
https://www.facebook.com/groups/604732133676530/user/100011330491430/?__cft__[0]=AZWU15jmM84d0V6dTbdIIgp7fbtHWyDspeocoRCKT9-Ed8SwHkpyUJg_KBPy7f6fspNHwnFEGE3Yu-KXe6KZBZEZ9FDljo4xdB2bO6LQIv9AlFRHf6a-O86h8aWuZoe4aSEnE3q27GnYStwk1XXZXi8l&__tn__=R]-R,Dany Kurniawan,,2 minggu,https://www.facebook.com/groups/604732133676530/posts/1948670725949324/?comment_id=1948672359282494&__cft__[0]=AZWU15jmM84d0V6dTbdIIgp7fbtHWyDspeocoRCKT9-Ed8SwHkpyUJg_KBPy7f6fspNHwnFEGE3Yu-KXe6KZBZEZ9FDljo4xdB2bO6LQIv9AlFRHf6a-O86h8aWuZoe4aSEnE3q27GnYStwk1XXZXi8l&__tn__=R]-R,Ikuti
https://www.facebook.com/groups/604732133676530/user/100003953014541/?__cft__[0]=AZX-HfnkiyH8eOShJmXcsA_zISM6fY2F_khExKLNlWXZbO3YPclNT-XlFoZibhBsKH6LKgbP6SGfUXn1ZM1EophlEnS33GZySmgdTwcnZDoFbU-cJxF9gJPRfCk-a7bzrObIvyofpYnrwMYD-9Ff4xlJ&__tn__=R]-R,Yusuf Musafak,Tt jaket britain original siap nmbah,5 hari,https://www.facebook.com/groups/604732133676530/posts/1956217635194633/?comment_id=1956483735168023&__cft__[0]=AZX-HfnkiyH8eOShJmXcsA_zISM6fY2F_khExKLNlWXZbO3YPclNT-XlFoZibhBsKH6LKgbP6SGfUXn1ZM1EophlEnS33GZySmgdTwcnZDoFbU-cJxF9gJPRfCk-a7bzrObIvyofpYnrwMYD-9Ff4xlJ&__tn__=R]-R,Lihat 1 balasan
https://www.facebook.com/groups/604732133676530/user/61554867267972/?__cft__[0]=AZX-HfnkiyH8eOShJmXcsA_zISM6fY2F_khExKLNlWXZbO3YPclNT-XlFoZibhBsKH6LKgbP6SGfUXn1ZM1EophlEnS33GZySmgdTwcnZDoFbU-cJxF9gJPRfCk-a7bzrObIvyofpYnrwMYD-9Ff4xlJ&__tn__=R]-R,Bogalakon Boga,Nitip A,5 hari,https://www.facebook.com/groups/604732133676530/posts/1956217635194633/?comment_id=1956354425180954&__cft__[0]=AZX-HfnkiyH8eOShJmXcsA_zISM6fY2F_khExKLNlWXZbO3YPclNT-XlFoZibhBsKH6LKgbP6SGfUXn1ZM1EophlEnS33GZySmgdTwcnZDoFbU-cJxF9gJPRfCk-a7bzrObIvyofpYnrwMYD-9Ff4xlJ&__tn__=R]-R,
https://www.facebook.com/groups/604732133676530/user/100009698523741/?__cft__[0]=AZX-HfnkiyH8eOShJmXcsA_zISM6fY2F_khExKLNlWXZbO3YPclNT-XlFoZibhBsKH6LKgbP6SGfUXn1ZM1EophlEnS33GZySmgdTwcnZDoFbU-cJxF9gJPRfCk-a7bzrObIvyofpYnrwMYD-9Ff4xlJ&__tn__=R]-R,Muhamad Jaelani,Lok mana,5 hari,https://www.facebook.com/groups/604732133676530/posts/1956217635194633/?comment_id=1956321858517544&__cft__[0]=AZX-HfnkiyH8eOShJmXcsA_zISM6fY2F_khExKLNlWXZbO3YPclNT-XlFoZibhBsKH6LKgbP6SGfUXn1ZM1EophlEnS33GZySmgdTwcnZDoFbU-cJxF9gJPRfCk-a7bzrObIvyofpYnrwMYD-9Ff4xlJ&__tn__=R]-R,Lihat semua 8 balasan
https://www.facebook.com/groups/604732133676530/user/61558921107667/?__cft__[0]=AZX-HfnkiyH8eOShJmXcsA_zISM6fY2F_khExKLNlWXZbO3YPclNT-XlFoZibhBsKH6LKgbP6SGfUXn1ZM1EophlEnS33GZySmgdTwcnZDoFbU-cJxF9gJPRfCk-a7bzrObIvyofpYnrwMYD-9Ff4xlJ&__tn__=R]-R,Wawan Wawan,Lumayan gres mah tapi enak d pake na,6 hari,https://www.facebook.com/groups/604732133676530/posts/1956217635194633/?comment_id=1956241891858874&__cft__[0]=AZX-HfnkiyH8eOShJmXcsA_zISM6fY2F_khExKLNlWXZbO3YPclNT-XlFoZibhBsKH6LKgbP6SGfUXn1ZM1EophlEnS33GZySmgdTwcnZDoFbU-cJxF9gJPRfCk-a7bzrObIvyofpYnrwMYD-9Ff4xlJ&__tn__=R]-R,
https://www.facebook.com/groups/604732133676530/user/61558921107667/?__cft__[0]=AZX-HfnkiyH8eOShJmXcsA_zISM6fY2F_khExKLNlWXZbO3YPclNT-XlFoZibhBsKH6LKgbP6SGfUXn1ZM1EophlEnS33GZySmgdTwcnZDoFbU-cJxF9gJPRfCk-a7bzrObIvyofpYnrwMYD-9Ff4xlJ&__tn__=R]-R,Wawan Wawan,Sabarha bos model kitu,6 hari,https://www.facebook.com/groups/604732133676530/posts/1956217635194633/?comment_id=1956241308525599&__cft__[0]=AZX-HfnkiyH8eOShJmXcsA_zISM6fY2F_khExKLNlWXZbO3YPclNT-XlFoZibhBsKH6LKgbP6SGfUXn1ZM1EophlEnS33GZySmgdTwcnZDoFbU-cJxF9gJPRfCk-a7bzrObIvyofpYnrwMYD-9Ff4xlJ&__tn__=R]-R,Lihat 1 balasan
https://www.facebook.com/groups/604732133676530/user/100086558479851/?__cft__[0]=AZX-HfnkiyH8eOShJmXcsA_zISM6fY2F_khExKLNlWXZbO3YPclNT-XlFoZibhBsKH6LKgbP6SGfUXn1ZM1EophlEnS33GZySmgdTwcnZDoFbU-cJxF9gJPRfCk-a7bzrObIvyofpYnrwMYD-9Ff4xlJ&__tn__=R]-R,Iyep Gebrayy,Ukuran apah,6 hari,https://www.facebook.com/groups/604732133676530/posts/1956217635194633/?comment_id=1956227221860341&__cft__[0]=AZX-HfnkiyH8eOShJmXcsA_zISM6fY2F_khExKLNlWXZbO3YPclNT-XlFoZibhBsKH6LKgbP6SGfUXn1ZM1EophlEnS33GZySmgdTwcnZDoFbU-cJxF9gJPRfCk-a7bzrObIvyofpYnrwMYD-9Ff4xlJ&__tn__=R]-R,Lihat semua 3 balasan
https://www.facebook.com/groups/604732133676530/user/100076937074665/?__cft__[0]=AZX-HfnkiyH8eOShJmXcsA_zISM6fY2F_khExKLNlWXZbO3YPclNT-XlFoZibhBsKH6LKgbP6SGfUXn1ZM1EophlEnS33GZySmgdTwcnZDoFbU-cJxF9gJPRfCk-a7bzrObIvyofpYnrwMYD-9Ff4xlJ&__tn__=R]-R,Muhammad Parid,Nitip a,6 hari,https://www.facebook.com/groups/604732133676530/posts/1956217635194633/?comment_id=1956221368527593&__cft__[0]=AZX-HfnkiyH8eOShJmXcsA_zISM6fY2F_khExKLNlWXZbO3YPclNT-XlFoZibhBsKH6LKgbP6SGfUXn1ZM1EophlEnS33GZySmgdTwcnZDoFbU-cJxF9gJPRfCk-a7bzrObIvyofpYnrwMYD-9Ff4xlJ&__tn__=R]-R,
https://www.facebook.com/groups/604732133676530/user/100006147815755/?__cft__[0]=AZX-HfnkiyH8eOShJmXcsA_zISM6fY2F_khExKLNlWXZbO3YPclNT-XlFoZibhBsKH6LKgbP6SGfUXn1ZM1EophlEnS33GZySmgdTwcnZDoFbU-cJxF9gJPRfCk-a7bzrObIvyofpYnrwMYD-9Ff4xlJ&__tn__=R]-R,Husein,Cek harga,6 hari,https://www.facebook.com/groups/604732133676530/posts/1956217635194633/?comment_id=1956218515194545&__cft__[0]=AZX-HfnkiyH8eOShJmXcsA_zISM6fY2F_khExKLNlWXZbO3YPclNT-XlFoZibhBsKH6LKgbP6SGfUXn1ZM1EophlEnS33GZySmgdTwcnZDoFbU-cJxF9gJPRfCk-a7bzrObIvyofpYnrwMYD-9Ff4xlJ&__tn__=R]-R,Lihat semua 5 balasan
https://www.facebook.com/groups/604732133676530/user/100005078386631/?__cft__[0]=AZWOFZ-vUfL63LHb4yxvoWsZHQni02eetwt9ZTtG_G5sGKsfMOWclScEZNfw6OeBXuOAufhBlyZq6Iqu7SZ9Kh31hZCN2PgWy71qMRzau-Jp9FE6Yk6ZVx5jZsMCf5f7js20EquiVWxO1mVhwie1epC-omPuOP1UcLhU9jMx7sCf3Q&__tn__=R]-R,Apey Bastar,Kulit asli bukan bang,4 minggu,https://www.facebook.com/groups/604732133676530/posts/1934440660705664/?comment_id=1935835183899545&__cft__[0]=AZWOFZ-vUfL63LHb4yxvoWsZHQni02eetwt9ZTtG_G5sGKsfMOWclScEZNfw6OeBXuOAufhBlyZq6Iqu7SZ9Kh31hZCN2PgWy71qMRzau-Jp9FE6Yk6ZVx5jZsMCf5f7js20EquiVWxO1mVhwie1epC-omPuOP1UcLhU9jMx7sCf3Q&__tn__=R]-R,Lihat 1 balasan
https://www.facebook.com/groups/604732133676530/user/61558032682081/?__cft__[0]=AZWOFZ-vUfL63LHb4yxvoWsZHQni02eetwt9ZTtG_G5sGKsfMOWclScEZNfw6OeBXuOAufhBlyZq6Iqu7SZ9Kh31hZCN2PgWy71qMRzau-Jp9FE6Yk6ZVx5jZsMCf5f7js20EquiVWxO1mVhwie1epC-omPuOP1UcLhU9jMx7sCf3Q&__tn__=R]-R,At Di,Size apa boz itu,4 minggu,https://www.facebook.com/groups/604732133676530/posts/1934440660705664/?comment_id=1934538930695837&__cft__[0]=AZWOFZ-vUfL63LHb4yxvoWsZHQni02eetwt9ZTtG_G5sGKsfMOWclScEZNfw6OeBXuOAufhBlyZq6Iqu7SZ9Kh31hZCN2PgWy71qMRzau-Jp9FE6Yk6ZVx5jZsMCf5f7js20EquiVWxO1mVhwie1epC-omPuOP1UcLhU9jMx7sCf3Q&__tn__=R]-R,Lihat semua 3 balasan
https://www.facebook.com/groups/604732133676530/user/100006621037054/?__cft__[0]=AZWOFZ-vUfL63LHb4yxvoWsZHQni02eetwt9ZTtG_G5sGKsfMOWclScEZNfw6OeBXuOAufhBlyZq6Iqu7SZ9Kh31hZCN2PgWy71qMRzau-Jp9FE6Yk6ZVx5jZsMCf5f7js20EquiVWxO1mVhwie1epC-omPuOP1UcLhU9jMx7sCf3Q&__tn__=R]-R,Abeng Rental,Saya BB 81/82,4 minggu,https://www.facebook.com/groups/604732133676530/posts/1934440660705664/?comment_id=1934469920702738&__cft__[0]=AZWOFZ-vUfL63LHb4yxvoWsZHQni02eetwt9ZTtG_G5sGKsfMOWclScEZNfw6OeBXuOAufhBlyZq6Iqu7SZ9Kh31hZCN2PgWy71qMRzau-Jp9FE6Yk6ZVx5jZsMCf5f7js20EquiVWxO1mVhwie1epC-omPuOP1UcLhU9jMx7sCf3Q&__tn__=R]-R,Lihat 1 balasan
https://www.facebook.com/groups/604732133676530/user/100038579571942/?__cft__[0]=AZWOFZ-vUfL63LHb4yxvoWsZHQni02eetwt9ZTtG_G5sGKsfMOWclScEZNfw6OeBXuOAufhBlyZq6Iqu7SZ9Kh31hZCN2PgWy71qMRzau-Jp9FE6Yk6ZVx5jZsMCf5f7js20EquiVWxO1mVhwie1epC-omPuOP1UcLhU9jMx7sCf3Q&__tn__=R]-R,Daday Mulyadi,assalamualaikum bisa bayar di rmh bos,4 minggu,https://www.facebook.com/groups/604732133676530/posts/1934440660705664/?comment_id=1934467760702954&__cft__[0]=AZWOFZ-vUfL63LHb4yxvoWsZHQni02eetwt9ZTtG_G5sGKsfMOWclScEZNfw6OeBXuOAufhBlyZq6Iqu7SZ9Kh31hZCN2PgWy71qMRzau-Jp9FE6Yk6ZVx5jZsMCf5f7js20EquiVWxO1mVhwie1epC-omPuOP1UcLhU9jMx7sCf3Q&__tn__=R]-R,Lihat semua 2 balasan
https://www.facebook.com/groups/604732133676530/user/100043984727270/?__cft__[0]=AZWOFZ-vUfL63LHb4yxvoWsZHQni02eetwt9ZTtG_G5sGKsfMOWclScEZNfw6OeBXuOAufhBlyZq6Iqu7SZ9Kh31hZCN2PgWy71qMRzau-Jp9FE6Yk6ZVx5jZsMCf5f7js20EquiVWxO1mVhwie1epC-omPuOP1UcLhU9jMx7sCf3Q&__tn__=R]-R,Abha Abha,Duh mani hoyong kang,4 minggu,https://www.facebook.com/groups/604732133676530/posts/1934440660705664/?comment_id=1934457017370695&__cft__[0]=AZWOFZ-vUfL63LHb4yxvoWsZHQni02eetwt9ZTtG_G5sGKsfMOWclScEZNfw6OeBXuOAufhBlyZq6Iqu7SZ9Kh31hZCN2PgWy71qMRzau-Jp9FE6Yk6ZVx5jZsMCf5f7js20EquiVWxO1mVhwie1epC-omPuOP1UcLhU9jMx7sCf3Q&__tn__=R]-R,Lihat 1 balasan
https://www.facebook.com/groups/604732133676530/user/100050952321739/?__cft__[0]=AZWOFZ-vUfL63LHb4yxvoWsZHQni02eetwt9ZTtG_G5sGKsfMOWclScEZNfw6OeBXuOAufhBlyZq6Iqu7SZ9Kh31hZCN2PgWy71qMRzau-Jp9FE6Yk6ZVx5jZsMCf5f7js20EquiVWxO1mVhwie1epC-omPuOP1UcLhU9jMx7sCf3Q&__tn__=R]-R,Irin Dasirin,Buat bb 80 ada kang?,4 minggu,https://www.facebook.com/groups/604732133676530/posts/1934440660705664/?comment_id=1934450814037982&__cft__[0]=AZWOFZ-vUfL63LHb4yxvoWsZHQni02eetwt9ZTtG_G5sGKsfMOWclScEZNfw6OeBXuOAufhBlyZq6Iqu7SZ9Kh31hZCN2PgWy71qMRzau-Jp9FE6Yk6ZVx5jZsMCf5f7js20EquiVWxO1mVhwie1epC-omPuOP1UcLhU9jMx7sCf3Q&__tn__=R]-R,Lihat semua 10 balasan
https://www.facebook.com/groups/604732133676530/user/61575945381336/?__cft__[0]=AZXdpp46ryNsUQgs_ePIk5GNWaeOa92s6VnA94I1IZ3ZdT1hgOk2U00vDy_dJbOYRQROIXBfQdlI_bwarIk9WzRLxh0na7Rrrm_dOeXMmhksOtZoRBP6g33D4p07d014UcdyP_z6vGcZpXKSDY7kQfv2PUKg1fTTFztMnDKKKXkgJQ&__tn__=R]-R,Tagor Batagor,Mantap brpa bang,3 minggu,https://www.facebook.com/groups/604732133676530/posts/1909503363199394/?comment_id=1938675876948809&__cft__[0]=AZXdpp46ryNsUQgs_ePIk5GNWaeOa92s6VnA94I1IZ3ZdT1hgOk2U00vDy_dJbOYRQROIXBfQdlI_bwarIk9WzRLxh0na7Rrrm_dOeXMmhksOtZoRBP6g33D4p07d014UcdyP_z6vGcZpXKSDY7kQfv2PUKg1fTTFztMnDKKKXkgJQ&__tn__=R]-R,Lihat 1 balasan
https://www.facebook.com/groups/604732133676530/user/100069934687626/?__cft__[0]=AZXdpp46ryNsUQgs_ePIk5GNWaeOa92s6VnA94I1IZ3ZdT1hgOk2U00vDy_dJbOYRQROIXBfQdlI_bwarIk9WzRLxh0na7Rrrm_dOeXMmhksOtZoRBP6g33D4p07d014UcdyP_z6vGcZpXKSDY7kQfv2PUKg1fTTFztMnDKKKXkgJQ&__tn__=R]-R,Abdul Rahman Sahrul Sarah,Bisa tukar tambah,3 minggu,https://www.facebook.com/groups/604732133676530/posts/1909503363199394/?comment_id=1938540496962347&__cft__[0]=AZXdpp46ryNsUQgs_ePIk5GNWaeOa92s6VnA94I1IZ3ZdT1hgOk2U00vDy_dJbOYRQROIXBfQdlI_bwarIk9WzRLxh0na7Rrrm_dOeXMmhksOtZoRBP6g33D4p07d014UcdyP_z6vGcZpXKSDY7kQfv2PUKg1fTTFztMnDKKKXkgJQ&__tn__=R]-R,Lihat semua 2 balasan
https://www.facebook.com/groups/604732133676530/user/61575601942312/?__cft__[0]=AZXdpp46ryNsUQgs_ePIk5GNWaeOa92s6VnA94I1IZ3ZdT1hgOk2U00vDy_dJbOYRQROIXBfQdlI_bwarIk9WzRLxh0na7Rrrm_dOeXMmhksOtZoRBP6g33D4p07d014UcdyP_z6vGcZpXKSDY7kQfv2PUKg1fTTFztMnDKKKXkgJQ&__tn__=R]-R,Ayep Aken,Nitip bos kulit sapi,7 minggu,https://www.facebook.com/groups/604732133676530/posts/1909503363199394/?comment_id=1917201522429578&__cft__[0]=AZXdpp46ryNsUQgs_ePIk5GNWaeOa92s6VnA94I1IZ3ZdT1hgOk2U00vDy_dJbOYRQROIXBfQdlI_bwarIk9WzRLxh0na7Rrrm_dOeXMmhksOtZoRBP6g33D4p07d014UcdyP_z6vGcZpXKSDY7kQfv2PUKg1fTTFztMnDKKKXkgJQ&__tn__=R]-R,
https://www.facebook.com/groups/604732133676530/user/61552189677847/?__cft__[0]=AZXdpp46ryNsUQgs_ePIk5GNWaeOa92s6VnA94I1IZ3ZdT1hgOk2U00vDy_dJbOYRQROIXBfQdlI_bwarIk9WzRLxh0na7Rrrm_dOeXMmhksOtZoRBP6g33D4p07d014UcdyP_z6vGcZpXKSDY7kQfv2PUKg1fTTFztMnDKKKXkgJQ&__tn__=R]-R,Zen War,Lokasi,8 minggu,https://www.facebook.com/groups/604732133676530/posts/1909503363199394/?comment_id=1911889026294161&__cft__[0]=AZXdpp46ryNsUQgs_ePIk5GNWaeOa92s6VnA94I1IZ3ZdT1hgOk2U00vDy_dJbOYRQROIXBfQdlI_bwarIk9WzRLxh0na7Rrrm_dOeXMmhksOtZoRBP6g33D4p07d014UcdyP_z6vGcZpXKSDY7kQfv2PUKg1fTTFztMnDKKKXkgJQ&__tn__=R]-R,Lihat 1 balasan
https://www.facebook.com/groups/604732133676530/user/100013115562541/?__cft__[0]=AZXdpp46ryNsUQgs_ePIk5GNWaeOa92s6VnA94I1IZ3ZdT1hgOk2U00vDy_dJbOYRQROIXBfQdlI_bwarIk9WzRLxh0na7Rrrm_dOeXMmhksOtZoRBP6g33D4p07d014UcdyP_z6vGcZpXKSDY7kQfv2PUKg1fTTFztMnDKKKXkgJQ&__tn__=R]-R,Muhamad Nursidi,BB 70 UK brapa kang..?,8 minggu,https://www.facebook.com/groups/604732133676530/posts/1909503363199394/?comment_id=1911747822974948&__cft__[0]=AZXdpp46ryNsUQgs_ePIk5GNWaeOa92s6VnA94I1IZ3ZdT1hgOk2U00vDy_dJbOYRQROIXBfQdlI_bwarIk9WzRLxh0na7Rrrm_dOeXMmhksOtZoRBP6g33D4p07d014UcdyP_z6vGcZpXKSDY7kQfv2PUKg1fTTFztMnDKKKXkgJQ&__tn__=R]-R,Lihat 1 balasan
https://www.facebook.com/groups/604732133676530/user/100030743570487/?__cft__[0]=AZXdpp46ryNsUQgs_ePIk5GNWaeOa92s6VnA94I1IZ3ZdT1hgOk2U00vDy_dJbOYRQROIXBfQdlI_bwarIk9WzRLxh0na7Rrrm_dOeXMmhksOtZoRBP6g33D4p07d014UcdyP_z6vGcZpXKSDY7kQfv2PUKg1fTTFztMnDKKKXkgJQ&__tn__=R]-R,Asum Tomyi,Size XL Aya a??,8 minggu,https://www.facebook.com/groups/604732133676530/posts/1909503363199394/?comment_id=1911527676330296&__cft__[0]=AZXdpp46ryNsUQgs_ePIk5GNWaeOa92s6VnA94I1IZ3ZdT1hgOk2U00vDy_dJbOYRQROIXBfQdlI_bwarIk9WzRLxh0na7Rrrm_dOeXMmhksOtZoRBP6g33D4p07d014UcdyP_z6vGcZpXKSDY7kQfv2PUKg1fTTFztMnDKKKXkgJQ&__tn__=R]-R,Lihat semua 2 balasan
https://www.facebook.com/groups/604732133676530/user/100009537544502/?__cft__[0]=AZXdpp46ryNsUQgs_ePIk5GNWaeOa92s6VnA94I1IZ3ZdT1hgOk2U00vDy_dJbOYRQROIXBfQdlI_bwarIk9WzRLxh0na7Rrrm_dOeXMmhksOtZoRBP6g33D4p07d014UcdyP_z6vGcZpXKSDY7kQfv2PUKg1fTTFztMnDKKKXkgJQ&__tn__=R]-R,Hilman Kucir,Mntp,8 minggu,https://www.facebook.com/groups/604732133676530/posts/1909503363199394/?comment_id=1911499746333089&__cft__[0]=AZXdpp46ryNsUQgs_ePIk5GNWaeOa92s6VnA94I1IZ3ZdT1hgOk2U00vDy_dJbOYRQROIXBfQdlI_bwarIk9WzRLxh0na7Rrrm_dOeXMmhksOtZoRBP6g33D4p07d014UcdyP_z6vGcZpXKSDY7kQfv2PUKg1fTTFztMnDKKKXkgJQ&__tn__=R]-R,
https://www.facebook.com/groups/604732133676530/user/61564994031584/?__cft__[0]=AZXdpp46ryNsUQgs_ePIk5GNWaeOa92s6VnA94I1IZ3ZdT1hgOk2U00vDy_dJbOYRQROIXBfQdlI_bwarIk9WzRLxh0na7Rrrm_dOeXMmhksOtZoRBP6g33D4p07d014UcdyP_z6vGcZpXKSDY7kQfv2PUKg1fTTFztMnDKKKXkgJQ&__tn__=R]-R,Muhammad Caling,boleh tuh ka ada yg ukuran m ga ka ...,8 minggu,https://www.facebook.com/groups/604732133676530/posts/1909503363199394/?comment_id=1910700189746378&__cft__[0]=AZXdpp46ryNsUQgs_ePIk5GNWaeOa92s6VnA94I1IZ3ZdT1hgOk2U00vDy_dJbOYRQROIXBfQdlI_bwarIk9WzRLxh0na7Rrrm_dOeXMmhksOtZoRBP6g33D4p07d014UcdyP_z6vGcZpXKSDY7kQfv2PUKg1fTTFztMnDKKKXkgJQ&__tn__=R]-R,Lihat 1 balasan
https://www.facebook.com/groups/604732133676530/user/100093642578505/?__cft__[0]=AZXdpp46ryNsUQgs_ePIk5GNWaeOa92s6VnA94I1IZ3ZdT1hgOk2U00vDy_dJbOYRQROIXBfQdlI_bwarIk9WzRLxh0na7Rrrm_dOeXMmhksOtZoRBP6g33D4p07d014UcdyP_z6vGcZpXKSDY7kQfv2PUKg1fTTFztMnDKKKXkgJQ&__tn__=R]-R,Muhammad Khaerudin,Kalau beli bahannya kulitnya aja bisa bosque?,8 minggu,https://www.facebook.com/groups/604732133676530/posts/1909503363199394/?comment_id=1910287423120988&__cft__[0]=AZXdpp46ryNsUQgs_ePIk5GNWaeOa92s6VnA94I1IZ3ZdT1hgOk2U00vDy_dJbOYRQROIXBfQdlI_bwarIk9WzRLxh0na7Rrrm_dOeXMmhksOtZoRBP6g33D4p07d014UcdyP_z6vGcZpXKSDY7kQfv2PUKg1fTTFztMnDKKKXkgJQ&__tn__=R]-R,
https://www.facebook.com/groups/604732133676530/user/100079629909501/?__cft__[0]=AZXdpp46ryNsUQgs_ePIk5GNWaeOa92s6VnA94I1IZ3ZdT1hgOk2U00vDy_dJbOYRQROIXBfQdlI_bwarIk9WzRLxh0na7Rrrm_dOeXMmhksOtZoRBP6g33D4p07d014UcdyP_z6vGcZpXKSDY7kQfv2PUKg1fTTFztMnDKKKXkgJQ&__tn__=R]-R,Lang Lang Laut,Mantap  tpi klo COD sesuai d potokan,8 minggu,https://www.facebook.com/groups/604732133676530/posts/1909503363199394/?comment_id=1910002433149487&__cft__[0]=AZXdpp46ryNsUQgs_ePIk5GNWaeOa92s6VnA94I1IZ3ZdT1hgOk2U00vDy_dJbOYRQROIXBfQdlI_bwarIk9WzRLxh0na7Rrrm_dOeXMmhksOtZoRBP6g33D4p07d014UcdyP_z6vGcZpXKSDY7kQfv2PUKg1fTTFztMnDKKKXkgJQ&__tn__=R]-R,Lihat 1 balasan
https://www.facebook.com/groups/604732133676530/user/100000772579120/?__cft__[0]=AZXdpp46ryNsUQgs_ePIk5GNWaeOa92s6VnA94I1IZ3ZdT1hgOk2U00vDy_dJbOYRQROIXBfQdlI_bwarIk9WzRLxh0na7Rrrm_dOeXMmhksOtZoRBP6g33D4p07d014UcdyP_z6vGcZpXKSDY7kQfv2PUKg1fTTFztMnDKKKXkgJQ&__tn__=R]-R,Arief KoerniaOne,Ketebalan kulitna anu sbhra ieu kang??,8 minggu,https://www.facebook.com/groups/604732133676530/posts/1909503363199394/?comment_id=1909880269828370&__cft__[0]=AZXdpp46ryNsUQgs_ePIk5GNWaeOa92s6VnA94I1IZ3ZdT1hgOk2U00vDy_dJbOYRQROIXBfQdlI_bwarIk9WzRLxh0na7Rrrm_dOeXMmhksOtZoRBP6g33D4p07d014UcdyP_z6vGcZpXKSDY7kQfv2PUKg1fTTFztMnDKKKXkgJQ&__tn__=R]-R,Lihat semua 7 balasan
https://www.facebook.com/groups/604732133676530/user/100066106358493/?__cft__[0]=AZXdpp46ryNsUQgs_ePIk5GNWaeOa92s6VnA94I1IZ3ZdT1hgOk2U00vDy_dJbOYRQROIXBfQdlI_bwarIk9WzRLxh0na7Rrrm_dOeXMmhksOtZoRBP6g33D4p07d014UcdyP_z6vGcZpXKSDY7kQfv2PUKg1fTTFztMnDKKKXkgJQ&__tn__=R]-R,Bambang Harmanto Harmanto,Kirim ke sumatra maa,8 minggu,https://www.facebook.com/groups/604732133676530/posts/1909503363199394/?comment_id=1909828376500226&__cft__[0]=AZXdpp46ryNsUQgs_ePIk5GNWaeOa92s6VnA94I1IZ3ZdT1hgOk2U00vDy_dJbOYRQROIXBfQdlI_bwarIk9WzRLxh0na7Rrrm_dOeXMmhksOtZoRBP6g33D4p07d014UcdyP_z6vGcZpXKSDY7kQfv2PUKg1fTTFztMnDKKKXkgJQ&__tn__=R]-R,Lihat 1 balasan
https://www.facebook.com/groups/604732133676530/user/100016552179716/?__cft__[0]=AZXdpp46ryNsUQgs_ePIk5GNWaeOa92s6VnA94I1IZ3ZdT1hgOk2U00vDy_dJbOYRQROIXBfQdlI_bwarIk9WzRLxh0na7Rrrm_dOeXMmhksOtZoRBP6g33D4p07d014UcdyP_z6vGcZpXKSDY7kQfv2PUKg1fTTFztMnDKKKXkgJQ&__tn__=R]-R,Jabar Layang Jabar,500,8 minggu,https://www.facebook.com/groups/604732133676530/posts/1909503363199394/?comment_id=1909785543171176&__cft__[0]=AZXdpp46ryNsUQgs_ePIk5GNWaeOa92s6VnA94I1IZ3ZdT1hgOk2U00vDy_dJbOYRQROIXBfQdlI_bwarIk9WzRLxh0na7Rrrm_dOeXMmhksOtZoRBP6g33D4p07d014UcdyP_z6vGcZpXKSDY7kQfv2PUKg1fTTFztMnDKKKXkgJQ&__tn__=R]-R,
https://www.facebook.com/groups/604732133676530/user/100083632088470/?__cft__[0]=AZXdpp46ryNsUQgs_ePIk5GNWaeOa92s6VnA94I1IZ3ZdT1hgOk2U00vDy_dJbOYRQROIXBfQdlI_bwarIk9WzRLxh0na7Rrrm_dOeXMmhksOtZoRBP6g33D4p07d014UcdyP_z6vGcZpXKSDY7kQfv2PUKg1fTTFztMnDKKKXkgJQ&__tn__=R]-R,Giva Rental,Nu d bawah600aya,8 minggu,https://www.facebook.com/groups/604732133676530/posts/1909503363199394/?comment_id=1909600366523027&__cft__[0]=AZXdpp46ryNsUQgs_ePIk5GNWaeOa92s6VnA94I1IZ3ZdT1hgOk2U00vDy_dJbOYRQROIXBfQdlI_bwarIk9WzRLxh0na7Rrrm_dOeXMmhksOtZoRBP6g33D4p07d014UcdyP_z6vGcZpXKSDY7kQfv2PUKg1fTTFztMnDKKKXkgJQ&__tn__=R]-R,Lihat semua 2 balasan
https://www.facebook.com/groups/604732133676530/user/100023032210209/?__cft__[0]=AZXdpp46ryNsUQgs_ePIk5GNWaeOa92s6VnA94I1IZ3ZdT1hgOk2U00vDy_dJbOYRQROIXBfQdlI_bwarIk9WzRLxh0na7Rrrm_dOeXMmhksOtZoRBP6g33D4p07d014UcdyP_z6vGcZpXKSDY7kQfv2PUKg1fTTFztMnDKKKXkgJQ&__tn__=R]-R,Poer Kendang,Ini bisa Cod,8 minggu,https://www.facebook.com/groups/604732133676530/posts/1909503363199394/?comment_id=1909509896532074&__cft__[0]=AZXdpp46ryNsUQgs_ePIk5GNWaeOa92s6VnA94I1IZ3ZdT1hgOk2U00vDy_dJbOYRQROIXBfQdlI_bwarIk9WzRLxh0na7Rrrm_dOeXMmhksOtZoRBP6g33D4p07d014UcdyP_z6vGcZpXKSDY7kQfv2PUKg1fTTFztMnDKKKXkgJQ&__tn__=R]-R,Lihat 1 balasan
https://www.facebook.com/groups/604732133676530/user/100023032210209/?__cft__[0]=AZXdpp46ryNsUQgs_ePIk5GNWaeOa92s6VnA94I1IZ3ZdT1hgOk2U00vDy_dJbOYRQROIXBfQdlI_bwarIk9WzRLxh0na7Rrrm_dOeXMmhksOtZoRBP6g33D4p07d014UcdyP_z6vGcZpXKSDY7kQfv2PUKg1fTTFztMnDKKKXkgJQ&__tn__=R]-R,Poer Kendang,Ukuran L.berapa,8 minggu,https://www.facebook.com/groups/604732133676530/posts/1909503363199394/?comment_id=1909508899865507&__cft__[0]=AZXdpp46ryNsUQgs_ePIk5GNWaeOa92s6VnA94I1IZ3ZdT1hgOk2U00vDy_dJbOYRQROIXBfQdlI_bwarIk9WzRLxh0na7Rrrm_dOeXMmhksOtZoRBP6g33D4p07d014UcdyP_z6vGcZpXKSDY7kQfv2PUKg1fTTFztMnDKKKXkgJQ&__tn__=R]-R,Lihat semua 3 balasan
https://www.facebook.com/groups/190622804096809/user/61552199721705/?__cft__[0]=AZXnq2eGiwn9oWb6ehIIBEhRwJVe7J3xOFb4X9xp-nsm9vVjK58b78fZ9Wg1rCa4E4lQmjB2OyhkWfDEH3arajYzcRUHGYT0mRtUzGK2o5FN9lNqnD0wc1JcVnRDlu2ewzd67yJ_OQeQSZ0IgEi0ZE3X4bASK9mWVJTfQBW1iNQw8w&__tn__=R]-R,Abdul Muhyi Abdul Muhyi,Yg ini ukuran L berapa?,10 minggu,https://www.facebook.com/groups/190622804096809/posts/574903055668780/?comment_id=574921555666930&__cft__[0]=AZXnq2eGiwn9oWb6ehIIBEhRwJVe7J3xOFb4X9xp-nsm9vVjK58b78fZ9Wg1rCa4E4lQmjB2OyhkWfDEH3arajYzcRUHGYT0mRtUzGK2o5FN9lNqnD0wc1JcVnRDlu2ewzd67yJ_OQeQSZ0IgEi0ZE3X4bASK9mWVJTfQBW1iNQw8w&__tn__=R]-R,Lihat 1 balasan
https://www.facebook.com/groups/190622804096809/user/61565577674966/?__cft__[0]=AZXnq2eGiwn9oWb6ehIIBEhRwJVe7J3xOFb4X9xp-nsm9vVjK58b78fZ9Wg1rCa4E4lQmjB2OyhkWfDEH3arajYzcRUHGYT0mRtUzGK2o5FN9lNqnD0wc1JcVnRDlu2ewzd67yJ_OQeQSZ0IgEi0ZE3X4bASK9mWVJTfQBW1iNQw8w&__tn__=R]-R,Deni Saluyu,Yg ini msh ada Kang ?,10 minggu,https://www.facebook.com/groups/190622804096809/posts/574903055668780/?comment_id=575015882324164&__cft__[0]=AZXnq2eGiwn9oWb6ehIIBEhRwJVe7J3xOFb4X9xp-nsm9vVjK58b78fZ9Wg1rCa4E4lQmjB2OyhkWfDEH3arajYzcRUHGYT0mRtUzGK2o5FN9lNqnD0wc1JcVnRDlu2ewzd67yJ_OQeQSZ0IgEi0ZE3X4bASK9mWVJTfQBW1iNQw8w&__tn__=R]-R,Lihat 1 balasan
https://www.facebook.com/groups/190622804096809/user/61565577674966/?__cft__[0]=AZXnq2eGiwn9oWb6ehIIBEhRwJVe7J3xOFb4X9xp-nsm9vVjK58b78fZ9Wg1rCa4E4lQmjB2OyhkWfDEH3arajYzcRUHGYT0mRtUzGK2o5FN9lNqnD0wc1JcVnRDlu2ewzd67yJ_OQeQSZ0IgEi0ZE3X4bASK9mWVJTfQBW1iNQw8w&__tn__=R]-R,Deni Saluyu,Harga dan ukuran BRP ?,10 minggu,https://www.facebook.com/groups/190622804096809/posts/574903055668780/?comment_id=575016098990809&__cft__[0]=AZXnq2eGiwn9oWb6ehIIBEhRwJVe7J3xOFb4X9xp-nsm9vVjK58b78fZ9Wg1rCa4E4lQmjB2OyhkWfDEH3arajYzcRUHGYT0mRtUzGK2o5FN9lNqnD0wc1JcVnRDlu2ewzd67yJ_OQeQSZ0IgEi0ZE3X4bASK9mWVJTfQBW1iNQw8w&__tn__=R]-R,Lihat 1 balasan
https://www.facebook.com/groups/190622804096809/user/61565577674966/?__cft__[0]=AZXnq2eGiwn9oWb6ehIIBEhRwJVe7J3xOFb4X9xp-nsm9vVjK58b78fZ9Wg1rCa4E4lQmjB2OyhkWfDEH3arajYzcRUHGYT0mRtUzGK2o5FN9lNqnD0wc1JcVnRDlu2ewzd67yJ_OQeQSZ0IgEi0ZE3X4bASK9mWVJTfQBW1iNQw8w&__tn__=R]-R,Deni Saluyu,"Yg coklat kang, punten BRP n lokasinya n kang ?",10 minggu,https://www.facebook.com/groups/190622804096809/posts/574903055668780/?comment_id=575595982266154&__cft__[0]=AZXnq2eGiwn9oWb6ehIIBEhRwJVe7J3xOFb4X9xp-nsm9vVjK58b78fZ9Wg1rCa4E4lQmjB2OyhkWfDEH3arajYzcRUHGYT0mRtUzGK2o5FN9lNqnD0wc1JcVnRDlu2ewzd67yJ_OQeQSZ0IgEi0ZE3X4bASK9mWVJTfQBW1iNQw8w&__tn__=R]-R,Lihat 1 balasan
https://www.facebook.com/groups/190622804096809/user/100073772157449/?__cft__[0]=AZXnq2eGiwn9oWb6ehIIBEhRwJVe7J3xOFb4X9xp-nsm9vVjK58b78fZ9Wg1rCa4E4lQmjB2OyhkWfDEH3arajYzcRUHGYT0mRtUzGK2o5FN9lNqnD0wc1JcVnRDlu2ewzd67yJ_OQeQSZ0IgEi0ZE3X4bASK9mWVJTfQBW1iNQw8w&__tn__=R]-R,Elisa Elisa,ngeromak bisa kang,5 minggu,https://www.facebook.com/groups/190622804096809/posts/574903055668780/?comment_id=600741919751560&__cft__[0]=AZXnq2eGiwn9oWb6ehIIBEhRwJVe7J3xOFb4X9xp-nsm9vVjK58b78fZ9Wg1rCa4E4lQmjB2OyhkWfDEH3arajYzcRUHGYT0mRtUzGK2o5FN9lNqnD0wc1JcVnRDlu2ewzd67yJ_OQeQSZ0IgEi0ZE3X4bASK9mWVJTfQBW1iNQw8w&__tn__=R]-R,Lihat semua 9 balasan
https://www.facebook.com/groups/190622804096809/user/61558839877697/?__cft__[0]=AZXnq2eGiwn9oWb6ehIIBEhRwJVe7J3xOFb4X9xp-nsm9vVjK58b78fZ9Wg1rCa4E4lQmjB2OyhkWfDEH3arajYzcRUHGYT0mRtUzGK2o5FN9lNqnD0wc1JcVnRDlu2ewzd67yJ_OQeQSZ0IgEi0ZE3X4bASK9mWVJTfQBW1iNQw8w&__tn__=R]-R,Erick Erdyan Gbjcjr,Ukuran naon jaket ieu kng,5 minggu,https://www.facebook.com/groups/190622804096809/posts/574903055668780/?comment_id=601433643015721&__cft__[0]=AZXnq2eGiwn9oWb6ehIIBEhRwJVe7J3xOFb4X9xp-nsm9vVjK58b78fZ9Wg1rCa4E4lQmjB2OyhkWfDEH3arajYzcRUHGYT0mRtUzGK2o5FN9lNqnD0wc1JcVnRDlu2ewzd67yJ_OQeQSZ0IgEi0ZE3X4bASK9mWVJTfQBW1iNQw8w&__tn__=R]-R,Lihat 1 balasan
https://www.facebook.com/groups/190622804096809/user/100035106702633/?__cft__[0]=AZXnq2eGiwn9oWb6ehIIBEhRwJVe7J3xOFb4X9xp-nsm9vVjK58b78fZ9Wg1rCa4E4lQmjB2OyhkWfDEH3arajYzcRUHGYT0mRtUzGK2o5FN9lNqnD0wc1JcVnRDlu2ewzd67yJ_OQeQSZ0IgEi0ZE3X4bASK9mWVJTfQBW1iNQw8w&__tn__=R]-R,Edi Mulyana,Jakul sulam model hody kupluk cek harga,5 minggu,https://www.facebook.com/groups/190622804096809/posts/574903055668780/?comment_id=603530906139328&__cft__[0]=AZXnq2eGiwn9oWb6ehIIBEhRwJVe7J3xOFb4X9xp-nsm9vVjK58b78fZ9Wg1rCa4E4lQmjB2OyhkWfDEH3arajYzcRUHGYT0mRtUzGK2o5FN9lNqnD0wc1JcVnRDlu2ewzd67yJ_OQeQSZ0IgEi0ZE3X4bASK9mWVJTfQBW1iNQw8w&__tn__=R]-R,Lihat 1 balasan
