css-175oi2r_href,css-9pa8cd_src,css-175oi2r_href_2,css-1jxf684,css-1jxf684_2,css-1jxf684_3,css-175oi2r_href_5,css-175oi2r_href_6,css-1jxf684_4,css-1jxf684_5,css-1jxf684_6,css-1jxf684_8,css-146c3p1_href,css-146c3p1,r-4qtqp9_src
https://x.com/ismailfahmi,https://pbs.twimg.com/profile_images/1905211478971744256/rJqoXdYE_bigger.jpg,https://x.com/ismailfahmi,Ismail Fahmi,@ismailfahmi,"Sentra Kulit Garut 

Keren banget ini Garut. Produk kulit kualitasnya bagus, pengerjaan rapi, ringan, motif beragam dan uptodate. 

Ini jaket kulit tapi ndak seperti kulit. Kalau dikasih cap Adidas, Balenciaga,  atau LV, harganya bisa naik 100x lipat.",https://x.com/ismailfahmi/status/1638449502750408705/photo/2,https://x.com/ismailfahmi/status/1638449502750408705/photo/3,2.56 PM Â· 22 Mar 2023,Â·,"148,5Â rb",52,,,
https://x.com/ismailfahmi,https://pbs.twimg.com/profile_images/1905211478971744256/rJqoXdYE_bigger.jpg,https://x.com/ismailfahmi,Ismail Fahmi,@ismailfahmi,Â·,https://x.com/ismailfahmi/status/1638454745001246720/photo/2,https://x.com/ismailfahmi/status/1638454745001246720/analytics,"Sepatu kulit motif kulit ""pohon"". Enak dipakai, ringan, kuat, murah sekira seperempat harga di mall, semoga awet. 

Bangga pakai sepatu kulit Garut.",6,5,13Â rb,https://x.com/ismailfahmi/status/1638454745001246720,22 Mar 2023,https://abs-0.twimg.com/emoji/v2/svg/2764.svg
https://x.com/ismailfahmi,https://pbs.twimg.com/profile_images/1905211478971744256/rJqoXdYE_bigger.jpg,https://x.com/ismailfahmi,Ismail Fahmi,@ismailfahmi,Â·,,https://x.com/ismailfahmi/status/1638456453446119424/analytics,Borong sandal kulit 50k buat tamu dari kantor ke masjid.,2,3,13Â rb,https://x.com/ismailfahmi/status/1638456453446119424,22 Mar 2023,
https://x.com/ismailfahmi,https://pbs.twimg.com/profile_images/1905211478971744256/rJqoXdYE_bigger.jpg,https://x.com/ismailfahmi,Ismail Fahmi,@ismailfahmi,Â·,,https://x.com/ismailfahmi/status/1638458889770520576/analytics,"Kulit premiumnya halusss, ringan, tipis, kuat. Karena ndak ada kombinasi yang pas, jadinya pesan custom.",6,5,14Â rb,https://x.com/ismailfahmi/status/1638458889770520576,22 Mar 2023,
https://x.com/ismailfahmi,https://pbs.twimg.com/profile_images/1905211478971744256/rJqoXdYE_bigger.jpg,https://x.com/ismailfahmi,Ismail Fahmi,@ismailfahmi,Â·,https://x.com/ismailfahmi/status/1638713891449630721/analytics,,"Oh iya, lokasinya di sini.",3,11,8Â rb,https://x.com/ismailfahmi/status/1638713891449630721,23 Mar 2023,
https://x.com/writerfreax,https://pbs.twimg.com/profile_images/1747381768846721024/mnqrsOzp_bigger.jpg,https://x.com/writerfreax,writerfreax,@writerfreax,Â·,,https://x.com/writerfreax/status/1638463788675657729/analytics,Kalau jual di mp banyak ya kW harus tau toko mana yg jual produk ori,2,3,4Â rb,https://x.com/writerfreax/status/1638463788675657729,22 Mar 2023,
https://x.com/ismailfahmi,https://pbs.twimg.com/profile_images/1905211478971744256/rJqoXdYE_bigger.jpg,https://x.com/ismailfahmi,Ismail Fahmi,@ismailfahmi,Â·,https://x.com/ismailfahmi/status/1638464512612524033/analytics,,Nah ini penting,1,,4Â rb,https://x.com/ismailfahmi/status/1638464512612524033,22 Mar 2023,
https://x.com/cecepumar,https://pbs.twimg.com/profile_images/1355698796064174085/6ICFtaoP_bigger.jpg,https://x.com/cecepumar,Cecep Umar Farouq,@cecepumar,Â·,,https://x.com/cecepumar/status/1638450277992009729/analytics,Lagi d sukaregang mas?,1,3,3Â rb,https://x.com/cecepumar/status/1638450277992009729,22 Mar 2023,
https://x.com/ismailfahmi,https://pbs.twimg.com/profile_images/1905211478971744256/rJqoXdYE_bigger.jpg,https://x.com/ismailfahmi,Ismail Fahmi,@ismailfahmi,Â·,https://x.com/ismailfahmi/status/1638454817097158656/analytics,,"Iyes, baru sls.",1,,3Â rb,https://x.com/ismailfahmi/status/1638454817097158656,22 Mar 2023,
https://x.com/jangahmad_,https://pbs.twimg.com/profile_images/1788509050403221504/KzK2oOnP_bigger.jpg,https://x.com/jangahmad_,Jang Ahmad,@jangahmad_,Â·,,https://x.com/jangahmad_/status/1638464991933390848/analytics,Gimana mas perjalanan ke Garutnya?,1,1,3Â rb,https://x.com/jangahmad_/status/1638464991933390848,22 Mar 2023,https://abs-0.twimg.com/emoji/v2/svg/1f92d.svg
https://x.com/ismailfahmi,https://pbs.twimg.com/profile_images/1905211478971744256/rJqoXdYE_bigger.jpg,https://x.com/ismailfahmi,Ismail Fahmi,@ismailfahmi,Â·,https://x.com/ismailfahmi/status/1638470988550803457/analytics,,Wisata alamnya bagus,1,,3Â rb,https://x.com/ismailfahmi/status/1638470988550803457,22 Mar 2023,https://abs-0.twimg.com/emoji/v2/svg/1f44d.svg
https://x.com/writerfreax,https://pbs.twimg.com/profile_images/1747381768846721024/mnqrsOzp_bigger.jpg,https://x.com/writerfreax,writerfreax,@writerfreax,Â·,,,Kalau jual di mp banyak ya kW harus tau toko mana yg jual produk ori,2,3,,https://x.com/writerfreax/status/1638463788675657729,22 Mar 2023,
https://x.com/sunglaklak,https://pbs.twimg.com/profile_images/1858398377668714496/nesQtEdY_bigger.jpg,https://x.com/sunglaklak,kukurucinguknguk,@sunglaklak,Â·,,https://x.com/sunglaklak/status/1638466727553142784/analytics,Kulit asli apa sintetis ni om? Kok sendal 50k,2,1,6Â rb,https://x.com/sunglaklak/status/1638466727553142784,22 Mar 2023,
https://x.com/ismailfahmi,https://pbs.twimg.com/profile_images/1905211478971744256/rJqoXdYE_bigger.jpg,https://x.com/ismailfahmi,Ismail Fahmi,@ismailfahmi,Â·,,https://x.com/ismailfahmi/status/1638471756448141312/analytics,Asli. Kalau jadi kerupuk lebih murah lagi,1,,5Â rb,https://x.com/ismailfahmi/status/1638471756448141312,22 Mar 2023,
,,,Tampilkan balasan,,,,,,,,,,,
https://x.com/faridism,https://pbs.twimg.com/profile_images/1855504842825035776/8-PvQ_kP_bigger.jpg,https://x.com/faridism,keep the faith,@faridism,Â·,,https://x.com/faridism/status/1638484197617844224/analytics,Jaket gini kena berapa mas ?,1,1,2Â rb,https://x.com/faridism/status/1638484197617844224,22 Mar 2023,
https://x.com/ismailfahmi,https://pbs.twimg.com/profile_images/1905211478971744256/rJqoXdYE_bigger.jpg,https://x.com/ismailfahmi,Ismail Fahmi,@ismailfahmi,Â·,https://x.com/ismailfahmi/status/1638513181181247488/analytics,,"1,3jt blm ditawar.",3,,2Â rb,https://x.com/ismailfahmi/status/1638513181181247488,22 Mar 2023,
https://x.com/Small12Forward,https://pbs.twimg.com/profile_images/1804927763260022784/wSk7JCTG_bigger.jpg,https://x.com/Small12Forward,xx.lvx.lv%,@Small12Forward,Â·,,https://x.com/Small12Forward/status/1638540222777675776/analytics,"Mas bukan mau salty

Pas foto gaya gini apa yg dipikirkan ?",1,1,4Â rb,https://x.com/Small12Forward/status/1638540222777675776,22 Mar 2023,
https://x.com/ismailfahmi,https://pbs.twimg.com/profile_images/1905211478971744256/rJqoXdYE_bigger.jpg,https://x.com/ismailfahmi,Ismail Fahmi,@ismailfahmi,Â·,,https://x.com/ismailfahmi/status/1638555873609142272/analytics,Mikir besok sahur menunya apa ya?,1,1,3Â rb,https://x.com/ismailfahmi/status/1638555873609142272,22 Mar 2023,https://abs-0.twimg.com/emoji/v2/svg/1f600.svg
https://x.com/KangScroll,https://pbs.twimg.com/profile_images/1144284186125066241/KN7_FGut_bigger.jpg,https://x.com/KangScroll,,@KangScroll,Â·,,https://x.com/KangScroll/status/1638450836224503809/analytics,Iya kulitnya tebel banget sampe nonjol di area perut,1,1,6Â rb,https://x.com/KangScroll/status/1638450836224503809,22 Mar 2023,
https://x.com/ismailfahmi,https://pbs.twimg.com/profile_images/1905211478971744256/rJqoXdYE_bigger.jpg,https://x.com/ismailfahmi,Ismail Fahmi,@ismailfahmi,Â·,,https://x.com/ismailfahmi/status/1638455447085785091/analytics,Ini kulit perut yg tebel,1,1,6Â rb,https://x.com/ismailfahmi/status/1638455447085785091,22 Mar 2023,
https://x.com/ali1only,https://pbs.twimg.com/profile_images/378800000331681019/ff414e47117411ec15601085635672a1_bigger.jpeg,https://x.com/ali1only,ali syamsudin,@ali1only,Â·,,https://x.com/ali1only/status/1638459932726132737/analytics,Kalo bukak di market place lebih afdhol soale jauh kalo ke pergi ke garut,5,1,7Â rb,https://x.com/ali1only/status/1638459932726132737,22 Mar 2023,
https://x.com/ismailfahmi,https://pbs.twimg.com/profile_images/1905211478971744256/rJqoXdYE_bigger.jpg,https://x.com/ismailfahmi,Ismail Fahmi,@ismailfahmi,Â·,,https://x.com/ismailfahmi/status/1638462705463099392/analytics,Ada kayaknya. Td ada yg packing buat dikirim jg,1,1,7Â rb,https://x.com/ismailfahmi/status/1638462705463099392,22 Mar 2023,
https://x.com/DediSur34022821,https://pbs.twimg.com/profile_images/1589820904443301889/brhTlnBz_bigger.jpg,https://x.com/DediSur34022821,D3SUR,@DediSur34022821,Â·,,https://x.com/DediSur34022821/status/1638541043225464832/analytics,Cuma klo sekarang perjalanan Bandung garut Rasa off-road..mulai kadungora sd tarogong,1,,2Â rb,https://x.com/DediSur34022821/status/1638541043225464832,22 Mar 2023,
https://x.com/ismailfahmi,https://pbs.twimg.com/profile_images/1905211478971744256/rJqoXdYE_bigger.jpg,https://x.com/ismailfahmi,Ismail Fahmi,@ismailfahmi,Â·,https://x.com/ismailfahmi/status/1638713140979576832/analytics,,Iya ini parah jalannya.,1,,1Â rb,https://x.com/ismailfahmi/status/1638713140979576832,23 Mar 2023,
https://x.com/mziadz,https://pbs.twimg.com/profile_images/720090946503770112/uC0PmfM5_bigger.jpg,https://x.com/mziadz,Ziad,@mziadz,Â·,,https://x.com/mziadz/status/1638504546178854913/analytics,Bisikin nama tokonya pak,2,,3Â rb,https://x.com/mziadz/status/1638504546178854913,22 Mar 2023,https://abs-0.twimg.com/emoji/v2/svg/1f64f-1f3fc.svg
https://x.com/ismailfahmi,https://pbs.twimg.com/profile_images/1905211478971744256/rJqoXdYE_bigger.jpg,https://x.com/ismailfahmi,Ismail Fahmi,@ismailfahmi,Â·,https://x.com/ismailfahmi/status/1638713302783229952/analytics,,"Lupa, itu di pasarnya, sentra kulit. Keliling2 aja nyari yg cocok",1,2,2Â rb,https://x.com/ismailfahmi/status/1638713302783229952,23 Mar 2023,
https://x.com/astrianee,https://pbs.twimg.com/profile_images/1615357827811545089/J3CPDcQQ_bigger.jpg,https://x.com/astrianee,nadia,@astrianee,Â·,https://x.com/astrianee/status/1638726329674891264/analytics,,"Tapi ini limbahnya bikin istighfar. Apalagi karena masuknya UMKM, blass aja kaya ngga ada kewajiban pengelolaan limbahnya padahal mah. 
Ya ngga bisa disalahin seluruhnya ke pedagang juga, yg bertugas membinanya aja suka lepas tangan dan merasa cukup dengan sosialisasi.",1,1,662,https://x.com/astrianee/status/1638726329674891264,23 Mar 2023,
https://x.com/iamsule,https://pbs.twimg.com/profile_images/1025321100/pas_bigger.jpg,https://x.com/iamsule,Ahmad Sulaeman,@iamsule,Â·,https://x.com/iamsule/status/1638520910532722689/analytics,,Jaket kulitnya juga tahan lama. Punya sy dan keluarga sdh lebih dari 10 tahun masih bagus.,1,,1Â rb,https://x.com/iamsule/status/1638520910532722689,22 Mar 2023,
https://x.com/fdkfsrh,https://pbs.twimg.com/profile_images/1747328800227311616/SBrX2rlj_bigger.jpg,https://x.com/fdkfsrh,fadi al kafisah,@fdkfsrh,Â·,https://x.com/fdkfsrh/status/1638579000602935297/analytics,,Otw @_rainskincare,1,,594,https://x.com/fdkfsrh/status/1638579000602935297,22 Mar 2023,
https://x.com/AhmadMuhtar_98,https://pbs.twimg.com/profile_images/1616300076833595392/cKAjjiYx_bigger.jpg,https://x.com/AhmadMuhtar_98,Ahmad Muhtar,@AhmadMuhtar_98,Â·,https://x.com/AhmadMuhtar_98/status/1638797628954808320/analytics,,"keren bang,, dah 2 kali beli Jaket di situ (sukaregang),, asli dan keren, jaket kulit domba asli",1,,291,https://x.com/AhmadMuhtar_98/status/1638797628954808320,23 Mar 2023,https://abs-0.twimg.com/emoji/v2/svg/1f60e.svg
https://x.com/laniseptiawati,https://pbs.twimg.com/profile_images/1012519051568898048/wyZiXcM1_bigger.jpg,https://x.com/laniseptiawati,Lani Septiawati,@laniseptiawati,Â·,https://x.com/laniseptiawati/status/1638830354634276870/analytics,,"Garut, kulit nya bnyk yg berkwalitas, model jg bnyk menyerap trend, harga wajar, tinggal detail produk di ""sentuh"" lebih spesifik, udah mantap pisan.",1,,284,https://x.com/laniseptiawati/status/1638830354634276870,23 Mar 2023,
https://x.com/aray__raya,https://pbs.twimg.com/profile_images/1708334100917219328/5iPdIrPp_bigger.jpg,https://x.com/aray__raya,ARAY,@aray__raya,Â·,https://x.com/aray__raya/status/1638579975271104513/analytics,,"Betapa berpengaruhnya IP, bukan soal kualitas saja.",,,627,https://x.com/aray__raya/status/1638579975271104513,22 Mar 2023,
https://x.com/aptisk10,https://pbs.twimg.com/profile_images/1943098095795118080/uuOdkltF_bigger.jpg,https://x.com/aptisk10,Tisk,@aptisk10,Â·,https://x.com/aptisk10/status/1638485791805677568/analytics,,Tetep ketahuan mas. Beda.,,,1Â rb,https://x.com/aptisk10/status/1638485791805677568,22 Mar 2023,
https://x.com/UwaisAtha,https://pbs.twimg.com/profile_images/1633305724167282689/CFYI47DN_bigger.jpg,https://x.com/UwaisAtha,Uwais Atha,@UwaisAtha,Â·,https://x.com/UwaisAtha/status/1638845660807168000/analytics,,tase,,,57,https://x.com/UwaisAtha/status/1638845660807168000,23 Mar 2023,
https://x.com/duitrakjat,https://pbs.twimg.com/profile_images/1649308710207119365/xu_zvxts_bigger.jpg,https://x.com/duitrakjat,,@duitrakjat,Â·,https://x.com/duitrakjat/status/1638587204443467776/analytics,,"Mas, lokasinya Garut mana ya??",,,571,https://x.com/duitrakjat/status/1638587204443467776,23 Mar 2023,https://abs-0.twimg.com/emoji/v2/svg/1f4b8.svg
https://x.com/3Cahyono_,https://pbs.twimg.com/profile_images/1219791433470705666/p0MEgp2J_bigger.jpg,https://x.com/3Cahyono_,Pendodol Omongan,@3Cahyono_,Â·,https://x.com/3Cahyono_/status/1638712289951125505/analytics,,Piroan moas?,,,369,https://x.com/3Cahyono_/status/1638712289951125505,23 Mar 2023,
https://x.com/doublelya12,https://pbs.twimg.com/profile_images/1810367097706524674/o6zn8w6r_bigger.jpg,https://x.com/doublelya12,Doublelya12,@doublelya12,Â·,https://x.com/doublelya12/status/1639035001772867585/analytics,,"Tapi kata warga garut jalannya rusak pa, hehe",,,186,https://x.com/doublelya12/status/1639035001772867585,24 Mar 2023,
https://x.com/mpsap__,https://pbs.twimg.com/profile_images/1934915781072207872/xvgZ8He0_bigger.jpg,https://x.com/mpsap__,Apin,@mpsap__,Â·,https://x.com/mpsap__/status/1638672920800276480/analytics,,"Di balik indahnya industri kulit di Garut,pengolahan limbahnya amburadul.",,,461,https://x.com/mpsap__/status/1638672920800276480,23 Mar 2023,https://abs-0.twimg.com/emoji/v2/svg/2716.svg
https://x.com/FeryMohamad08,https://pbs.twimg.com/profile_images/1117758466930569217/3xWMSU8e_bigger.jpg,https://x.com/FeryMohamad08,Fery Mohamad,@FeryMohamad08,Â·,https://x.com/FeryMohamad08/status/1638476873842954240/analytics,,Garut the best pokoknya,,,1Â rb,https://x.com/FeryMohamad08/status/1638476873842954240,22 Mar 2023,
https://x.com/lemak__jenuh,https://pbs.twimg.com/profile_images/1958150152386215936/2TjkFCt__bigger.jpg,https://x.com/lemak__jenuh,D E J R,@lemak__jenuh,Â·,https://x.com/lemak__jenuh/status/1638807430753837056/analytics,,Ada marketplacenya kah?,1,,139,https://x.com/lemak__jenuh/status/1638807430753837056,23 Mar 2023,
https://x.com/kang_opit,https://pbs.twimg.com/profile_images/1788235560425025536/ykC-Tsdi_bigger.jpg,https://x.com/kang_opit,The Dzikr 4.0,@kang_opit,Â·,https://x.com/kang_opit/status/1638803522253889539/analytics,,Deket rumah ini mas,,,98,https://x.com/kang_opit/status/1638803522253889539,23 Mar 2023,https://abs-0.twimg.com/emoji/v2/svg/1f1ee-1f1e9.svg
https://x.com/Putra70487911,https://pbs.twimg.com/profile_images/1725678826552983552/O-nU5T-P_bigger.jpg,https://x.com/Putra70487911,PutradaSpurs,@Putra70487911,Â·,https://x.com/Putra70487911/status/1638755058711158784/analytics,,Sy yg keturunan garut malah blm pernah kesana,,,261,https://x.com/Putra70487911/status/1638755058711158784,23 Mar 2023,https://abs-0.twimg.com/emoji/v2/svg/1f923.svg
https://x.com/akmalabidzar,https://pbs.twimg.com/profile_images/1131935331245207552/wNFJwQ3r_bigger.jpg,https://x.com/akmalabidzar,akmal,@akmalabidzar,Â·,https://x.com/akmalabidzar/status/1638477571053715456/analytics,,Kenapa g bikin sarung jok mobil y,,,986,https://x.com/akmalabidzar/status/1638477571053715456,22 Mar 2023,
https://x.com/AIADigibuy,https://pbs.twimg.com/profile_images/1603542769535897601/Mb-y16Im_bigger.jpg,https://x.com/AIADigibuy,Enita Robentrop,@AIADigibuy,Â·,https://x.com/AIADigibuy/status/1638656468068220933/analytics,,Cari jaker kulit bulu domba garut sekelas,,,369,https://x.com/AIADigibuy/status/1638656468068220933,23 Mar 2023,
https://x.com/sumewo,https://pbs.twimg.com/profile_images/1457267725659611140/vZp6PLyg_bigger.jpg,https://x.com/sumewo,MEWO,@sumewo,Â·,https://x.com/sumewo/status/1638759244794306562/analytics,,Baroonnn... :)),,,188,https://x.com/sumewo/status/1638759244794306562,23 Mar 2023,
https://x.com/yanuariant,https://pbs.twimg.com/profile_images/1631714548741976064/7cIKwgdy_bigger.jpg,https://x.com/yanuariant,~Yan,@yanuariant,Â·,https://x.com/yanuariant/status/1639072588889731074/analytics,,"wah, udah lama pengen nyoba keretaan ke garut",,,79,https://x.com/yanuariant/status/1639072588889731074,24 Mar 2023,
https://x.com/ViddyFebrianto,https://pbs.twimg.com/profile_images/1894402457721282560/ZcEvlks__bigger.jpg,https://x.com/ViddyFebrianto,Viddy,@ViddyFebrianto,Â·,https://x.com/ViddyFebrianto/status/1638669085650341888/analytics,,jaket kulit nya alus,,,360,https://x.com/ViddyFebrianto/status/1638669085650341888,23 Mar 2023,
https://x.com/indomidclass,https://pbs.twimg.com/profile_images/1389721031661604864/hx_5Dq-Z_bigger.jpg,https://x.com/indomidclass,oggy without the cockroaches,@indomidclass,Â·,https://x.com/indomidclass/status/1638746769021607936/analytics,,dikasih logo,,,369,https://x.com/indomidclass/status/1638746769021607936,23 Mar 2023,
https://x.com/sakulawu,https://pbs.twimg.com/profile_images/1386101269371101188/rsalP3j2_bigger.jpg,https://x.com/sakulawu,Musdamin,@sakulawu,Â·,https://x.com/sakulawu/status/1638750131532238848/analytics,,Ada akun ig produsennya..?,,,168,https://x.com/sakulawu/status/1638750131532238848,23 Mar 2023,
https://x.com/HendraRottens,https://pbs.twimg.com/profile_images/514036878056497152/-t7_YLi-_bigger.jpeg,https://x.com/HendraRottens,Hen_dra,@HendraRottens,Â·,https://x.com/HendraRottens/status/1638865848797646849/analytics,,"Sukaregang ya pak?
Memang bagus2 dan murah2. Jgn lupa, sepatu/sandalnya langsung di sol ulang. Biar lebih kuat mantap.",,,120,https://x.com/HendraRottens/status/1638865848797646849,23 Mar 2023,
https://x.com/mbaksrintil,https://pbs.twimg.com/profile_images/1741810497794797569/c9PPEx4P_bigger.jpg,https://x.com/mbaksrintil,Mbak Sri,@mbaksrintil,Â·,https://x.com/mbaksrintil/status/1638491863421456384/analytics,,"Beli sepatu kulit produk garut cuma 200ribuan, pak",,,1Â rb,https://x.com/mbaksrintil/status/1638491863421456384,22 Mar 2023,
https://x.com/dank_shanu,https://pbs.twimg.com/profile_images/1670430060426457088/9Pab2TwM_bigger.jpg,https://x.com/dank_shanu,Sanusiiiiii,@dank_shanu,Â·,https://x.com/dank_shanu/status/1638794249662767104/analytics,,Pasar Sukaregang ini mantepp,,,108,https://x.com/dank_shanu/status/1638794249662767104,23 Mar 2023,https://abs-0.twimg.com/emoji/v2/svg/1f601.svg
https://x.com/just3mi,https://pbs.twimg.com/profile_images/1877366392590315520/ZuEORIb__bigger.jpg,https://x.com/just3mi,Ø§Ø¨Ù† Ø¬Ø¹ÙØ±,@just3mi,Â·,https://x.com/just3mi/status/1638821994325250050/analytics,,"Sdh 3x ke garut, nyampenya pertokoan pinggir jalan aja, taunya ada pasar nya... Btw dl beli 2 jaket kulit, sdh 7 th masih awet...",,,189,https://x.com/just3mi/status/1638821994325250050,23 Mar 2023,
https://x.com/Gilangk50165550,https://pbs.twimg.com/profile_images/1014856557878624257/5kJECMPp_bigger.jpg,https://x.com/Gilangk50165550,Gilangkencana,@Gilangk50165550,Â·,https://x.com/Gilangk50165550/status/1638835486981771268/analytics,,Dulu pernah beli sepatu dipake tiap hari sampe boseeeenn masih awet aja,,,112,https://x.com/Gilangk50165550/status/1638835486981771268,23 Mar 2023,
https://x.com/YusronM,https://pbs.twimg.com/profile_images/1595700618810662912/oJJ5nhGN_bigger.jpg,https://x.com/YusronM,Muhammad Yusron,@YusronM,Â·,https://x.com/YusronM/status/1638852393499783169/analytics,,Beli tas slempang murah pake kulit domba disini mantep awet pisan sampe sekarang uda 2taunan gak ada yg ngelotok sama sekali,,,14,https://x.com/YusronM/status/1638852393499783169,23 Mar 2023,
https://x.com/evimeti,https://pbs.twimg.com/profile_images/1473431437810434048/h7DHdOyh_bigger.jpg,https://x.com/evimeti,.E.M.S.,@evimeti,Â·,https://x.com/evimeti/status/1638850726041620480/analytics,,Sukaregang... tempat favorit alm. Mamah kalo lagi pengen healing.. langsung gas bandung-garut,,,178,https://x.com/evimeti/status/1638850726041620480,23 Mar 2023,
https://x.com/miffakih,https://pbs.twimg.com/profile_images/1578738266102444034/OZlIxQ4T_bigger.jpg,https://x.com/miffakih,Miftahul Fakih,@miffakih,Â·,https://x.com/miffakih/status/1638777579628015618/analytics,,kuy kesini,1,,288,https://x.com/miffakih/status/1638777579628015618,23 Mar 2023,
https://x.com/istrimuuw,https://pbs.twimg.com/profile_images/1616796454932336641/q7MXYQQg_bigger.jpg,https://x.com/istrimuuw,UKHTI BAIK,@istrimuuw,Â·,https://x.com/istrimuuw/status/1638474596239417345/analytics,,"Aaah pengen banget ke Garut, ex-husband ku tergilaÂ² banget sama jaket, sepatu, tas yg bahan kulit kaya gini.",,,1Â rb,https://x.com/istrimuuw/status/1638474596239417345,22 Mar 2023,
,,,Tampilkan kemungkinan spam,,,,,,,,,,,
,,,Orang,,,,,,,,,,,
https://x.com/IvaSumarna,https://pbs.twimg.com/profile_images/1302818582896623616/StkrAG3X_bigger.jpg,https://x.com/IvaSumarna,IvaSumarna - Jual Produk Kulit Asli Garut,@IvaSumarna,Ikuti,,,Belajar hijrah mjd sebenar2nya muslimah. Belajar jadi pebisnis yang disayang Allah & belajar membantu yg seharusnya dibantu.,,,,,Klik untuk Ikuti IvaSumarna,
https://x.com/castlemediatama,https://pbs.twimg.com/profile_images/749260008198508545/PC28jDyn_bigger.jpg,https://x.com/castlemediatama,Produk Kulit Garut,@castlemediatama,Ikuti,,,"Jaket Kulit,Tas Kulit,Dompet Kulit,Gantungan Kunci Kulit,Ikat Pinggang Kulit dan Name Tag Kulit",,,,,Klik untuk Ikuti castlemediatama,
https://x.com/search?q=produk%20kulit%20garut&src=typed_query&f=user,,,Lihat semua,,,,,,,,,,,
https://x.com/ismailfahmi,https://pbs.twimg.com/profile_images/1905211478971744256/rJqoXdYE_bigger.jpg,https://x.com/ismailfahmi,Ismail Fahmi,@ismailfahmi,Â·,https://x.com/ismailfahmi/status/1638449502750408705/analytics,https://x.com/ismailfahmi/status/1638449502750408705/photo/2,Sentra,52,219,148Â rb,https://x.com/ismailfahmi/status/1638449502750408705,22 Mar 2023,
https://x.com/walian76,https://pbs.twimg.com/profile_images/1490899179840806913/sl4ZqRxB_bigger.jpg,https://x.com/walian76,walian76,@walian76,Â·,https://x.com/walian76/status/1148639462605254656/analytics,,Saya pengrajin dari,produk,kulit,Garut,https://x.com/walian76/status/1148639462605254656,10 Jul 2019,
https://x.com/sandiuno,https://pbs.twimg.com/profile_images/1937145983869022208/Lgqz0JTD_bigger.jpg,https://x.com/sandiuno,Sandiaga Salahuddin Uno,@sandiuno,Â·,https://x.com/sandiuno/status/1435473177170178048/analytics,,Buat apa beli,13,19,ini pernah saya pakai ke Eropa. Sempat dikira jaket brand ternama yang harganya puluhan juta.,https://x.com/sandiuno/status/1435473177170178048,8 Sep 2021,
,,,Sedang hangat dibicarakan,,,,,,,,,,,
,,,Sedang tren dalam topik Korea Selatan,ìš”ê±°íŠ¸ì›”ë“œ,,,,,,,,,,
,,,Sedang tren dalam topik Korea Selatan,íŠ¸ë ˆë“œë°€,2.865 postingan,,,,,,,,,
,,,Industri musik Â· Populer,ìŠ¤í¬í‹°íŒŒì´,7.912 postingan,,,,,,,,,
,,,Sedang tren dalam topik Korea Selatan,ê³ ì¸ì˜ ëª…ë³µ,"13,5Â rb postingan",,,,,,,,,
https://x.com/explore/tabs/for-you,,,Tampilkan lebih banyak,,,,,,,,,,,
https://x.com/walian76,https://pbs.twimg.com/profile_images/1490899179840806913/sl4ZqRxB_bigger.jpg,https://x.com/walian76,walian76,@walian76,"Saya pengrajin dari produk kulit asli Garut menerima pesanan ,tas ,jaket,dompet, tali pinggang dll",,,12.06 AM Â· 10 Jul 2019,,,78,,,
https://x.com/TriRijadi6,https://pbs.twimg.com/profile_images/1113082677127569408/BxjvI33y_bigger.jpg,https://x.com/TriRijadi6,Tri Rijadi,@TriRijadi6,Â·,,https://x.com/TriRijadi6/status/1148818594702082049/analytics,Kapan kapan nyambung yea mas,1,1,@walian76,https://x.com/TriRijadi6/status/1148818594702082049,10 Jul 2019,
https://x.com/walian76,https://pbs.twimg.com/profile_images/1490899179840806913/sl4ZqRxB_bigger.jpg,https://x.com/walian76,walian76,@walian76,Â·,https://x.com/walian76/status/1148829548135374848/analytics,,Siap kita merapat,2,,,https://x.com/walian76/status/1148829548135374848,10 Jul 2019,
https://x.com/rakyatgaluh,https://pbs.twimg.com/profile_images/1474199733539246081/kngyCWL-_bigger.jpg,https://x.com/rakyatgaluh,#AMANAT GALUNGGUNG,@rakyatgaluh,Â·,,https://x.com/rakyatgaluh/status/1148909351467282432/analytics,Ayo semua kaum oposan kita majukan produk daerah jangan seperti pengelola negara yg bawaannya import mulu,1,1,,https://x.com/rakyatgaluh/status/1148909351467282432,10 Jul 2019,
https://x.com/walian76,https://pbs.twimg.com/profile_images/1490899179840806913/sl4ZqRxB_bigger.jpg,https://x.com/walian76,walian76,@walian76,Â·,https://x.com/walian76/status/1149192372355391488/analytics,,Setuju kita budayakan pakai lokal dulu di utamakan,1,,,https://x.com/walian76/status/1149192372355391488,11 Jul 2019,
https://x.com/aeps78,https://pbs.twimg.com/profile_images/1423834327452770306/kSaT-rcM_bigger.jpg,https://x.com/aeps78,kami ikut HRS,@aeps78,Â·,,https://x.com/aeps78/status/1148822991335149568/analytics,Gambar2 produknya ada kang...,1,1,#RebutanKursiHaram,https://x.com/aeps78/status/1148822991335149568,10 Jul 2019,
https://x.com/walian76,https://pbs.twimg.com/profile_images/1490899179840806913/sl4ZqRxB_bigger.jpg,https://x.com/walian76,walian76,@walian76,Â·,,https://x.com/walian76/status/1148829269591650304/analytics,Ada lengkap boleh pesan produk dari bahan kulit asli yang lagi trend jaket kulit Garut,2,1,,https://x.com/walian76/status/1148829269591650304,10 Jul 2019,
https://x.com/alternatecore,https://pbs.twimg.com/profile_images/1483391144503685122/Hr8K_6yc_bigger.jpg,https://x.com/alternatecore,R E N,@alternatecore,Â·,https://x.com/alternatecore/status/1148762918067953665/analytics,,"Bantu Up dulu ya kang dan semoga rejekinya dioermudah serta diperlancar, Aamiin",1,1,,https://x.com/alternatecore/status/1148762918067953665,10 Jul 2019,
https://x.com/EdiyantoGuntoro,https://pbs.twimg.com/profile_images/1251047863238324224/a_KbKUzP_bigger.jpg,https://x.com/EdiyantoGuntoro,GuntoroEdiyanto,@EdiyantoGuntoro,Â·,,https://x.com/EdiyantoGuntoro/status/1148842927197569024/analytics,Apa ada lapaknya di BUKALAPAK,1,1,,https://x.com/EdiyantoGuntoro/status/1148842927197569024,10 Jul 2019,https://abs-0.twimg.com/emoji/v2/svg/1f91d.svg
https://x.com/walian76,https://pbs.twimg.com/profile_images/1490899179840806913/sl4ZqRxB_bigger.jpg,https://x.com/walian76,walian76,@walian76,Â·,https://x.com/walian76/status/1149605155756580866/analytics,,Kedepannya insha Allah akan masuk di buka lapak juga,,,,https://x.com/walian76/status/1149605155756580866,12 Jul 2019,
https://x.com/adida_86,https://pbs.twimg.com/profile_images/1348427993828388864/js6Oxe1__bigger.jpg,https://x.com/adida_86,DIAM nya ORANG2 BAIK,@adida_86,Â·,https://x.com/adida_86/status/1148866304381636608/analytics,,"Sering2 upload dan penawaran..
Semoga lancar n sukses kang..",1,2,,https://x.com/adida_86/status/1148866304381636608,10 Jul 2019,https://abs-0.twimg.com/emoji/v2/svg/1f3ad.svg
https://x.com/rinorputra,https://pbs.twimg.com/profile_images/1336988260023734278/PD-eWoe3_bigger.jpg,https://x.com/rinorputra,sutanbasa,@rinorputra,Â·,,https://x.com/rinorputra/status/1148768797639106560/analytics,kang coba di dm ke saya link produknya ya,1,2,,https://x.com/rinorputra/status/1148768797639106560,10 Jul 2019,
https://x.com/walian76,https://pbs.twimg.com/profile_images/1490899179840806913/sl4ZqRxB_bigger.jpg,https://x.com/walian76,walian76,@walian76,Â·,https://x.com/walian76/status/1149194086831628288/analytics,,Siap maaf baru di balas dan terimakasih dah mampir,1,,,https://x.com/walian76/status/1149194086831628288,11 Jul 2019,https://abs-0.twimg.com/emoji/v2/svg/1f64f.svg
https://x.com/KBroendoel,https://pbs.twimg.com/profile_images/465040080508157953/nlGoM0ll_bigger.jpeg,https://x.com/KBroendoel,kanityo broendoel,@KBroendoel,Â·,,https://x.com/KBroendoel/status/1148775493010722816/analytics,"Garut mn...sukarenggang kah, karangpawitan atau manah kang??
Btw, open price doong",1,2,,https://x.com/KBroendoel/status/1148775493010722816,10 Jul 2019,https://abs-0.twimg.com/emoji/v2/svg/1f642.svg
https://x.com/walian76,https://pbs.twimg.com/profile_images/1490899179840806913/sl4ZqRxB_bigger.jpg,https://x.com/walian76,walian76,@walian76,Â·,https://x.com/walian76/status/1149193816206766080/analytics,,Sukaregang asli Garut,,,,https://x.com/walian76/status/1149193816206766080,11 Jul 2019,
https://x.com/AgakManisDikit,https://pbs.twimg.com/profile_images/1866109430691168256/v14O10mP_bigger.jpg,https://x.com/AgakManisDikit,sihok,@AgakManisDikit,Â·,,https://x.com/AgakManisDikit/status/1149158354708623360/analytics,Wah jadi lapar mata saya,1,1,,https://x.com/AgakManisDikit/status/1149158354708623360,11 Jul 2019,https://abs-0.twimg.com/emoji/v2/svg/1f602.svg
https://x.com/walian76,https://pbs.twimg.com/profile_images/1490899179840806913/sl4ZqRxB_bigger.jpg,https://x.com/walian76,walian76,@walian76,Â·,https://x.com/walian76/status/1149190968475705344/analytics,,Terimakasih dah mampir,,,,https://x.com/walian76/status/1149190968475705344,11 Jul 2019,https://abs-0.twimg.com/emoji/v2/svg/1f64f.svg
https://x.com/AbrorFarih,https://abs.twimg.com/sticky/default_profile_images/default_profile_bigger.png,https://x.com/AbrorFarih,FarihAbror,@AbrorFarih,Â·,,https://x.com/AbrorFarih/status/1149092699271643143/analytics,Untuk jakenya kisaran harganya berapa bang?,1,1,,https://x.com/AbrorFarih/status/1149092699271643143,11 Jul 2019,
https://x.com/walian76,https://pbs.twimg.com/profile_images/1490899179840806913/sl4ZqRxB_bigger.jpg,https://x.com/walian76,walian76,@walian76,Â·,https://x.com/walian76/status/1149103036867854336/analytics,,DM or WhatsApp saja,,,,https://x.com/walian76/status/1149103036867854336,11 Jul 2019,
https://x.com/indunissy_al,https://pbs.twimg.com/profile_images/1336678261011611649/7q3eKRcj_bigger.jpg,https://x.com/indunissy_al,Volunteers Ummat,@indunissy_al,Â·,,https://x.com/indunissy_al/status/1148820151006986245/analytics,Cakep neeh share model donk n price,1,1,,https://x.com/indunissy_al/status/1148820151006986245,10 Jul 2019,
https://x.com/walian76,https://pbs.twimg.com/profile_images/1490899179840806913/sl4ZqRxB_bigger.jpg,https://x.com/walian76,walian76,@walian76,Â·,https://x.com/walian76/status/1149192014749036545/analytics,,Siap terimakasih dah mampir,1,,,https://x.com/walian76/status/1149192014749036545,11 Jul 2019,https://abs-0.twimg.com/emoji/v2/svg/1f64f.svg
https://x.com/ApitNugroho2,https://pbs.twimg.com/profile_images/1179542406032527361/PcGCDkMP_bigger.jpg,https://x.com/ApitNugroho2,Apit Nugroho,@ApitNugroho2,Â·,https://x.com/ApitNugroho2/status/1148946130450784256/analytics,,Alhamdulillah... terus berkarya. Sementara itu biarkan saja mereka ....,1,1,#Cakar2anRebutanKursiMenteri,https://x.com/ApitNugroho2/status/1148946130450784256,10 Jul 2019,
https://x.com/Afree66184470,https://pbs.twimg.com/profile_images/1493776010088951808/hwbqzGvS_bigger.jpg,https://x.com/Afree66184470,AfriPenikmatKopi,@Afree66184470,Â·,,https://x.com/Afree66184470/status/1148775490955517952/analytics,Tali jam bisa mas??,1,1,,https://x.com/Afree66184470/status/1148775490955517952,10 Jul 2019,
https://x.com/walian76,https://pbs.twimg.com/profile_images/1490899179840806913/sl4ZqRxB_bigger.jpg,https://x.com/walian76,walian76,@walian76,Â·,https://x.com/walian76/status/1149191815637032961/analytics,,Bisa lihat TL saya sebelumnya,,,,https://x.com/walian76/status/1149191815637032961,11 Jul 2019,
https://x.com/babang_cky80,https://pbs.twimg.com/profile_images/1826759336947060736/rjODpNSw_bigger.jpg,https://x.com/babang_cky80,,@babang_cky80,Â·,,https://x.com/babang_cky80/status/1148785401965924352/analytics,sok di pilih brand kang,1,1,@walian76,https://x.com/babang_cky80/status/1148785401965924352,10 Jul 2019,https://abs-0.twimg.com/emoji/v2/svg/1f602.svg
https://x.com/walian76,https://pbs.twimg.com/profile_images/1490899179840806913/sl4ZqRxB_bigger.jpg,https://x.com/walian76,walian76,@walian76,Â·,https://x.com/walian76/status/1149191363008745473/analytics,,Kita 100% bahan baku lokal dan di jamin ke aslianya,1,,,https://x.com/walian76/status/1149191363008745473,11 Jul 2019,
https://x.com/nenggusti,https://pbs.twimg.com/profile_images/1651560729999458304/iESNlTGo_bigger.jpg,https://x.com/nenggusti,Danish...â€¦,@nenggusti,Â·,,https://x.com/nenggusti/status/1148845826044653568/analytics,Dompet mang..liat ftnya,1,1,,https://x.com/nenggusti/status/1148845826044653568,10 Jul 2019,
https://x.com/walian76,https://pbs.twimg.com/profile_images/1490899179840806913/sl4ZqRxB_bigger.jpg,https://x.com/walian76,walian76,@walian76,Â·,,https://x.com/walian76/status/1149191698548789248/analytics,Dompet nya macam macam dan boleh pesan model nya ..,1,,,https://x.com/walian76/status/1149191698548789248,11 Jul 2019,
https://x.com/tweetmulia,https://pbs.twimg.com/profile_images/1237637907847901184/X8hf2BWS_bigger.jpg,https://x.com/tweetmulia,Ivan Muliasevic,@tweetmulia,Â·,,https://x.com/tweetmulia/status/1149084355819532288/analytics,Bagi nowor wa-nya dong kang,1,1,,https://x.com/tweetmulia/status/1149084355819532288,11 Jul 2019,
https://x.com/walian76,https://pbs.twimg.com/profile_images/1490899179840806913/sl4ZqRxB_bigger.jpg,https://x.com/walian76,walian76,@walian76,Â·,https://x.com/walian76/status/1149103359556591616/analytics,,Lihat list TL saya sebelumnya sudah saya cantum nomor WhatsApp nya ada,,,,https://x.com/walian76/status/1149103359556591616,11 Jul 2019,
https://x.com/DenyWai,https://pbs.twimg.com/profile_images/1286570592229920768/_LmbcPky_bigger.jpg,https://x.com/DenyWai,Deny Arifin,@DenyWai,Â·,https://x.com/DenyWai/status/1148758308884377601/analytics,,"Cobi tepangan bina mitra telkom garut kang, spds tiasa janten UMKM binaan PT Telkom",8,,,https://x.com/DenyWai/status/1148758308884377601,10 Jul 2019,
https://x.com/munasir88,https://pbs.twimg.com/profile_images/1137570155133788161/3jUS6Fvk_bigger.jpg,https://x.com/munasir88,Muhammad Nasir,@munasir88,Â·,https://x.com/munasir88/status/1148797605452795904/analytics,https://x.com/munasir88/status/1148797605452795904/photo/2,Tanah Pasundan memang lihai dalam olahan Kulit & Senjata Tajam,1,7,,https://x.com/munasir88/status/1148797605452795904,10 Jul 2019,https://abs-0.twimg.com/emoji/v2/svg/1f60e.svg
https://x.com/putra_nofi,https://pbs.twimg.com/profile_images/1718130055967354880/ltJfqGrE_bigger.jpg,https://x.com/putra_nofi,Putra05,@putra_nofi,Â·,https://x.com/putra_nofi/status/1148798648395784193/analytics,,Gabung,1,5,,https://x.com/putra_nofi/status/1148798648395784193,10 Jul 2019,https://abs-0.twimg.com/emoji/v2/svg/2b05.svg
https://x.com/abiismaeil,https://pbs.twimg.com/profile_images/487485956522381313/Nwz9Cmff_bigger.jpeg,https://x.com/abiismaeil,usamah karaman,@abiismaeil,Â·,https://x.com/abiismaeil/status/1149109996027727873/analytics,,bisa diajak gabung nih,1,1,,https://x.com/abiismaeil/status/1149109996027727873,11 Jul 2019,
https://x.com/AhsanHadziq,https://pbs.twimg.com/profile_images/1411921058022649861/D1p5C5EF_bigger.jpg,https://x.com/AhsanHadziq,hanya hamba biasa,@AhsanHadziq,Â·,https://x.com/AhsanHadziq/status/1148773439290765312/analytics,,Follow juga saya ya.,3,,,https://x.com/AhsanHadziq/status/1148773439290765312,10 Jul 2019,
https://x.com/whiteopposition,https://pbs.twimg.com/profile_images/1305100326454718466/KRrChgp4_bigger.jpg,https://x.com/whiteopposition,White of Opposition,@whiteopposition,Â·,https://x.com/whiteopposition/status/1148778115084120064/analytics,,ayo dibeli dibeli..barang bagus no.1..boleh minta persen..atas iklanku ini,3,,,https://x.com/whiteopposition/status/1148778115084120064,10 Jul 2019,
https://x.com/Bos_Boscang,https://pbs.twimg.com/profile_images/1323793516670062593/OAgxTfoC_bigger.jpg,https://x.com/Bos_Boscang,Bos kacang goreng,@Bos_Boscang,Â·,https://x.com/Bos_Boscang/status/1148758664779452416/analytics,,Dm euy produk dan harganya,3,,,https://x.com/Bos_Boscang/status/1148758664779452416,10 Jul 2019,
https://x.com/eeN_endry1,https://pbs.twimg.com/profile_images/1252230694513696774/zxQrczal_bigger.jpg,https://x.com/eeN_endry1,Endry Roputra,@eeN_endry1,Â·,https://x.com/eeN_endry1/status/1148908690591768576/analytics,,"Bisa d dm gbr produknya skalian list harga sp tau bs jd reseller. Udah ak follow aa', nuhun",2,,,https://x.com/eeN_endry1/status/1148908690591768576,10 Jul 2019,
https://x.com/FahrezaZakaria,https://pbs.twimg.com/profile_images/1173591825090637825/OeDJDXsX_bigger.jpg,https://x.com/FahrezaZakaria,Si Rentjong Atjeh,@FahrezaZakaria,Â·,https://x.com/FahrezaZakaria/status/1149156914074271744/analytics,,Klo dri kulit cebong atau kodok da gak bro??,1,2,,https://x.com/FahrezaZakaria/status/1149156914074271744,11 Jul 2019,
https://x.com/lasno44761618,https://pbs.twimg.com/profile_images/1179660978021007360/d75SowzA_bigger.jpg,https://x.com/lasno44761618,L 45 NO,@lasno44761618,Â·,https://x.com/lasno44761618/status/1149160947941908481/analytics,,"foto juga jacketnya kang, barang kali ada yang cocok",2,2,,https://x.com/lasno44761618/status/1149160947941908481,11 Jul 2019,
https://x.com/Nurullah_hm,https://pbs.twimg.com/profile_images/1055243086991843328/2y-AMooX_bigger.jpg,https://x.com/Nurullah_hm,Nurullah Hasan Malik,@Nurullah_hm,Â·,https://x.com/Nurullah_hm/status/1148831179690242048/analytics,,"katalognya kang
dmana bs liat produk2nya",2,,,https://x.com/Nurullah_hm/status/1148831179690242048,10 Jul 2019,
https://x.com/magnetaceh,https://pbs.twimg.com/profile_images/835322614/IMG00313-20100403-0937_bigger.jpg,https://x.com/magnetaceh,Yusri Abdul Fatah,@magnetaceh,Â·,https://x.com/magnetaceh/status/1149168350791999488/analytics,,Utk model tas nya mgkin bisa di share om,1,1,,https://x.com/magnetaceh/status/1149168350791999488,11 Jul 2019,
https://x.com/deeyafa2,https://pbs.twimg.com/profile_images/1323238079696568320/PHbqDlej_bigger.jpg,https://x.com/deeyafa2,deeyafa,@deeyafa2,Â·,https://x.com/deeyafa2/status/1148884046048423938/analytics,,Bisa custom model pak??,1,,,https://x.com/deeyafa2/status/1148884046048423938,10 Jul 2019,https://abs-0.twimg.com/emoji/v2/svg/1f33a.svg
https://x.com/dibyleather,https://pbs.twimg.com/profile_images/1645008072384069632/FNi-JIxF_bigger.jpg,https://x.com/dibyleather,Deka,@dibyleather,Â·,https://x.com/dibyleather/status/1148977526800130048/analytics,,Sama om,1,,,https://x.com/dibyleather/status/1148977526800130048,10 Jul 2019,
https://x.com/Prasetya_Delta,https://pbs.twimg.com/profile_images/1333787406768619522/ljzuh1AC_bigger.jpg,https://x.com/Prasetya_Delta,Azzam,@Prasetya_Delta,Â·,https://x.com/Prasetya_Delta/status/1148906356566401025/analytics,,"DM kang, produk dan harganya?",1,,,https://x.com/Prasetya_Delta/status/1148906356566401025,10 Jul 2019,
https://x.com/Ann_AnnieRid,https://pbs.twimg.com/profile_images/1418116797488787463/nBhylakF_bigger.jpg,https://x.com/Ann_AnnieRid,ğ˜¼ğ™£ğ™£ğ™ğ™š ğ˜¼ğ™£ğ™£,@Ann_AnnieRid,Â·,https://x.com/Ann_AnnieRid/status/1148873651443290112/analytics,,Semoga sukses order melimpah,1,,,https://x.com/Ann_AnnieRid/status/1148873651443290112,10 Jul 2019,https://abs-0.twimg.com/emoji/v2/svg/1f609.svg
https://x.com/koerz04,https://pbs.twimg.com/profile_images/503181266582134784/fMxnvbqt_bigger.jpeg,https://x.com/koerz04,kurniawan juga,@koerz04,Â·,https://x.com/koerz04/status/1148830865738199040/analytics,,Follow ah mo jadi reseller,1,,,https://x.com/koerz04/status/1148830865738199040,10 Jul 2019,
https://x.com/zoewell13,https://pbs.twimg.com/profile_images/1743581136075501568/hqFpqusH_bigger.jpg,https://x.com/zoewell13,juwel,@zoewell13,Â·,https://x.com/zoewell13/status/1148950406581514240/analytics,,Modelnya bisa liat dimana ?,1,,,https://x.com/zoewell13/status/1148950406581514240,10 Jul 2019,https://abs-0.twimg.com/emoji/v2/svg/270c.svg
https://x.com/Mahfudbali,https://pbs.twimg.com/profile_images/1760157311648284672/D7WQjdY8_bigger.jpg,https://x.com/Mahfudbali,Ganti nama,@Mahfudbali,Â·,https://x.com/Mahfudbali/status/1148912259017560064/analytics,,Sertakan hrga bro,1,,,https://x.com/Mahfudbali/status/1148912259017560064,10 Jul 2019,
https://x.com/daniyusri_yusri,https://pbs.twimg.com/profile_images/1806315064926068736/7aut1r5v_bigger.jpg,https://x.com/daniyusri_yusri,moyus,@daniyusri_yusri,Â·,https://x.com/daniyusri_yusri/status/1149439868985958400/analytics,,Terus berkarya,,,,https://x.com/daniyusri_yusri/status/1149439868985958400,12 Jul 2019,
https://x.com/Ilmy05009324,https://abs.twimg.com/sticky/default_profile_images/default_profile_bigger.png,https://x.com/Ilmy05009324,Ilmy,@Ilmy05009324,Â·,https://x.com/Ilmy05009324/status/1148865401675112448/analytics,,Jaket berapaan mas,,,,https://x.com/Ilmy05009324/status/1148865401675112448,10 Jul 2019,
https://x.com/If4n2108,https://pbs.twimg.com/profile_images/1131928097991749636/Tzk8e-ix_bigger.jpg,https://x.com/If4n2108,If-4n,@If4n2108,Â·,https://x.com/If4n2108/status/1148884974726086657/analytics,,Bang bisa folback?,,,,https://x.com/If4n2108/status/1148884974726086657,10 Jul 2019,
https://x.com/damai_negriku,https://pbs.twimg.com/profile_images/1139588658254630912/8DwY1jui_bigger.jpg,https://x.com/damai_negriku,Damai Negriku,@damai_negriku,Â·,https://x.com/damai_negriku/status/1148816826886791169/analytics,,Minta nomor wa boss,,,,https://x.com/damai_negriku/status/1148816826886791169,10 Jul 2019,
https://x.com/ManMidun,https://pbs.twimg.com/profile_images/1418787045065908232/yhDGmDXP_bigger.jpg,https://x.com/ManMidun,Midun,@ManMidun,Â·,https://x.com/ManMidun/status/1148787457816530945/analytics,,Link shoop buat liat model dan harga.,,,,https://x.com/ManMidun/status/1148787457816530945,10 Jul 2019,
https://x.com/SaveArchipelago,https://pbs.twimg.com/profile_images/1581099996417781760/JtSXW4U4_bigger.jpg,https://x.com/SaveArchipelago,Pembelajar Abadi,@SaveArchipelago,Â·,https://x.com/SaveArchipelago/status/1148766443887927296/analytics,,Bang,,,,https://x.com/SaveArchipelago/status/1148766443887927296,10 Jul 2019,
,,,Postingan ini tidak tersedia.,Pelajari lebih lanjut,,,,,,,,,,
https://x.com/KBA61995359,https://pbs.twimg.com/profile_images/1068668296369598464/Oux4R1Pq_bigger.jpg,https://x.com/KBA61995359,KBA,@KBA61995359,Â·,https://x.com/KBA61995359/status/1148847109224857600/analytics,,"kenalan dulu kang, lanjut dm ya...",,,,https://x.com/KBA61995359/status/1148847109224857600,10 Jul 2019,
https://x.com/Fauzan78910815,https://pbs.twimg.com/profile_images/1177228483790962688/eVFrM-jp_bigger.jpg,https://x.com/Fauzan78910815,Kedu_Lasha'ck,@Fauzan78910815,Â·,https://x.com/Fauzan78910815/status/1148788572226326528/analytics,,"Mantab
Semoga laris manis",,,,https://x.com/Fauzan78910815/status/1148788572226326528,10 Jul 2019,
https://x.com/PrinceEdelweis,https://pbs.twimg.com/profile_images/1883501931068624896/ocgyEpuv_bigger.jpg,https://x.com/PrinceEdelweis,PenikmatSenja,@PrinceEdelweis,Â·,https://x.com/PrinceEdelweis/status/1148834099211063298/analytics,,Promoin ke ok oce deh. Colek Mak @swullll,,,,https://x.com/PrinceEdelweis/status/1148834099211063298,10 Jul 2019,
https://x.com/LonTeaseTNegara,https://pbs.twimg.com/profile_images/1307694064771371008/yi5V91I1_bigger.jpg,https://x.com/LonTeaseTNegara,Pak Camat Nyapres 2024,@LonTeaseTNegara,Â·,https://x.com/LonTeaseTNegara/status/1148773724641873921/analytics,,bagus tuh tasnya om,,,,https://x.com/LonTeaseTNegara/status/1148773724641873921,10 Jul 2019,https://abs-0.twimg.com/emoji/v2/svg/2733.svg
https://x.com/IrmawatiR3,https://pbs.twimg.com/profile_images/1639631138091327493/APpVYw6s_bigger.jpg,https://x.com/IrmawatiR3,IrmA,@IrmawatiR3,Â·,https://x.com/IrmawatiR3/status/1148778813020499971/analytics,,"Sy follow ya, siapa tau nanti ada perlu.tks",,,,https://x.com/IrmawatiR3/status/1148778813020499971,10 Jul 2019,
https://x.com/Ahmad_Fat1h,https://pbs.twimg.com/profile_images/1890837513675370496/f9fY9tM-_bigger.jpg,https://x.com/Ahmad_Fat1h,Ahmad Fatur,@Ahmad_Fat1h,Â·,https://x.com/Ahmad_Fat1h/status/1148809102694350848/analytics,,"Kawan2 seperjuangan, Ayo bersama Oposan02 dengan Produk Kulit Aslinya langsung Tampa Perantara",,,,https://x.com/Ahmad_Fat1h/status/1148809102694350848,10 Jul 2019,https://abs-0.twimg.com/emoji/v2/svg/261d.svg
https://x.com/MandorCarru,https://pbs.twimg.com/profile_images/1857245911451332608/nFRkYqbi_bigger.jpg,https://x.com/MandorCarru,Mandor Carru,@MandorCarru,Â·,https://x.com/MandorCarru/status/1149453061783339008/analytics,,sidebag motor bisa ndak ?,,,,https://x.com/MandorCarru/status/1149453061783339008,12 Jul 2019,
https://x.com/BangsatBangsa,https://pbs.twimg.com/profile_images/1796708032573063168/iwlg8WXl_bigger.jpg,https://x.com/BangsatBangsa,qitmir,@BangsatBangsa,Â·,https://x.com/BangsatBangsa/status/1148758251267170305/analytics,,foto ikat pinggangnya ada?,,,,https://x.com/BangsatBangsa/status/1148758251267170305,10 Jul 2019,
https://x.com/sumidi06,https://pbs.twimg.com/profile_images/1729719254243819520/krw82XMi_bigger.jpg,https://x.com/sumidi06,Abdul Khoir,@sumidi06,Â·,https://x.com/sumidi06/status/1148775201892528128/analytics,,Jangan ikut,,,#RebutanKursiHaram,https://x.com/sumidi06/status/1148775201892528128,10 Jul 2019,
https://x.com/sandiuno,https://pbs.twimg.com/profile_images/1937145983869022208/Lgqz0JTD_bigger.jpg,https://x.com/sandiuno,Sandiaga Salahuddin Uno,@sandiuno,Â·,,https://x.com/sandiuno/status/1435473276998877184/analytics,"Dengan membeli produk anak bangsa, berarti kita telah berkontribusi membuka LAPANGAN KERJA bagi pelaku ekonomi kreatif.",2,1,,https://x.com/sandiuno/status/1435473276998877184,8 Sep 2021,
https://x.com/sandiuno,https://pbs.twimg.com/profile_images/1937145983869022208/Lgqz0JTD_bigger.jpg,https://x.com/sandiuno,Sandiaga Salahuddin Uno,@sandiuno,Â·,https://x.com/sandiuno/status/1435473322465116166/analytics,,"Kami berkomitmen untuk terus turun ke daerah-daerah di Indonesia, memastikan produk-produk ekraf kita bisa dioptimalkan untuk meningkatkan kesejahteraan. Semangat, guys!",3,2,,https://x.com/sandiuno/status/1435473322465116166,8 Sep 2021,
https://x.com/Fauzarozi,https://pbs.twimg.com/profile_images/1566289464292691968/dTFQBSmP_bigger.jpg,https://x.com/Fauzarozi,fzr,@Fauzarozi,Â·,https://x.com/Fauzarozi/status/1435536513790464003/analytics,,"udah lama pak
kita cuma di "" pekerjakan dan di bil mereka ""
channel hermes banyak ambil di Indonesia di jual di luar bahkan kembali ke Indonesia
bahkan Jersey MU dulu made in Indonesia
kata bang",1,,,https://x.com/Fauzarozi/status/1435536513790464003,8 Sep 2021,
https://x.com/HJOK85402003,https://pbs.twimg.com/profile_images/1433537462303748096/lq1-2JQs_bigger.jpg,https://x.com/HJOK85402003,HJOK,@HJOK85402003,Â·,https://x.com/HJOK85402003/status/1435481727644758016/analytics,,"Setuju pak menteri hasil produk2 dr ukm kt brrti mampu bersaing d pasaran Internasoinal trutama dr kwalitsnyasementara slh satu hambatan2 UKM kt mencari pemasaran kluar 

Betul pak menteri scr kwalitas produk2 ukm kt tdk d ragukan lg,tinggal pemetintah sj bgmn pangsanya bs bsr",,,,https://x.com/HJOK85402003/status/1435481727644758016,8 Sep 2021,
https://x.com/anny_41,https://pbs.twimg.com/profile_images/810434068357607424/qrhtIqFd_bigger.jpg,https://x.com/anny_41,Anny Karyani,@anny_41,Â·,https://x.com/anny_41/status/1435614023609769988/analytics,,Sandal kulitnya juga bagus2 pak mentri,,,,https://x.com/anny_41/status/1435614023609769988,8 Sep 2021,
https://x.com/MauzaMujahidin,https://pbs.twimg.com/profile_images/1232351336718430209/A6BvUyDe_bigger.jpg,https://x.com/MauzaMujahidin,Mujahidin Mauza,@MauzaMujahidin,Â·,https://x.com/MauzaMujahidin/status/1435993530799824900/analytics,,Faktanya pemerintah malah impor .beras cabe dll.d saat rakyat panen .,,,,https://x.com/MauzaMujahidin/status/1435993530799824900,9 Sep 2021,
https://x.com/HennyBrunner,https://pbs.twimg.com/profile_images/3726600219/402565ee9aa3599549919dc270e79386_bigger.jpeg,https://x.com/HennyBrunner,Henny Brunner,@HennyBrunner,Â·,https://x.com/HennyBrunner/status/1435812988561203200/analytics,,Tapi produk Indonesia lengannya pasti deh suka kependekan pak. Kalau cari yang lengannya sesuai panjangnya bahunya kelebaran dan kedodoran. Coba liat punya bapak. Kependekan juga kan lengannya. Tolong dibina pak.,,,,https://x.com/HennyBrunner/status/1435812988561203200,9 Sep 2021,
https://x.com/tarmiziskp,https://abs.twimg.com/sticky/default_profile_images/default_profile_bigger.png,https://x.com/tarmiziskp,Tarmiziskp,@tarmiziskp,Â·,https://x.com/tarmiziskp/status/1435799493128044549/analytics,,,,,,https://x.com/tarmiziskp/status/1435799493128044549,9 Sep 2021,https://abs-0.twimg.com/emoji/v2/svg/1f44d.svg
https://x.com/SriRetnaning,https://pbs.twimg.com/profile_images/1322865986849009667/prbP9XUl_bigger.jpg,https://x.com/SriRetnaning,Sri Retnaning Sampurnaningsih,@SriRetnaning,Â·,https://x.com/SriRetnaning/status/1435622273923235841/analytics,,Mari bangga menggunakan produk anak bangsa...,,,,https://x.com/SriRetnaning/status/1435622273923235841,8 Sep 2021,
https://x.com/adhie_triana,https://pbs.twimg.com/profile_images/1370712099115044864/ajYojGNe_bigger.jpg,https://x.com/adhie_triana,Adhie Triana,@adhie_triana,Â·,https://x.com/adhie_triana/status/1435541818284789760/analytics,,"Pa tolong d bantu petani jagung yg d blitar..masa gara gara minta d perhatiin pemimpinnya,, mlah d amankan polisi..",,,,https://x.com/adhie_triana/status/1435541818284789760,8 Sep 2021,https://abs-0.twimg.com/emoji/v2/svg/1f614.svg
https://x.com/sandiuno,https://pbs.twimg.com/profile_images/1937145983869022208/Lgqz0JTD_bigger.jpg,https://x.com/sandiuno,Sandiaga Salahuddin Uno,@sandiuno,"Nggak perlu takut sama tarif Trump, kalau pakai produk buatan lokal! 

Indonesia punya banyak karya hebat buatan UMKM, salah satunya jaket kulit asli Garut produk Astiga Leather yang saya pakai.

Lewat sektor swasta, saya memilih ikut berperan menciptakan lapangan kerja dan membantu lebih banyak UMKM tembus pasar yang lebih luas. Semuanya bisa kita mulai dari satu hal sederhana, pakai dan cintailah produk-produk buatan Indonesia.",,,2.45 PM Â· 18 Apr 2025,Â·,8.067,20,,,
https://x.com/yogi_Halim,https://pbs.twimg.com/profile_images/910153473/IMG0463A_bigger.jpg,https://x.com/yogi_Halim,yogi Halim,@yogi_Halim,Â·,https://x.com/yogi_Halim/status/1913169364867576056/analytics,,"Kedelai Pak. Tempe setipis kartu atm.
Pupuk bahan baku nya.

Kalau bawang putih kating dan tekstil bersedia beli lokal lebih mahal (inflasi sebentar) jangka panjang nya stabil ketahanan swasembada walaupun lebih mahal dari impor.",,,128,https://x.com/yogi_Halim/status/1913169364867576056,18 Apr,
https://x.com/JonieTan16,https://pbs.twimg.com/profile_images/1627325349771223041/kUsjt5Hq_bigger.jpg,https://x.com/JonieTan16,Joni16,@JonieTan16,Â·,https://x.com/JonieTan16/status/1913169818083299595/analytics,,Mantappp pak,,,95,https://x.com/JonieTan16/status/1913169818083299595,18 Apr,
https://x.com/Kyai_SebrangLor,https://pbs.twimg.com/profile_images/1913372471455252480/IH-Rnj52_bigger.jpg,https://x.com/Kyai_SebrangLor,BUKAN ''TERMUL'',@Kyai_SebrangLor,Â·,https://x.com/Kyai_SebrangLor/status/1913138694376268271/analytics,,"TRUMP adalah kepanjangan dari ""Trading Unit Mecanical Product"".",,,21,https://x.com/Kyai_SebrangLor/status/1913138694376268271,18 Apr,https://abs-0.twimg.com/emoji/v2/svg/1f601.svg
https://x.com/malekayy,https://pbs.twimg.com/profile_images/1953800343026016256/YzBM9b_K_bigger.jpg,https://x.com/malekayy,malakai,@malekayy,Â·,https://x.com/malekayy/status/1913425070443401252/analytics,,Nah ini yg harusnya dibilang. Bener pak Sandi,,,45,https://x.com/malekayy/status/1913425070443401252,19 Apr,https://abs-0.twimg.com/emoji/v2/svg/1f426-200d-2b1b.svg
https://x.com/alexisownss,https://pbs.twimg.com/profile_images/1765234795477712896/OIv4I3Mu_bigger.jpg,https://x.com/alexisownss,Janeta Januwidjadi,@alexisownss,Â·,https://x.com/alexisownss/status/1916233859714453610/analytics,,Iya betul banget! Kita harus dukung produk lokal biar ekonomi makin maju!,,,10,https://x.com/alexisownss/status/1916233859714453610,27 Apr,
https://x.com/caton_chan1456,https://pbs.twimg.com/profile_images/1672907586742665216/1Fz86gDR_bigger.png,https://x.com/caton_chan1456,Chan Caton,@caton_chan1456,Â·,https://x.com/caton_chan1456/status/1913305093564448915/analytics,,"ğ™±ğšŠğš™ğšŠğš” ğšğšğš‘ ğš˜ğš”ğš ğš˜ğšŒğš ğš‹ğšŠğš—ğšğšğš 
ğšƒğšŠğš™ğš’ ğš”ğšğš—ğšŠğš™ğšŠ ğšğšŠğš— ğš”ğšğš—ğšŠğš™ğšŠ ğš“ğšŠğšğš’ ğš‹ğšğšğš’ğš—ğš’ ğš‹ğšğšğš’ğšğš 
ğš‚ğšŠğš—ğšğšŠğš ğšğš’ ğšœğšŠğš¢ğšŠğš—ğš ğš”ğšŠğš— ğš‘ğšŠğš—ğš¢ğšŠ ğš”ğšŠğš›ğšğš—ğšŠ ğš™ğš˜ğš•ğš’ğšğš’ğš” ğš‹ğšğš›ğšğš‹ğšŠğš‘",,,38,https://x.com/caton_chan1456/status/1913305093564448915,19 Apr,
https://x.com/FaizalMubarock,https://pbs.twimg.com/profile_images/1178321313103958016/-_Aes76n_bigger.jpg,https://x.com/FaizalMubarock,Faizal Mubarock,@FaizalMubarock,Â·,https://x.com/FaizalMubarock/status/1913883853401493613/analytics,,"Lah kita org rakyat sederhana dari dulu pake barang lokal,orang kaya aja yang suka beli barang brend luar,",,,33,https://x.com/FaizalMubarock/status/1913883853401493613,20 Apr,https://abs-0.twimg.com/emoji/v2/svg/1f92d.svg
https://x.com/bataksidabutar,https://pbs.twimg.com/profile_images/1919312412014194688/lABn2SI8_bigger.jpg,https://x.com/bataksidabutar,B,@bataksidabutar,Â·,https://x.com/bataksidabutar/status/1913185340224909641/analytics,,Benar pak,,,113,https://x.com/bataksidabutar/status/1913185340224909641,18 Apr,https://abs-0.twimg.com/emoji/v2/svg/1f44d.svg
https://x.com/thoyibig,https://pbs.twimg.com/profile_images/1921512760468553728/puXA5t4q_bigger.jpg,https://x.com/thoyibig,Talitimba,@thoyibig,Â·,https://x.com/thoyibig/status/1913198832684536102/analytics,,Bukannya tarif yang diputuskan Trump itu dikenakan untuk barang yang diekspor ke Amerika?,,,95,https://x.com/thoyibig/status/1913198832684536102,18 Apr,
https://x.com/andipadillah7,https://pbs.twimg.com/profile_images/1830434562763317248/WsgHuHYU_bigger.jpg,https://x.com/andipadillah7,andi padillah,@andipadillah7,Â·,https://x.com/andipadillah7/status/1913809043484971042/analytics,,"Kalau rakyat gak ada yg di takutin pak......
Yg takut itu cuma pemerintah sajaa",,,30,https://x.com/andipadillah7/status/1913809043484971042,20 Apr,
https://x.com/mundhri03180616,https://pbs.twimg.com/profile_images/1562656252093550592/AYaLqBgf_bigger.jpg,https://x.com/mundhri03180616,Wafi Al shadiq,@mundhri03180616,Â·,https://x.com/mundhri03180616/status/1913253290764386489/analytics,,Beberapa bulan ini pak sandi lebih intens dgn pemerintah.ada kemungkinan bergabung dgn pemerintah ya pak.,,,61,https://x.com/mundhri03180616/status/1913253290764386489,18 Apr,
https://x.com/sebenarhujan,https://pbs.twimg.com/profile_images/1706577628042498048/q8e6aWdV_bigger.jpg,https://x.com/sebenarhujan,nugraha dwitama,@sebenarhujan,Â·,https://x.com/sebenarhujan/status/1913417442988331106/analytics,,Sayangnya malah smakin tunduk sma kemauan Trump....,,,42,https://x.com/sebenarhujan/status/1913417442988331106,19 Apr,
https://x.com/doelpaten,https://pbs.twimg.com/profile_images/1734501177587572736/5kVTt28s_bigger.jpg,https://x.com/doelpaten,doelpaten,@doelpaten,Â·,https://x.com/doelpaten/status/1913178901033160706/analytics,,"Memangnya rakyat amrik sdh dapat memenuhi semua kebutuhannya ya?

Kalo belum, dgn menerapkan tarif import yg tinggi, harga2 dlm negeri pasti melonjak, tak perlu digerakkan, rakyat Amerika sendiri yg akan marah kpd Trump",,,108,https://x.com/doelpaten/status/1913178901033160706,18 Apr,
https://x.com/TeaterCikini,https://pbs.twimg.com/profile_images/1933782366423822341/OICBfdjl_bigger.jpg,https://x.com/TeaterCikini,Sanggar Sinara Nusantara,@TeaterCikini,Â·,https://x.com/TeaterCikini/status/1914570819545784322/analytics,,Bapak,,,17,https://x.com/TeaterCikini/status/1914570819545784322,22 Apr,https://abs-0.twimg.com/emoji/v2/svg/1f644.svg
https://x.com/obedNababaN,https://pbs.twimg.com/profile_images/1095836353080610816/N6FrVwGn_bigger.jpg,https://x.com/obedNababaN,obed nababan,@obedNababaN,Â·,https://x.com/obedNababaN/status/1913358722166128741/analytics,,Come on lah pak jelas jelas,,,33,https://x.com/obedNababaN/status/1913358722166128741,19 Apr,
https://x.com/woilo_official,https://pbs.twimg.com/profile_images/1887430987245887490/T3UXUKYE_bigger.jpg,https://x.com/woilo_official,Woilo,@woilo_official,Â·,https://x.com/woilo_official/status/1913137362735157519/analytics,,"Setuju banget, pak! Memang kita harus bangga dan mendukung produk lokal. Karya-karya UMKM seperti jaket kulit Garut itu luar biasa. Dengan membeli produk lokal, kita juga membantu menciptakan lapangan kerja. Semoga makin banyak yang peduli sama produk dalam negeri!",,,142,https://x.com/woilo_official/status/1913137362735157519,18 Apr,https://abs-0.twimg.com/emoji/v2/svg/1f44a.svg
https://x.com/andipadillah7,https://pbs.twimg.com/profile_images/1830434562763317248/WsgHuHYU_bigger.jpg,https://x.com/andipadillah7,andi padillah,@andipadillah7,Â·,https://x.com/andipadillah7/status/1913809043484971042/analytics,,"Kalau rakyat gak ada yg di takutin pak......
Yg takut itu cuma pemerintah sajaa",30,,,https://x.com/andipadillah7/status/1913809043484971042,20 Apr,
