x1i10hfl href,x193iq5w,xdj266r,x1lliihq,x1i10hfl 2,x1i10hfl href 5,xi81zsa 2,x1i10hfl 3,x3ajldb href 2,x193iq5w 2,x1lliihq 2
https://www.facebook.com/zumiartie.miar?comment_id=Y29tbWVudDoxMjc4Mjg5NzQ3MDE0NjY5XzcyNjY2NDk4MzMzODU2OA%3D%3D&__cft__[0]=AZXj6x8QCDp69Z55024feyPo8N-_LISYQmg5puON6GRUzUbd2LK_ELn0_31vv6y0WH4z1g-LZxzlOUrzx1YVdqWIPpkj9NXj6WqPysoTJIuPVp8R2o7QnzornHXEmlqa6MXCAhzMUYbhLfdMVBzM01vkVBTR0mcFzkhf9kSMkC0Nsg&__tn__=R]-R,Mii Miars,Bismillah aza yaaaa besty,Berlangganan Mii Miars,6 minggu,https://www.facebook.com/zumiartie.miar/posts/pfbid02rsB6wrgHEr8a4XVN5RmbYare4mVZn7L6ns2nsfBT93sivJdCkrJpMT4f9bct1hRcl?comment_id=726664983338568&__cft__[0]=AZXj6x8QCDp69Z55024feyPo8N-_LISYQmg5puON6GRUzUbd2LK_ELn0_31vv6y0WH4z1g-LZxzlOUrzx1YVdqWIPpkj9NXj6WqPysoTJIuPVp8R2o7QnzornHXEmlqa6MXCAhzMUYbhLfdMVBzM01vkVBTR0mcFzkhf9kSMkC0Nsg&__tn__=R]-R,Suka,Balas,,,
https://www.facebook.com/4b4h.erdi?comment_id=Y29tbWVudDoxMjc4Mjg5NzQ3MDE0NjY5Xzc1MTA2MTc1NDEyNjg1NQ%3D%3D&__cft__[0]=AZXj6x8QCDp69Z55024feyPo8N-_LISYQmg5puON6GRUzUbd2LK_ELn0_31vv6y0WH4z1g-LZxzlOUrzx1YVdqWIPpkj9NXj6WqPysoTJIuPVp8R2o7QnzornHXEmlqa6MXCAhzMUYbhLfdMVBzM01vkVBTR0mcFzkhf9kSMkC0Nsg&__tn__=R]-R,Erdi Ridwan,"dorokdok kurupuk kulit, ngajedog we ah teu boga duit",Mii Miars membalas,6 minggu,https://www.facebook.com/zumiartie.miar/posts/pfbid02rsB6wrgHEr8a4XVN5RmbYare4mVZn7L6ns2nsfBT93sivJdCkrJpMT4f9bct1hRcl?comment_id=751061754126855&__cft__[0]=AZXj6x8QCDp69Z55024feyPo8N-_LISYQmg5puON6GRUzUbd2LK_ELn0_31vv6y0WH4z1g-LZxzlOUrzx1YVdqWIPpkj9NXj6WqPysoTJIuPVp8R2o7QnzornHXEmlqa6MXCAhzMUYbhLfdMVBzM01vkVBTR0mcFzkhf9kSMkC0Nsg&__tn__=R]-R,Suka,Balas,[object Object],·,1 balasan
https://www.facebook.com/kusni.permana.94?comment_id=Y29tbWVudDoxMjc4Mjg5NzQ3MDE0NjY5XzcxOTQ1ODg4NzUwMzE3OA%3D%3D&__cft__[0]=AZXj6x8QCDp69Z55024feyPo8N-_LISYQmg5puON6GRUzUbd2LK_ELn0_31vv6y0WH4z1g-LZxzlOUrzx1YVdqWIPpkj9NXj6WqPysoTJIuPVp8R2o7QnzornHXEmlqa6MXCAhzMUYbhLfdMVBzM01vkVBTR0mcFzkhf9kSMkC0Nsg&__tn__=R]-R,Kusni Permana,Kurupuk kulit sanes ari dorokdok,Mii Miars membalas,6 minggu,https://www.facebook.com/zumiartie.miar/posts/pfbid02rsB6wrgHEr8a4XVN5RmbYare4mVZn7L6ns2nsfBT93sivJdCkrJpMT4f9bct1hRcl?comment_id=719458887503178&__cft__[0]=AZXj6x8QCDp69Z55024feyPo8N-_LISYQmg5puON6GRUzUbd2LK_ELn0_31vv6y0WH4z1g-LZxzlOUrzx1YVdqWIPpkj9NXj6WqPysoTJIuPVp8R2o7QnzornHXEmlqa6MXCAhzMUYbhLfdMVBzM01vkVBTR0mcFzkhf9kSMkC0Nsg&__tn__=R]-R,Suka,Balas,[object Object],·,1 balasan
https://www.facebook.com/profile.php?id=61567323517291&comment_id=Y29tbWVudDoxMjc4Mjg5NzQ3MDE0NjY5XzE2ODkyODMyNTgzNjg5NjA%3D&__cft__[0]=AZXj6x8QCDp69Z55024feyPo8N-_LISYQmg5puON6GRUzUbd2LK_ELn0_31vv6y0WH4z1g-LZxzlOUrzx1YVdqWIPpkj9NXj6WqPysoTJIuPVp8R2o7QnzornHXEmlqa6MXCAhzMUYbhLfdMVBzM01vkVBTR0mcFzkhf9kSMkC0Nsg&__tn__=R]-R,Mulyana Mulyana,Kadieu ka Garut hyong dorokdok sareung dodol mah,Mii Miars membalas,6 minggu,https://www.facebook.com/zumiartie.miar/posts/pfbid02rsB6wrgHEr8a4XVN5RmbYare4mVZn7L6ns2nsfBT93sivJdCkrJpMT4f9bct1hRcl?comment_id=1689283258368960&__cft__[0]=AZXj6x8QCDp69Z55024feyPo8N-_LISYQmg5puON6GRUzUbd2LK_ELn0_31vv6y0WH4z1g-LZxzlOUrzx1YVdqWIPpkj9NXj6WqPysoTJIuPVp8R2o7QnzornHXEmlqa6MXCAhzMUYbhLfdMVBzM01vkVBTR0mcFzkhf9kSMkC0Nsg&__tn__=R]-R,Suka,Balas,[object Object],·,1 balasan
https://www.facebook.com/profile.php?id=100092039271113&comment_id=Y29tbWVudDoxMjc4Mjg5NzQ3MDE0NjY5XzcyMzA4Mzg1Mzg0MjExMA%3D%3D&__cft__[0]=AZXj6x8QCDp69Z55024feyPo8N-_LISYQmg5puON6GRUzUbd2LK_ELn0_31vv6y0WH4z1g-LZxzlOUrzx1YVdqWIPpkj9NXj6WqPysoTJIuPVp8R2o7QnzornHXEmlqa6MXCAhzMUYbhLfdMVBzM01vkVBTR0mcFzkhf9kSMkC0Nsg&__tn__=R]-R,Yati Nurhayati,Enak teh gurih aku juga kalau mudik ke garut kalau di jalan suka jajan,Mii Miars membalas,6 minggu,https://www.facebook.com/zumiartie.miar/posts/pfbid02rsB6wrgHEr8a4XVN5RmbYare4mVZn7L6ns2nsfBT93sivJdCkrJpMT4f9bct1hRcl?comment_id=723083853842110&__cft__[0]=AZXj6x8QCDp69Z55024feyPo8N-_LISYQmg5puON6GRUzUbd2LK_ELn0_31vv6y0WH4z1g-LZxzlOUrzx1YVdqWIPpkj9NXj6WqPysoTJIuPVp8R2o7QnzornHXEmlqa6MXCAhzMUYbhLfdMVBzM01vkVBTR0mcFzkhf9kSMkC0Nsg&__tn__=R]-R,Suka,Balas,[object Object],·,1 balasan
https://www.facebook.com/profile.php?id=61568176401460&comment_id=Y29tbWVudDoxMjc4Mjg5NzQ3MDE0NjY5XzE4MTE0MDQ4MTk3MjExMzk%3D&__cft__[0]=AZXj6x8QCDp69Z55024feyPo8N-_LISYQmg5puON6GRUzUbd2LK_ELn0_31vv6y0WH4z1g-LZxzlOUrzx1YVdqWIPpkj9NXj6WqPysoTJIuPVp8R2o7QnzornHXEmlqa6MXCAhzMUYbhLfdMVBzM01vkVBTR0mcFzkhf9kSMkC0Nsg&__tn__=R]-R,Hasan Faridl,Dorokdok kulit munding teu nyandak,Mii Miars membalas,6 minggu,https://www.facebook.com/zumiartie.miar/posts/pfbid02rsB6wrgHEr8a4XVN5RmbYare4mVZn7L6ns2nsfBT93sivJdCkrJpMT4f9bct1hRcl?comment_id=1811404819721139&__cft__[0]=AZXj6x8QCDp69Z55024feyPo8N-_LISYQmg5puON6GRUzUbd2LK_ELn0_31vv6y0WH4z1g-LZxzlOUrzx1YVdqWIPpkj9NXj6WqPysoTJIuPVp8R2o7QnzornHXEmlqa6MXCAhzMUYbhLfdMVBzM01vkVBTR0mcFzkhf9kSMkC0Nsg&__tn__=R]-R,Suka,Balas,[object Object],·,2 Balasan
https://www.facebook.com/adee.trizz?comment_id=Y29tbWVudDoxMjc4Mjg5NzQ3MDE0NjY5XzE3ODgyMzg3NjE5MDQ2MDQ%3D&__cft__[0]=AZXj6x8QCDp69Z55024feyPo8N-_LISYQmg5puON6GRUzUbd2LK_ELn0_31vv6y0WH4z1g-LZxzlOUrzx1YVdqWIPpkj9NXj6WqPysoTJIuPVp8R2o7QnzornHXEmlqa6MXCAhzMUYbhLfdMVBzM01vkVBTR0mcFzkhf9kSMkC0Nsg&__tn__=R]-R,Adee Trizz,Burayotna mana??,Mii Miars membalas,6 minggu,https://www.facebook.com/zumiartie.miar/posts/pfbid02rsB6wrgHEr8a4XVN5RmbYare4mVZn7L6ns2nsfBT93sivJdCkrJpMT4f9bct1hRcl?comment_id=1788238761904604&__cft__[0]=AZXj6x8QCDp69Z55024feyPo8N-_LISYQmg5puON6GRUzUbd2LK_ELn0_31vv6y0WH4z1g-LZxzlOUrzx1YVdqWIPpkj9NXj6WqPysoTJIuPVp8R2o7QnzornHXEmlqa6MXCAhzMUYbhLfdMVBzM01vkVBTR0mcFzkhf9kSMkC0Nsg&__tn__=R]-R,Suka,Balas,[object Object],·,3 Balasan
https://www.facebook.com/iwan.gunawan.761629?comment_id=Y29tbWVudDoxMjc4Mjg5NzQ3MDE0NjY5XzQxNTcxMjAyMTEyNzM3NTM%3D&__cft__[0]=AZXj6x8QCDp69Z55024feyPo8N-_LISYQmg5puON6GRUzUbd2LK_ELn0_31vv6y0WH4z1g-LZxzlOUrzx1YVdqWIPpkj9NXj6WqPysoTJIuPVp8R2o7QnzornHXEmlqa6MXCAhzMUYbhLfdMVBzM01vkVBTR0mcFzkhf9kSMkC0Nsg&__tn__=R]-R,Iwan Gunawan,Gera bobo ucu bilih karugrag,Mii Miars membalas,6 minggu,https://www.facebook.com/zumiartie.miar/posts/pfbid02rsB6wrgHEr8a4XVN5RmbYare4mVZn7L6ns2nsfBT93sivJdCkrJpMT4f9bct1hRcl?comment_id=4157120211273753&__cft__[0]=AZXj6x8QCDp69Z55024feyPo8N-_LISYQmg5puON6GRUzUbd2LK_ELn0_31vv6y0WH4z1g-LZxzlOUrzx1YVdqWIPpkj9NXj6WqPysoTJIuPVp8R2o7QnzornHXEmlqa6MXCAhzMUYbhLfdMVBzM01vkVBTR0mcFzkhf9kSMkC0Nsg&__tn__=R]-R,Suka,Balas,[object Object],·,6 Balasan
https://www.facebook.com/ikam.do.2025?comment_id=Y29tbWVudDoxMjc4Mjg5NzQ3MDE0NjY5XzEyNTM2Mjg2ODk1NTM1NTM%3D&__cft__[0]=AZXj6x8QCDp69Z55024feyPo8N-_LISYQmg5puON6GRUzUbd2LK_ELn0_31vv6y0WH4z1g-LZxzlOUrzx1YVdqWIPpkj9NXj6WqPysoTJIuPVp8R2o7QnzornHXEmlqa6MXCAhzMUYbhLfdMVBzM01vkVBTR0mcFzkhf9kSMkC0Nsg&__tn__=R]-R,Ikam Do,Hyg atth ih ...,Mii Miars membalas,6 minggu,https://www.facebook.com/zumiartie.miar/posts/pfbid02rsB6wrgHEr8a4XVN5RmbYare4mVZn7L6ns2nsfBT93sivJdCkrJpMT4f9bct1hRcl?comment_id=1253628689553553&__cft__[0]=AZXj6x8QCDp69Z55024feyPo8N-_LISYQmg5puON6GRUzUbd2LK_ELn0_31vv6y0WH4z1g-LZxzlOUrzx1YVdqWIPpkj9NXj6WqPysoTJIuPVp8R2o7QnzornHXEmlqa6MXCAhzMUYbhLfdMVBzM01vkVBTR0mcFzkhf9kSMkC0Nsg&__tn__=R]-R,Suka,Balas,[object Object],·,3 Balasan
https://www.facebook.com/randy.911385?comment_id=Y29tbWVudDoxMjc4Mjg5NzQ3MDE0NjY5XzExMzgwNjUyNjUwMjU0NTQ%3D&__cft__[0]=AZXj6x8QCDp69Z55024feyPo8N-_LISYQmg5puON6GRUzUbd2LK_ELn0_31vv6y0WH4z1g-LZxzlOUrzx1YVdqWIPpkj9NXj6WqPysoTJIuPVp8R2o7QnzornHXEmlqa6MXCAhzMUYbhLfdMVBzM01vkVBTR0mcFzkhf9kSMkC0Nsg&__tn__=R]-R,Randy,mantapppp nih,Mii Miars membalas,6 minggu,https://www.facebook.com/zumiartie.miar/posts/pfbid02rsB6wrgHEr8a4XVN5RmbYare4mVZn7L6ns2nsfBT93sivJdCkrJpMT4f9bct1hRcl?comment_id=1138065265025454&__cft__[0]=AZXj6x8QCDp69Z55024feyPo8N-_LISYQmg5puON6GRUzUbd2LK_ELn0_31vv6y0WH4z1g-LZxzlOUrzx1YVdqWIPpkj9NXj6WqPysoTJIuPVp8R2o7QnzornHXEmlqa6MXCAhzMUYbhLfdMVBzM01vkVBTR0mcFzkhf9kSMkC0Nsg&__tn__=R]-R,Suka,Balas,[object Object],·,4 Balasan
https://www.facebook.com/yana.opank?comment_id=Y29tbWVudDoxMjc4Mjg5NzQ3MDE0NjY5XzE0NjY0MDYxODc4Njk2ODQ%3D&__cft__[0]=AZXj6x8QCDp69Z55024feyPo8N-_LISYQmg5puON6GRUzUbd2LK_ELn0_31vv6y0WH4z1g-LZxzlOUrzx1YVdqWIPpkj9NXj6WqPysoTJIuPVp8R2o7QnzornHXEmlqa6MXCAhzMUYbhLfdMVBzM01vkVBTR0mcFzkhf9kSMkC0Nsg&__tn__=R]-R,Yana Supriatna,"Mantap sekali teh,",Mii Miars membalas,6 minggu,https://www.facebook.com/zumiartie.miar/posts/pfbid02rsB6wrgHEr8a4XVN5RmbYare4mVZn7L6ns2nsfBT93sivJdCkrJpMT4f9bct1hRcl?comment_id=1466406187869684&__cft__[0]=AZXj6x8QCDp69Z55024feyPo8N-_LISYQmg5puON6GRUzUbd2LK_ELn0_31vv6y0WH4z1g-LZxzlOUrzx1YVdqWIPpkj9NXj6WqPysoTJIuPVp8R2o7QnzornHXEmlqa6MXCAhzMUYbhLfdMVBzM01vkVBTR0mcFzkhf9kSMkC0Nsg&__tn__=R]-R,Suka,Balas,[object Object],·,1 balasan
https://www.facebook.com/profile.php?id=61560490871250&comment_id=Y29tbWVudDoxMjc4Mjg5NzQ3MDE0NjY5XzEzMjY5NTg0OTU2MzI1NDg%3D&__cft__[0]=AZXj6x8QCDp69Z55024feyPo8N-_LISYQmg5puON6GRUzUbd2LK_ELn0_31vv6y0WH4z1g-LZxzlOUrzx1YVdqWIPpkj9NXj6WqPysoTJIuPVp8R2o7QnzornHXEmlqa6MXCAhzMUYbhLfdMVBzM01vkVBTR0mcFzkhf9kSMkC0Nsg&__tn__=R]-R,Ngah Nata,Boleh juga bak dodol nya,Mii Miars membalas,6 minggu,https://www.facebook.com/zumiartie.miar/posts/pfbid02rsB6wrgHEr8a4XVN5RmbYare4mVZn7L6ns2nsfBT93sivJdCkrJpMT4f9bct1hRcl?comment_id=1326958495632548&__cft__[0]=AZXj6x8QCDp69Z55024feyPo8N-_LISYQmg5puON6GRUzUbd2LK_ELn0_31vv6y0WH4z1g-LZxzlOUrzx1YVdqWIPpkj9NXj6WqPysoTJIuPVp8R2o7QnzornHXEmlqa6MXCAhzMUYbhLfdMVBzM01vkVBTR0mcFzkhf9kSMkC0Nsg&__tn__=R]-R,Suka,Balas,[object Object],·,1 balasan
https://www.facebook.com/agus.alleuy?comment_id=Y29tbWVudDoxMjc4Mjg5NzQ3MDE0NjY5XzEyNDcwOTY1NjY4Njg2MTc%3D&__cft__[0]=AZXj6x8QCDp69Z55024feyPo8N-_LISYQmg5puON6GRUzUbd2LK_ELn0_31vv6y0WH4z1g-LZxzlOUrzx1YVdqWIPpkj9NXj6WqPysoTJIuPVp8R2o7QnzornHXEmlqa6MXCAhzMUYbhLfdMVBzM01vkVBTR0mcFzkhf9kSMkC0Nsg&__tn__=R]-R,Agus Alleuy,Waw enak tuh sama indomi bawang,Mii Miars membalas,6 minggu,https://www.facebook.com/zumiartie.miar/posts/pfbid02rsB6wrgHEr8a4XVN5RmbYare4mVZn7L6ns2nsfBT93sivJdCkrJpMT4f9bct1hRcl?comment_id=1247096566868617&__cft__[0]=AZXj6x8QCDp69Z55024feyPo8N-_LISYQmg5puON6GRUzUbd2LK_ELn0_31vv6y0WH4z1g-LZxzlOUrzx1YVdqWIPpkj9NXj6WqPysoTJIuPVp8R2o7QnzornHXEmlqa6MXCAhzMUYbhLfdMVBzM01vkVBTR0mcFzkhf9kSMkC0Nsg&__tn__=R]-R,Suka,Balas,[object Object],·,1 balasan
https://www.facebook.com/nor.aine.708320?comment_id=Y29tbWVudDoxMjc4Mjg5NzQ3MDE0NjY5XzQxNjU3NDIyOTAzMTU5MTM%3D&__cft__[0]=AZXj6x8QCDp69Z55024feyPo8N-_LISYQmg5puON6GRUzUbd2LK_ELn0_31vv6y0WH4z1g-LZxzlOUrzx1YVdqWIPpkj9NXj6WqPysoTJIuPVp8R2o7QnzornHXEmlqa6MXCAhzMUYbhLfdMVBzM01vkVBTR0mcFzkhf9kSMkC0Nsg&__tn__=R]-R,Nor Aine,Aku suka aku suka,Mii Miars membalas,6 minggu,https://www.facebook.com/zumiartie.miar/posts/pfbid02rsB6wrgHEr8a4XVN5RmbYare4mVZn7L6ns2nsfBT93sivJdCkrJpMT4f9bct1hRcl?comment_id=4165742290315913&__cft__[0]=AZXj6x8QCDp69Z55024feyPo8N-_LISYQmg5puON6GRUzUbd2LK_ELn0_31vv6y0WH4z1g-LZxzlOUrzx1YVdqWIPpkj9NXj6WqPysoTJIuPVp8R2o7QnzornHXEmlqa6MXCAhzMUYbhLfdMVBzM01vkVBTR0mcFzkhf9kSMkC0Nsg&__tn__=R]-R,Suka,Balas,[object Object],·,1 balasan
https://www.facebook.com/kang.kebon.109478?comment_id=Y29tbWVudDoxMjc4Mjg5NzQ3MDE0NjY5XzQxNjA3NDUyNTA4NjEyNDk%3D&__cft__[0]=AZXj6x8QCDp69Z55024feyPo8N-_LISYQmg5puON6GRUzUbd2LK_ELn0_31vv6y0WH4z1g-LZxzlOUrzx1YVdqWIPpkj9NXj6WqPysoTJIuPVp8R2o7QnzornHXEmlqa6MXCAhzMUYbhLfdMVBzM01vkVBTR0mcFzkhf9kSMkC0Nsg&__tn__=R]-R,Kang Kebon,"Mantap dorokdokna neng,,selamat menikmati",Mii Miars membalas,6 minggu,https://www.facebook.com/zumiartie.miar/posts/pfbid02rsB6wrgHEr8a4XVN5RmbYare4mVZn7L6ns2nsfBT93sivJdCkrJpMT4f9bct1hRcl?comment_id=4160745250861249&__cft__[0]=AZXj6x8QCDp69Z55024feyPo8N-_LISYQmg5puON6GRUzUbd2LK_ELn0_31vv6y0WH4z1g-LZxzlOUrzx1YVdqWIPpkj9NXj6WqPysoTJIuPVp8R2o7QnzornHXEmlqa6MXCAhzMUYbhLfdMVBzM01vkVBTR0mcFzkhf9kSMkC0Nsg&__tn__=R]-R,Suka,Balas,[object Object],·,1 balasan
https://www.facebook.com/asepeme.asepeme.5?comment_id=Y29tbWVudDoxMjc4Mjg5NzQ3MDE0NjY5XzE5OTQ0NTcwMzQyOTI2NTc%3D&__cft__[0]=AZXj6x8QCDp69Z55024feyPo8N-_LISYQmg5puON6GRUzUbd2LK_ELn0_31vv6y0WH4z1g-LZxzlOUrzx1YVdqWIPpkj9NXj6WqPysoTJIuPVp8R2o7QnzornHXEmlqa6MXCAhzMUYbhLfdMVBzM01vkVBTR0mcFzkhf9kSMkC0Nsg&__tn__=R]-R,Acep Acep Eme,Alhamdulilah,Mii Miars membalas,6 minggu,https://www.facebook.com/zumiartie.miar/posts/pfbid02rsB6wrgHEr8a4XVN5RmbYare4mVZn7L6ns2nsfBT93sivJdCkrJpMT4f9bct1hRcl?comment_id=1994457034292657&__cft__[0]=AZXj6x8QCDp69Z55024feyPo8N-_LISYQmg5puON6GRUzUbd2LK_ELn0_31vv6y0WH4z1g-LZxzlOUrzx1YVdqWIPpkj9NXj6WqPysoTJIuPVp8R2o7QnzornHXEmlqa6MXCAhzMUYbhLfdMVBzM01vkVBTR0mcFzkhf9kSMkC0Nsg&__tn__=R]-R,Suka,Balas,[object Object],·,1 balasan
https://www.facebook.com/slaluchelseafctheblus.fctheblus?comment_id=Y29tbWVudDoxMjc4Mjg5NzQ3MDE0NjY5XzIwNTA1NDYxMzU0NzA5NzM%3D&__cft__[0]=AZXj6x8QCDp69Z55024feyPo8N-_LISYQmg5puON6GRUzUbd2LK_ELn0_31vv6y0WH4z1g-LZxzlOUrzx1YVdqWIPpkj9NXj6WqPysoTJIuPVp8R2o7QnzornHXEmlqa6MXCAhzMUYbhLfdMVBzM01vkVBTR0mcFzkhf9kSMkC0Nsg&__tn__=R]-R,Fendy R Bae,Alhamdulilah rezeki kak,Mii Miars membalas,6 minggu,https://www.facebook.com/zumiartie.miar/posts/pfbid02rsB6wrgHEr8a4XVN5RmbYare4mVZn7L6ns2nsfBT93sivJdCkrJpMT4f9bct1hRcl?comment_id=2050546135470973&__cft__[0]=AZXj6x8QCDp69Z55024feyPo8N-_LISYQmg5puON6GRUzUbd2LK_ELn0_31vv6y0WH4z1g-LZxzlOUrzx1YVdqWIPpkj9NXj6WqPysoTJIuPVp8R2o7QnzornHXEmlqa6MXCAhzMUYbhLfdMVBzM01vkVBTR0mcFzkhf9kSMkC0Nsg&__tn__=R]-R,Suka,Balas,[object Object],·,1 balasan
https://www.facebook.com/rizki.n.putri.315?comment_id=Y29tbWVudDoxMjc4Mjg5NzQ3MDE0NjY5Xzc0NjI0NjMxNzk1MDc1MQ%3D%3D&__cft__[0]=AZXj6x8QCDp69Z55024feyPo8N-_LISYQmg5puON6GRUzUbd2LK_ELn0_31vv6y0WH4z1g-LZxzlOUrzx1YVdqWIPpkj9NXj6WqPysoTJIuPVp8R2o7QnzornHXEmlqa6MXCAhzMUYbhLfdMVBzM01vkVBTR0mcFzkhf9kSMkC0Nsg&__tn__=R]-R,Rizki Nurul Putri,Alhamdulillah rezeki yah kak,Mii Miars membalas,6 minggu,https://www.facebook.com/zumiartie.miar/posts/pfbid02rsB6wrgHEr8a4XVN5RmbYare4mVZn7L6ns2nsfBT93sivJdCkrJpMT4f9bct1hRcl?comment_id=746246317950751&__cft__[0]=AZXj6x8QCDp69Z55024feyPo8N-_LISYQmg5puON6GRUzUbd2LK_ELn0_31vv6y0WH4z1g-LZxzlOUrzx1YVdqWIPpkj9NXj6WqPysoTJIuPVp8R2o7QnzornHXEmlqa6MXCAhzMUYbhLfdMVBzM01vkVBTR0mcFzkhf9kSMkC0Nsg&__tn__=R]-R,Suka,Balas,[object Object],·,1 balasan
https://www.facebook.com/asep.haris.509?comment_id=Y29tbWVudDoxMjc4Mjg5NzQ3MDE0NjY5XzI0MDYyOTQ2MDI5OTg0MDM0&__cft__[0]=AZXj6x8QCDp69Z55024feyPo8N-_LISYQmg5puON6GRUzUbd2LK_ELn0_31vv6y0WH4z1g-LZxzlOUrzx1YVdqWIPpkj9NXj6WqPysoTJIuPVp8R2o7QnzornHXEmlqa6MXCAhzMUYbhLfdMVBzM01vkVBTR0mcFzkhf9kSMkC0Nsg&__tn__=R]-R,Asep Haris,mantap bun rezki itu,Mii Miars membalas,6 minggu,https://www.facebook.com/zumiartie.miar/posts/pfbid02rsB6wrgHEr8a4XVN5RmbYare4mVZn7L6ns2nsfBT93sivJdCkrJpMT4f9bct1hRcl?comment_id=24062946029984034&__cft__[0]=AZXj6x8QCDp69Z55024feyPo8N-_LISYQmg5puON6GRUzUbd2LK_ELn0_31vv6y0WH4z1g-LZxzlOUrzx1YVdqWIPpkj9NXj6WqPysoTJIuPVp8R2o7QnzornHXEmlqa6MXCAhzMUYbhLfdMVBzM01vkVBTR0mcFzkhf9kSMkC0Nsg&__tn__=R]-R,Suka,Balas,[object Object],·,2 Balasan
https://www.facebook.com/dian.gunawan.3388?comment_id=Y29tbWVudDoxMjc4Mjg5NzQ3MDE0NjY5XzcxMjMyOTA5ODI4NTYwNg%3D%3D&__cft__[0]=AZXj6x8QCDp69Z55024feyPo8N-_LISYQmg5puON6GRUzUbd2LK_ELn0_31vv6y0WH4z1g-LZxzlOUrzx1YVdqWIPpkj9NXj6WqPysoTJIuPVp8R2o7QnzornHXEmlqa6MXCAhzMUYbhLfdMVBzM01vkVBTR0mcFzkhf9kSMkC0Nsg&__tn__=R]-R,Menyala Abangku,Mau,Mii Miars membalas,6 minggu,https://www.facebook.com/zumiartie.miar/posts/pfbid02rsB6wrgHEr8a4XVN5RmbYare4mVZn7L6ns2nsfBT93sivJdCkrJpMT4f9bct1hRcl?comment_id=712329098285606&__cft__[0]=AZXj6x8QCDp69Z55024feyPo8N-_LISYQmg5puON6GRUzUbd2LK_ELn0_31vv6y0WH4z1g-LZxzlOUrzx1YVdqWIPpkj9NXj6WqPysoTJIuPVp8R2o7QnzornHXEmlqa6MXCAhzMUYbhLfdMVBzM01vkVBTR0mcFzkhf9kSMkC0Nsg&__tn__=R]-R,Suka,Balas,[object Object],·,1 balasan
https://www.facebook.com/adiprianto.prianto?comment_id=Y29tbWVudDoxMjc4Mjg5NzQ3MDE0NjY5Xzk3MDgzNTE5MTcxNzY1OQ%3D%3D&__cft__[0]=AZXj6x8QCDp69Z55024feyPo8N-_LISYQmg5puON6GRUzUbd2LK_ELn0_31vv6y0WH4z1g-LZxzlOUrzx1YVdqWIPpkj9NXj6WqPysoTJIuPVp8R2o7QnzornHXEmlqa6MXCAhzMUYbhLfdMVBzM01vkVBTR0mcFzkhf9kSMkC0Nsg&__tn__=R]-R,Kec Astuti Wiwi,Dorodok,Mii Miars membalas,6 minggu,https://www.facebook.com/zumiartie.miar/posts/pfbid02rsB6wrgHEr8a4XVN5RmbYare4mVZn7L6ns2nsfBT93sivJdCkrJpMT4f9bct1hRcl?comment_id=970835191717659&__cft__[0]=AZXj6x8QCDp69Z55024feyPo8N-_LISYQmg5puON6GRUzUbd2LK_ELn0_31vv6y0WH4z1g-LZxzlOUrzx1YVdqWIPpkj9NXj6WqPysoTJIuPVp8R2o7QnzornHXEmlqa6MXCAhzMUYbhLfdMVBzM01vkVBTR0mcFzkhf9kSMkC0Nsg&__tn__=R]-R,Suka,Balas,[object Object],·,1 balasan
https://www.facebook.com/TITAZIK?comment_id=Y29tbWVudDoxMjc4Mjg5NzQ3MDE0NjY5Xzk0Nzc1OTEyNzQzOTI4OA%3D%3D&__cft__[0]=AZXj6x8QCDp69Z55024feyPo8N-_LISYQmg5puON6GRUzUbd2LK_ELn0_31vv6y0WH4z1g-LZxzlOUrzx1YVdqWIPpkj9NXj6WqPysoTJIuPVp8R2o7QnzornHXEmlqa6MXCAhzMUYbhLfdMVBzM01vkVBTR0mcFzkhf9kSMkC0Nsg&__tn__=R]-R,Npan Syah Dtasik,Mantap k,Mii Miars membalas,6 minggu,https://www.facebook.com/zumiartie.miar/posts/pfbid02rsB6wrgHEr8a4XVN5RmbYare4mVZn7L6ns2nsfBT93sivJdCkrJpMT4f9bct1hRcl?comment_id=947759127439288&__cft__[0]=AZXj6x8QCDp69Z55024feyPo8N-_LISYQmg5puON6GRUzUbd2LK_ELn0_31vv6y0WH4z1g-LZxzlOUrzx1YVdqWIPpkj9NXj6WqPysoTJIuPVp8R2o7QnzornHXEmlqa6MXCAhzMUYbhLfdMVBzM01vkVBTR0mcFzkhf9kSMkC0Nsg&__tn__=R]-R,Suka,Balas,[object Object],·,1 balasan
https://www.facebook.com/fitri.yanti.960409?comment_id=Y29tbWVudDoxMjc4Mjg5NzQ3MDE0NjY5XzMwNjUzODkzNzY5NzYzNzM%3D&__cft__[0]=AZXj6x8QCDp69Z55024feyPo8N-_LISYQmg5puON6GRUzUbd2LK_ELn0_31vv6y0WH4z1g-LZxzlOUrzx1YVdqWIPpkj9NXj6WqPysoTJIuPVp8R2o7QnzornHXEmlqa6MXCAhzMUYbhLfdMVBzM01vkVBTR0mcFzkhf9kSMkC0Nsg&__tn__=R]-R,Fitri Yanti,mantappp,Mii Miars membalas,6 minggu,https://www.facebook.com/zumiartie.miar/posts/pfbid02rsB6wrgHEr8a4XVN5RmbYare4mVZn7L6ns2nsfBT93sivJdCkrJpMT4f9bct1hRcl?comment_id=3065389376976373&__cft__[0]=AZXj6x8QCDp69Z55024feyPo8N-_LISYQmg5puON6GRUzUbd2LK_ELn0_31vv6y0WH4z1g-LZxzlOUrzx1YVdqWIPpkj9NXj6WqPysoTJIuPVp8R2o7QnzornHXEmlqa6MXCAhzMUYbhLfdMVBzM01vkVBTR0mcFzkhf9kSMkC0Nsg&__tn__=R]-R,Suka,Balas,[object Object],·,1 balasan
https://www.facebook.com/profile.php?id=100085994553291&comment_id=Y29tbWVudDoxMjc4Mjg5NzQ3MDE0NjY5XzE0MjgxNTgxOTE3MjYxNTE%3D&__cft__[0]=AZXj6x8QCDp69Z55024feyPo8N-_LISYQmg5puON6GRUzUbd2LK_ELn0_31vv6y0WH4z1g-LZxzlOUrzx1YVdqWIPpkj9NXj6WqPysoTJIuPVp8R2o7QnzornHXEmlqa6MXCAhzMUYbhLfdMVBzM01vkVBTR0mcFzkhf9kSMkC0Nsg&__tn__=R]-R,Elsa Yulistiana Dewi,Mantap besti,Mii Miars membalas,6 minggu,https://www.facebook.com/zumiartie.miar/posts/pfbid02rsB6wrgHEr8a4XVN5RmbYare4mVZn7L6ns2nsfBT93sivJdCkrJpMT4f9bct1hRcl?comment_id=1428158191726151&__cft__[0]=AZXj6x8QCDp69Z55024feyPo8N-_LISYQmg5puON6GRUzUbd2LK_ELn0_31vv6y0WH4z1g-LZxzlOUrzx1YVdqWIPpkj9NXj6WqPysoTJIuPVp8R2o7QnzornHXEmlqa6MXCAhzMUYbhLfdMVBzM01vkVBTR0mcFzkhf9kSMkC0Nsg&__tn__=R]-R,Suka,Balas,[object Object],·,1 balasan
https://www.facebook.com/tocka.abdinegera?comment_id=Y29tbWVudDoxMjc4Mjg5NzQ3MDE0NjY5XzY4OTk4OTUzMDY5OTgyNA%3D%3D&__cft__[0]=AZXj6x8QCDp69Z55024feyPo8N-_LISYQmg5puON6GRUzUbd2LK_ELn0_31vv6y0WH4z1g-LZxzlOUrzx1YVdqWIPpkj9NXj6WqPysoTJIuPVp8R2o7QnzornHXEmlqa6MXCAhzMUYbhLfdMVBzM01vkVBTR0mcFzkhf9kSMkC0Nsg&__tn__=R]-R,Tocka Abdi Negera,Namina meni dorokdok...Aya Aya wae,Mii Miars membalas,6 minggu,https://www.facebook.com/zumiartie.miar/posts/pfbid02rsB6wrgHEr8a4XVN5RmbYare4mVZn7L6ns2nsfBT93sivJdCkrJpMT4f9bct1hRcl?comment_id=689989530699824&__cft__[0]=AZXj6x8QCDp69Z55024feyPo8N-_LISYQmg5puON6GRUzUbd2LK_ELn0_31vv6y0WH4z1g-LZxzlOUrzx1YVdqWIPpkj9NXj6WqPysoTJIuPVp8R2o7QnzornHXEmlqa6MXCAhzMUYbhLfdMVBzM01vkVBTR0mcFzkhf9kSMkC0Nsg&__tn__=R]-R,Suka,Balas,[object Object],·,1 balasan
https://www.facebook.com/WestNurLiman?comment_id=Y29tbWVudDoxMjc4Mjg5NzQ3MDE0NjY5XzEwMTYzNjYwMDcxODIyODA%3D&__cft__[0]=AZXj6x8QCDp69Z55024feyPo8N-_LISYQmg5puON6GRUzUbd2LK_ELn0_31vv6y0WH4z1g-LZxzlOUrzx1YVdqWIPpkj9NXj6WqPysoTJIuPVp8R2o7QnzornHXEmlqa6MXCAhzMUYbhLfdMVBzM01vkVBTR0mcFzkhf9kSMkC0Nsg&__tn__=R]-R,Stones Dough Comedi,Dorokdok,Mii Miars membalas,6 minggu,https://www.facebook.com/zumiartie.miar/posts/pfbid02rsB6wrgHEr8a4XVN5RmbYare4mVZn7L6ns2nsfBT93sivJdCkrJpMT4f9bct1hRcl?comment_id=1016366007182280&__cft__[0]=AZXj6x8QCDp69Z55024feyPo8N-_LISYQmg5puON6GRUzUbd2LK_ELn0_31vv6y0WH4z1g-LZxzlOUrzx1YVdqWIPpkj9NXj6WqPysoTJIuPVp8R2o7QnzornHXEmlqa6MXCAhzMUYbhLfdMVBzM01vkVBTR0mcFzkhf9kSMkC0Nsg&__tn__=R]-R,Suka,Balas,[object Object],·,1 balasan
https://www.facebook.com/ica.sastika.2025?comment_id=Y29tbWVudDoyMzI0NDg0NjAxMzMwMDg3XzIwOTU2MjIwNzc1OTg5NjU%3D&__cft__[0]=AZXc8Cpeintdy4P0OX-UvmzoxrC2Cl9eL4zjN4963W85iRnSjT24r4eMxnEN6Ji1cDo4HaVWSHxQQs5U7RifYH0KgJCKlKjOzJSQKFO522MvLlN1IFbNTSCyl-N6cKhUlvLvDz0X__J4q1pUEAGSnmpxf-CGku5pwXtW9r2XlyhBzg&__tn__=R]-R,Ica Sastika,Mantap kk gurih  klo disini namanya krupuk cecek,Izni Rachma membalas,6 minggu,https://www.facebook.com/isni.rachmawati.7/posts/pfbid0STNmjhCBHW2kb3Gvb25FbcCoYzqhjiRLRb7m4Age2zUGvAVyqFUwUdkF882R3WMtl?comment_id=2095622077598965&__cft__[0]=AZXc8Cpeintdy4P0OX-UvmzoxrC2Cl9eL4zjN4963W85iRnSjT24r4eMxnEN6Ji1cDo4HaVWSHxQQs5U7RifYH0KgJCKlKjOzJSQKFO522MvLlN1IFbNTSCyl-N6cKhUlvLvDz0X__J4q1pUEAGSnmpxf-CGku5pwXtW9r2XlyhBzg&__tn__=R]-R,Suka,Balas,[object Object],·,1 balasan
https://www.facebook.com/khusnul.khusnul.58910049?comment_id=Y29tbWVudDoyMzI0NDg0NjAxMzMwMDg3XzE0MzgwOTcxNjczMTgzOTM%3D&__cft__[0]=AZXc8Cpeintdy4P0OX-UvmzoxrC2Cl9eL4zjN4963W85iRnSjT24r4eMxnEN6Ji1cDo4HaVWSHxQQs5U7RifYH0KgJCKlKjOzJSQKFO522MvLlN1IFbNTSCyl-N6cKhUlvLvDz0X__J4q1pUEAGSnmpxf-CGku5pwXtW9r2XlyhBzg&__tn__=R]-R,Usnul Taufiq,Klo ditempatku namanya krupuk rambak bun dari kulit sapi ya...,Izni Rachma membalas,6 minggu,https://www.facebook.com/isni.rachmawati.7/posts/pfbid0STNmjhCBHW2kb3Gvb25FbcCoYzqhjiRLRb7m4Age2zUGvAVyqFUwUdkF882R3WMtl?comment_id=1438097167318393&__cft__[0]=AZXc8Cpeintdy4P0OX-UvmzoxrC2Cl9eL4zjN4963W85iRnSjT24r4eMxnEN6Ji1cDo4HaVWSHxQQs5U7RifYH0KgJCKlKjOzJSQKFO522MvLlN1IFbNTSCyl-N6cKhUlvLvDz0X__J4q1pUEAGSnmpxf-CGku5pwXtW9r2XlyhBzg&__tn__=R]-R,Suka,Balas,[object Object],·,1 balasan
https://www.facebook.com/profile.php?id=100089417293835&comment_id=Y29tbWVudDoyMzI0NDg0NjAxMzMwMDg3XzE0MTYxMzcxOTYxMDUyNjU%3D&__cft__[0]=AZXc8Cpeintdy4P0OX-UvmzoxrC2Cl9eL4zjN4963W85iRnSjT24r4eMxnEN6Ji1cDo4HaVWSHxQQs5U7RifYH0KgJCKlKjOzJSQKFO522MvLlN1IFbNTSCyl-N6cKhUlvLvDz0X__J4q1pUEAGSnmpxf-CGku5pwXtW9r2XlyhBzg&__tn__=R]-R,Denri Rijal,"Wih mantap gurih dorokdok nya kriuk, bisa cod teh",Izni Rachma membalas,6 minggu,https://www.facebook.com/isni.rachmawati.7/posts/pfbid0STNmjhCBHW2kb3Gvb25FbcCoYzqhjiRLRb7m4Age2zUGvAVyqFUwUdkF882R3WMtl?comment_id=1416137196105265&__cft__[0]=AZXc8Cpeintdy4P0OX-UvmzoxrC2Cl9eL4zjN4963W85iRnSjT24r4eMxnEN6Ji1cDo4HaVWSHxQQs5U7RifYH0KgJCKlKjOzJSQKFO522MvLlN1IFbNTSCyl-N6cKhUlvLvDz0X__J4q1pUEAGSnmpxf-CGku5pwXtW9r2XlyhBzg&__tn__=R]-R,Suka,Balas,[object Object],·,1 balasan
https://www.facebook.com/tri.sunarti.560?comment_id=Y29tbWVudDoyMzI0NDg0NjAxMzMwMDg3XzEyNjkxODM3MTE2MTc3ODI%3D&__cft__[0]=AZXc8Cpeintdy4P0OX-UvmzoxrC2Cl9eL4zjN4963W85iRnSjT24r4eMxnEN6Ji1cDo4HaVWSHxQQs5U7RifYH0KgJCKlKjOzJSQKFO522MvLlN1IFbNTSCyl-N6cKhUlvLvDz0X__J4q1pUEAGSnmpxf-CGku5pwXtW9r2XlyhBzg&__tn__=R]-R,Tri Sunarti,Pernah nyobain enak bunda,Izni Rachma membalas,6 minggu,https://www.facebook.com/isni.rachmawati.7/posts/pfbid0STNmjhCBHW2kb3Gvb25FbcCoYzqhjiRLRb7m4Age2zUGvAVyqFUwUdkF882R3WMtl?comment_id=1269183711617782&__cft__[0]=AZXc8Cpeintdy4P0OX-UvmzoxrC2Cl9eL4zjN4963W85iRnSjT24r4eMxnEN6Ji1cDo4HaVWSHxQQs5U7RifYH0KgJCKlKjOzJSQKFO522MvLlN1IFbNTSCyl-N6cKhUlvLvDz0X__J4q1pUEAGSnmpxf-CGku5pwXtW9r2XlyhBzg&__tn__=R]-R,Suka,Balas,[object Object],·,1 balasan
https://www.facebook.com/dede.raka.cot.z?comment_id=Y29tbWVudDoyMzI0NDg0NjAxMzMwMDg3Xzc2MDI2ODcxMzMzOTY3Mg%3D%3D&__cft__[0]=AZXc8Cpeintdy4P0OX-UvmzoxrC2Cl9eL4zjN4963W85iRnSjT24r4eMxnEN6Ji1cDo4HaVWSHxQQs5U7RifYH0KgJCKlKjOzJSQKFO522MvLlN1IFbNTSCyl-N6cKhUlvLvDz0X__J4q1pUEAGSnmpxf-CGku5pwXtW9r2XlyhBzg&__tn__=R]-R,Dede Raka Cot'z,Jeket na bisa di goreng mrrn nya,Izni Rachma membalas,6 minggu,https://www.facebook.com/isni.rachmawati.7/posts/pfbid0STNmjhCBHW2kb3Gvb25FbcCoYzqhjiRLRb7m4Age2zUGvAVyqFUwUdkF882R3WMtl?comment_id=760268713339672&__cft__[0]=AZXc8Cpeintdy4P0OX-UvmzoxrC2Cl9eL4zjN4963W85iRnSjT24r4eMxnEN6Ji1cDo4HaVWSHxQQs5U7RifYH0KgJCKlKjOzJSQKFO522MvLlN1IFbNTSCyl-N6cKhUlvLvDz0X__J4q1pUEAGSnmpxf-CGku5pwXtW9r2XlyhBzg&__tn__=R]-R,Suka,Balas,[object Object],·,1 balasan
https://www.facebook.com/yayan.taufiq.315?comment_id=Y29tbWVudDoyMzI0NDg0NjAxMzMwMDg3XzEyNTMyNDg5MDk2MzY5MjI%3D&__cft__[0]=AZXc8Cpeintdy4P0OX-UvmzoxrC2Cl9eL4zjN4963W85iRnSjT24r4eMxnEN6Ji1cDo4HaVWSHxQQs5U7RifYH0KgJCKlKjOzJSQKFO522MvLlN1IFbNTSCyl-N6cKhUlvLvDz0X__J4q1pUEAGSnmpxf-CGku5pwXtW9r2XlyhBzg&__tn__=R]-R,Yayan Taufiq,Sepertinya pernah ditayangkan di televisi tapi aku agak lupa bunda bestie,Izni Rachma membalas,6 minggu,https://www.facebook.com/isni.rachmawati.7/posts/pfbid0STNmjhCBHW2kb3Gvb25FbcCoYzqhjiRLRb7m4Age2zUGvAVyqFUwUdkF882R3WMtl?comment_id=1253248909636922&__cft__[0]=AZXc8Cpeintdy4P0OX-UvmzoxrC2Cl9eL4zjN4963W85iRnSjT24r4eMxnEN6Ji1cDo4HaVWSHxQQs5U7RifYH0KgJCKlKjOzJSQKFO522MvLlN1IFbNTSCyl-N6cKhUlvLvDz0X__J4q1pUEAGSnmpxf-CGku5pwXtW9r2XlyhBzg&__tn__=R]-R,Suka,Balas,[object Object],·,1 balasan
https://www.facebook.com/profile.php?id=61569897532425&comment_id=Y29tbWVudDoyMzI0NDg0NjAxMzMwMDg3XzcwODIxNjA5ODg1MTE3Ng%3D%3D&__cft__[0]=AZXc8Cpeintdy4P0OX-UvmzoxrC2Cl9eL4zjN4963W85iRnSjT24r4eMxnEN6Ji1cDo4HaVWSHxQQs5U7RifYH0KgJCKlKjOzJSQKFO522MvLlN1IFbNTSCyl-N6cKhUlvLvDz0X__J4q1pUEAGSnmpxf-CGku5pwXtW9r2XlyhBzg&__tn__=R]-R,Raihan Raihan,Enak dorodok tth,Izni Rachma membalas,6 minggu,https://www.facebook.com/isni.rachmawati.7/posts/pfbid0STNmjhCBHW2kb3Gvb25FbcCoYzqhjiRLRb7m4Age2zUGvAVyqFUwUdkF882R3WMtl?comment_id=708216098851176&__cft__[0]=AZXc8Cpeintdy4P0OX-UvmzoxrC2Cl9eL4zjN4963W85iRnSjT24r4eMxnEN6Ji1cDo4HaVWSHxQQs5U7RifYH0KgJCKlKjOzJSQKFO522MvLlN1IFbNTSCyl-N6cKhUlvLvDz0X__J4q1pUEAGSnmpxf-CGku5pwXtW9r2XlyhBzg&__tn__=R]-R,Suka,Balas,[object Object],·,1 balasan
https://www.facebook.com/ruliyah.natura?comment_id=Y29tbWVudDoyMzI0NDg0NjAxMzMwMDg3XzE0MjgyMTkxOTE2NTI5MTE%3D&__cft__[0]=AZXc8Cpeintdy4P0OX-UvmzoxrC2Cl9eL4zjN4963W85iRnSjT24r4eMxnEN6Ji1cDo4HaVWSHxQQs5U7RifYH0KgJCKlKjOzJSQKFO522MvLlN1IFbNTSCyl-N6cKhUlvLvDz0X__J4q1pUEAGSnmpxf-CGku5pwXtW9r2XlyhBzg&__tn__=R]-R,Ruliyah Natura,Krupuk kulit nya enak di campurin  sayur,Izni Rachma membalas,6 minggu,https://www.facebook.com/isni.rachmawati.7/posts/pfbid0STNmjhCBHW2kb3Gvb25FbcCoYzqhjiRLRb7m4Age2zUGvAVyqFUwUdkF882R3WMtl?comment_id=1428219191652911&__cft__[0]=AZXc8Cpeintdy4P0OX-UvmzoxrC2Cl9eL4zjN4963W85iRnSjT24r4eMxnEN6Ji1cDo4HaVWSHxQQs5U7RifYH0KgJCKlKjOzJSQKFO522MvLlN1IFbNTSCyl-N6cKhUlvLvDz0X__J4q1pUEAGSnmpxf-CGku5pwXtW9r2XlyhBzg&__tn__=R]-R,Suka,Balas,[object Object],·,2 Balasan
https://www.facebook.com/aris.paroga.3?comment_id=Y29tbWVudDoyMzI0NDg0NjAxMzMwMDg3XzExMzExMDU3MjkxMjE0MzA%3D&__cft__[0]=AZXc8Cpeintdy4P0OX-UvmzoxrC2Cl9eL4zjN4963W85iRnSjT24r4eMxnEN6Ji1cDo4HaVWSHxQQs5U7RifYH0KgJCKlKjOzJSQKFO522MvLlN1IFbNTSCyl-N6cKhUlvLvDz0X__J4q1pUEAGSnmpxf-CGku5pwXtW9r2XlyhBzg&__tn__=R]-R,Aris Cucun Sunjana Paroga,Gurih kak krupuk kulinya,Izni Rachma membalas,6 minggu,https://www.facebook.com/isni.rachmawati.7/posts/pfbid0STNmjhCBHW2kb3Gvb25FbcCoYzqhjiRLRb7m4Age2zUGvAVyqFUwUdkF882R3WMtl?comment_id=1131105729121430&__cft__[0]=AZXc8Cpeintdy4P0OX-UvmzoxrC2Cl9eL4zjN4963W85iRnSjT24r4eMxnEN6Ji1cDo4HaVWSHxQQs5U7RifYH0KgJCKlKjOzJSQKFO522MvLlN1IFbNTSCyl-N6cKhUlvLvDz0X__J4q1pUEAGSnmpxf-CGku5pwXtW9r2XlyhBzg&__tn__=R]-R,Suka,Balas,[object Object],·,1 balasan
https://www.facebook.com/gupron.gupron.30469?comment_id=Y29tbWVudDoyMzI0NDg0NjAxMzMwMDg3XzEyNjUxNzEzMTg0NzY3NTM%3D&__cft__[0]=AZXc8Cpeintdy4P0OX-UvmzoxrC2Cl9eL4zjN4963W85iRnSjT24r4eMxnEN6Ji1cDo4HaVWSHxQQs5U7RifYH0KgJCKlKjOzJSQKFO522MvLlN1IFbNTSCyl-N6cKhUlvLvDz0X__J4q1pUEAGSnmpxf-CGku5pwXtW9r2XlyhBzg&__tn__=R]-R,Gupron Gupron,Mantap bunda selmat sore,Izni Rachma membalas,6 minggu,https://www.facebook.com/isni.rachmawati.7/posts/pfbid0STNmjhCBHW2kb3Gvb25FbcCoYzqhjiRLRb7m4Age2zUGvAVyqFUwUdkF882R3WMtl?comment_id=1265171318476753&__cft__[0]=AZXc8Cpeintdy4P0OX-UvmzoxrC2Cl9eL4zjN4963W85iRnSjT24r4eMxnEN6Ji1cDo4HaVWSHxQQs5U7RifYH0KgJCKlKjOzJSQKFO522MvLlN1IFbNTSCyl-N6cKhUlvLvDz0X__J4q1pUEAGSnmpxf-CGku5pwXtW9r2XlyhBzg&__tn__=R]-R,Suka,Balas,[object Object],·,1 balasan
https://www.facebook.com/ucep.kurniawan.kurnia?comment_id=Y29tbWVudDoyMzI0NDg0NjAxMzMwMDg3XzM5NzM1NzAyMDI4NTYzMjk%3D&__cft__[0]=AZXc8Cpeintdy4P0OX-UvmzoxrC2Cl9eL4zjN4963W85iRnSjT24r4eMxnEN6Ji1cDo4HaVWSHxQQs5U7RifYH0KgJCKlKjOzJSQKFO522MvLlN1IFbNTSCyl-N6cKhUlvLvDz0X__J4q1pUEAGSnmpxf-CGku5pwXtW9r2XlyhBzg&__tn__=R]-R,Ucep Kurniawan Kurnia,Mantap,Izni Rachma membalas,6 minggu,https://www.facebook.com/isni.rachmawati.7/posts/pfbid0STNmjhCBHW2kb3Gvb25FbcCoYzqhjiRLRb7m4Age2zUGvAVyqFUwUdkF882R3WMtl?comment_id=3973570202856329&__cft__[0]=AZXc8Cpeintdy4P0OX-UvmzoxrC2Cl9eL4zjN4963W85iRnSjT24r4eMxnEN6Ji1cDo4HaVWSHxQQs5U7RifYH0KgJCKlKjOzJSQKFO522MvLlN1IFbNTSCyl-N6cKhUlvLvDz0X__J4q1pUEAGSnmpxf-CGku5pwXtW9r2XlyhBzg&__tn__=R]-R,Suka,Balas,[object Object],·,1 balasan
https://www.facebook.com/futulanang21?comment_id=Y29tbWVudDoyMzI0NDg0NjAxMzMwMDg3XzEyNzU3ODQ5MDA5MTgxNzE%3D&__cft__[0]=AZXc8Cpeintdy4P0OX-UvmzoxrC2Cl9eL4zjN4963W85iRnSjT24r4eMxnEN6Ji1cDo4HaVWSHxQQs5U7RifYH0KgJCKlKjOzJSQKFO522MvLlN1IFbNTSCyl-N6cKhUlvLvDz0X__J4q1pUEAGSnmpxf-CGku5pwXtW9r2XlyhBzg&__tn__=R]-R,Futu Lanang Subang,Suka  bngt..gurih,Izni Rachma membalas,6 minggu,https://www.facebook.com/isni.rachmawati.7/posts/pfbid0STNmjhCBHW2kb3Gvb25FbcCoYzqhjiRLRb7m4Age2zUGvAVyqFUwUdkF882R3WMtl?comment_id=1275784900918171&__cft__[0]=AZXc8Cpeintdy4P0OX-UvmzoxrC2Cl9eL4zjN4963W85iRnSjT24r4eMxnEN6Ji1cDo4HaVWSHxQQs5U7RifYH0KgJCKlKjOzJSQKFO522MvLlN1IFbNTSCyl-N6cKhUlvLvDz0X__J4q1pUEAGSnmpxf-CGku5pwXtW9r2XlyhBzg&__tn__=R]-R,Suka,Balas,[object Object],·,1 balasan
https://www.facebook.com/Herlin.ena04?comment_id=Y29tbWVudDoyMzI0NDg0NjAxMzMwMDg3XzEzNjI4NTk4MTQ4MjA1MDY%3D&__cft__[0]=AZXc8Cpeintdy4P0OX-UvmzoxrC2Cl9eL4zjN4963W85iRnSjT24r4eMxnEN6Ji1cDo4HaVWSHxQQs5U7RifYH0KgJCKlKjOzJSQKFO522MvLlN1IFbNTSCyl-N6cKhUlvLvDz0X__J4q1pUEAGSnmpxf-CGku5pwXtW9r2XlyhBzg&__tn__=R]-R,Herlina Setiawan,Waah enak nih bunsaykuh,,6 minggu,https://www.facebook.com/isni.rachmawati.7/posts/pfbid0STNmjhCBHW2kb3Gvb25FbcCoYzqhjiRLRb7m4Age2zUGvAVyqFUwUdkF882R3WMtl?comment_id=1362859814820506&__cft__[0]=AZXc8Cpeintdy4P0OX-UvmzoxrC2Cl9eL4zjN4963W85iRnSjT24r4eMxnEN6Ji1cDo4HaVWSHxQQs5U7RifYH0KgJCKlKjOzJSQKFO522MvLlN1IFbNTSCyl-N6cKhUlvLvDz0X__J4q1pUEAGSnmpxf-CGku5pwXtW9r2XlyhBzg&__tn__=R]-R,Suka,Balas,,,
https://www.facebook.com/nung.nur.849979?comment_id=Y29tbWVudDoyMzI0NDg0NjAxMzMwMDg3XzQxMDgwNzY2MDYwNzIyMjg%3D&__cft__[0]=AZXc8Cpeintdy4P0OX-UvmzoxrC2Cl9eL4zjN4963W85iRnSjT24r4eMxnEN6Ji1cDo4HaVWSHxQQs5U7RifYH0KgJCKlKjOzJSQKFO522MvLlN1IFbNTSCyl-N6cKhUlvLvDz0X__J4q1pUEAGSnmpxf-CGku5pwXtW9r2XlyhBzg&__tn__=R]-R,Nung Nur,Enak ki kk,Izni Rachma membalas,6 minggu,https://www.facebook.com/isni.rachmawati.7/posts/pfbid0STNmjhCBHW2kb3Gvb25FbcCoYzqhjiRLRb7m4Age2zUGvAVyqFUwUdkF882R3WMtl?comment_id=4108076606072228&__cft__[0]=AZXc8Cpeintdy4P0OX-UvmzoxrC2Cl9eL4zjN4963W85iRnSjT24r4eMxnEN6Ji1cDo4HaVWSHxQQs5U7RifYH0KgJCKlKjOzJSQKFO522MvLlN1IFbNTSCyl-N6cKhUlvLvDz0X__J4q1pUEAGSnmpxf-CGku5pwXtW9r2XlyhBzg&__tn__=R]-R,Suka,Balas,[object Object],·,1 balasan
https://www.facebook.com/kriez.chaniago?comment_id=Y29tbWVudDoyMzI0NDg0NjAxMzMwMDg3Xzc0ODQwNjQ3NDM5MDUwNg%3D%3D&__cft__[0]=AZXc8Cpeintdy4P0OX-UvmzoxrC2Cl9eL4zjN4963W85iRnSjT24r4eMxnEN6Ji1cDo4HaVWSHxQQs5U7RifYH0KgJCKlKjOzJSQKFO522MvLlN1IFbNTSCyl-N6cKhUlvLvDz0X__J4q1pUEAGSnmpxf-CGku5pwXtW9r2XlyhBzg&__tn__=R]-R,Kriez Chaniago,mantul kak,Izni Rachma membalas,6 minggu,https://www.facebook.com/isni.rachmawati.7/posts/pfbid0STNmjhCBHW2kb3Gvb25FbcCoYzqhjiRLRb7m4Age2zUGvAVyqFUwUdkF882R3WMtl?comment_id=748406474390506&__cft__[0]=AZXc8Cpeintdy4P0OX-UvmzoxrC2Cl9eL4zjN4963W85iRnSjT24r4eMxnEN6Ji1cDo4HaVWSHxQQs5U7RifYH0KgJCKlKjOzJSQKFO522MvLlN1IFbNTSCyl-N6cKhUlvLvDz0X__J4q1pUEAGSnmpxf-CGku5pwXtW9r2XlyhBzg&__tn__=R]-R,Suka,Balas,[object Object],·,1 balasan
https://www.facebook.com/su.jaii.1232?comment_id=Y29tbWVudDoyMzI0NDg0NjAxMzMwMDg3XzcwNDQ5NjAxMjQwMzkwOQ%3D%3D&__cft__[0]=AZXc8Cpeintdy4P0OX-UvmzoxrC2Cl9eL4zjN4963W85iRnSjT24r4eMxnEN6Ji1cDo4HaVWSHxQQs5U7RifYH0KgJCKlKjOzJSQKFO522MvLlN1IFbNTSCyl-N6cKhUlvLvDz0X__J4q1pUEAGSnmpxf-CGku5pwXtW9r2XlyhBzg&__tn__=R]-R,Su Jaii,Mntap itu bu,Izni Rachma membalas,6 minggu,https://www.facebook.com/isni.rachmawati.7/posts/pfbid0STNmjhCBHW2kb3Gvb25FbcCoYzqhjiRLRb7m4Age2zUGvAVyqFUwUdkF882R3WMtl?comment_id=704496012403909&__cft__[0]=AZXc8Cpeintdy4P0OX-UvmzoxrC2Cl9eL4zjN4963W85iRnSjT24r4eMxnEN6Ji1cDo4HaVWSHxQQs5U7RifYH0KgJCKlKjOzJSQKFO522MvLlN1IFbNTSCyl-N6cKhUlvLvDz0X__J4q1pUEAGSnmpxf-CGku5pwXtW9r2XlyhBzg&__tn__=R]-R,Suka,Balas,[object Object],·,1 balasan
https://www.facebook.com/profile.php?id=100055061487164&comment_id=Y29tbWVudDoyMzI0NDg0NjAxMzMwMDg3XzEyNDMwNTA0MzcyNjIwNDU%3D&__cft__[0]=AZXc8Cpeintdy4P0OX-UvmzoxrC2Cl9eL4zjN4963W85iRnSjT24r4eMxnEN6Ji1cDo4HaVWSHxQQs5U7RifYH0KgJCKlKjOzJSQKFO522MvLlN1IFbNTSCyl-N6cKhUlvLvDz0X__J4q1pUEAGSnmpxf-CGku5pwXtW9r2XlyhBzg&__tn__=R]-R,Chairul Fadli,Malam kawan,,6 minggu,https://www.facebook.com/isni.rachmawati.7/posts/pfbid0STNmjhCBHW2kb3Gvb25FbcCoYzqhjiRLRb7m4Age2zUGvAVyqFUwUdkF882R3WMtl?comment_id=1243050437262045&__cft__[0]=AZXc8Cpeintdy4P0OX-UvmzoxrC2Cl9eL4zjN4963W85iRnSjT24r4eMxnEN6Ji1cDo4HaVWSHxQQs5U7RifYH0KgJCKlKjOzJSQKFO522MvLlN1IFbNTSCyl-N6cKhUlvLvDz0X__J4q1pUEAGSnmpxf-CGku5pwXtW9r2XlyhBzg&__tn__=R]-R,Suka,Balas,,,
https://www.facebook.com/kang.hari.675205?comment_id=Y29tbWVudDoyMzI0NDg0NjAxMzMwMDg3XzEwMzkyMTAwMDg0MTI5NTI%3D&__cft__[0]=AZXc8Cpeintdy4P0OX-UvmzoxrC2Cl9eL4zjN4963W85iRnSjT24r4eMxnEN6Ji1cDo4HaVWSHxQQs5U7RifYH0KgJCKlKjOzJSQKFO522MvLlN1IFbNTSCyl-N6cKhUlvLvDz0X__J4q1pUEAGSnmpxf-CGku5pwXtW9r2XlyhBzg&__tn__=R]-R,Kang Hari,Enak nih bund,,6 minggu,https://www.facebook.com/isni.rachmawati.7/posts/pfbid0STNmjhCBHW2kb3Gvb25FbcCoYzqhjiRLRb7m4Age2zUGvAVyqFUwUdkF882R3WMtl?comment_id=1039210008412952&__cft__[0]=AZXc8Cpeintdy4P0OX-UvmzoxrC2Cl9eL4zjN4963W85iRnSjT24r4eMxnEN6Ji1cDo4HaVWSHxQQs5U7RifYH0KgJCKlKjOzJSQKFO522MvLlN1IFbNTSCyl-N6cKhUlvLvDz0X__J4q1pUEAGSnmpxf-CGku5pwXtW9r2XlyhBzg&__tn__=R]-R,Suka,Balas,,,
https://www.facebook.com/aden.afkaranggala?comment_id=Y29tbWVudDoyMzI0NDg0NjAxMzMwMDg3XzEyODM0Mzc3NjcxMjQwOTE%3D&__cft__[0]=AZXc8Cpeintdy4P0OX-UvmzoxrC2Cl9eL4zjN4963W85iRnSjT24r4eMxnEN6Ji1cDo4HaVWSHxQQs5U7RifYH0KgJCKlKjOzJSQKFO522MvLlN1IFbNTSCyl-N6cKhUlvLvDz0X__J4q1pUEAGSnmpxf-CGku5pwXtW9r2XlyhBzg&__tn__=R]-R,Siti Rohmah,,Izni Rachma membalas,6 minggu,https://www.facebook.com/isni.rachmawati.7/posts/pfbid0STNmjhCBHW2kb3Gvb25FbcCoYzqhjiRLRb7m4Age2zUGvAVyqFUwUdkF882R3WMtl?comment_id=1283437767124091&__cft__[0]=AZXc8Cpeintdy4P0OX-UvmzoxrC2Cl9eL4zjN4963W85iRnSjT24r4eMxnEN6Ji1cDo4HaVWSHxQQs5U7RifYH0KgJCKlKjOzJSQKFO522MvLlN1IFbNTSCyl-N6cKhUlvLvDz0X__J4q1pUEAGSnmpxf-CGku5pwXtW9r2XlyhBzg&__tn__=R]-R,Suka,Balas,[object Object],·,1 balasan
https://www.facebook.com/chika.husna.594880?comment_id=Y29tbWVudDoyMzI0NDg0NjAxMzMwMDg3XzcxNTEzMjAxMTEzNzQ1MA%3D%3D&__cft__[0]=AZXc8Cpeintdy4P0OX-UvmzoxrC2Cl9eL4zjN4963W85iRnSjT24r4eMxnEN6Ji1cDo4HaVWSHxQQs5U7RifYH0KgJCKlKjOzJSQKFO522MvLlN1IFbNTSCyl-N6cKhUlvLvDz0X__J4q1pUEAGSnmpxf-CGku5pwXtW9r2XlyhBzg&__tn__=R]-R,Chika Husna,Wih mantap teh say,,6 minggu,https://www.facebook.com/isni.rachmawati.7/posts/pfbid0STNmjhCBHW2kb3Gvb25FbcCoYzqhjiRLRb7m4Age2zUGvAVyqFUwUdkF882R3WMtl?comment_id=715132011137450&__cft__[0]=AZXc8Cpeintdy4P0OX-UvmzoxrC2Cl9eL4zjN4963W85iRnSjT24r4eMxnEN6Ji1cDo4HaVWSHxQQs5U7RifYH0KgJCKlKjOzJSQKFO522MvLlN1IFbNTSCyl-N6cKhUlvLvDz0X__J4q1pUEAGSnmpxf-CGku5pwXtW9r2XlyhBzg&__tn__=R]-R,Suka,Balas,,,
https://www.facebook.com/profile.php?id=100074368493404&comment_id=Y29tbWVudDoyMzI0NDg0NjAxMzMwMDg3XzE5NDQxMzY0NzMwNTk0NzY%3D&__cft__[0]=AZXc8Cpeintdy4P0OX-UvmzoxrC2Cl9eL4zjN4963W85iRnSjT24r4eMxnEN6Ji1cDo4HaVWSHxQQs5U7RifYH0KgJCKlKjOzJSQKFO522MvLlN1IFbNTSCyl-N6cKhUlvLvDz0X__J4q1pUEAGSnmpxf-CGku5pwXtW9r2XlyhBzg&__tn__=R]-R,Mas Adi MV,Selamat siang sobat,Izni Rachma membalas,6 minggu,https://www.facebook.com/isni.rachmawati.7/posts/pfbid0STNmjhCBHW2kb3Gvb25FbcCoYzqhjiRLRb7m4Age2zUGvAVyqFUwUdkF882R3WMtl?comment_id=1944136473059476&__cft__[0]=AZXc8Cpeintdy4P0OX-UvmzoxrC2Cl9eL4zjN4963W85iRnSjT24r4eMxnEN6Ji1cDo4HaVWSHxQQs5U7RifYH0KgJCKlKjOzJSQKFO522MvLlN1IFbNTSCyl-N6cKhUlvLvDz0X__J4q1pUEAGSnmpxf-CGku5pwXtW9r2XlyhBzg&__tn__=R]-R,Suka,Balas,[object Object],·,1 balasan
https://www.facebook.com/kinanty.dwi.96?comment_id=Y29tbWVudDoyMzI0NDg0NjAxMzMwMDg3XzIxNjQzNTMwMjA3MTY3NzQ%3D&__cft__[0]=AZXc8Cpeintdy4P0OX-UvmzoxrC2Cl9eL4zjN4963W85iRnSjT24r4eMxnEN6Ji1cDo4HaVWSHxQQs5U7RifYH0KgJCKlKjOzJSQKFO522MvLlN1IFbNTSCyl-N6cKhUlvLvDz0X__J4q1pUEAGSnmpxf-CGku5pwXtW9r2XlyhBzg&__tn__=R]-R,Poetry Arica Senjani,Enak nih kerupuk kulit kk. Klo di sumbar namanya kerupuk jangek kk,Izni Rachma membalas,6 minggu,https://www.facebook.com/isni.rachmawati.7/posts/pfbid0STNmjhCBHW2kb3Gvb25FbcCoYzqhjiRLRb7m4Age2zUGvAVyqFUwUdkF882R3WMtl?comment_id=2164353020716774&__cft__[0]=AZXc8Cpeintdy4P0OX-UvmzoxrC2Cl9eL4zjN4963W85iRnSjT24r4eMxnEN6Ji1cDo4HaVWSHxQQs5U7RifYH0KgJCKlKjOzJSQKFO522MvLlN1IFbNTSCyl-N6cKhUlvLvDz0X__J4q1pUEAGSnmpxf-CGku5pwXtW9r2XlyhBzg&__tn__=R]-R,Suka,Balas,[object Object],·,1 balasan
https://www.facebook.com/firman.ippy?comment_id=Y29tbWVudDoyMzI0NDg0NjAxMzMwMDg3XzI0Mjc3MDM1ODcxOTAyOTky&__cft__[0]=AZXc8Cpeintdy4P0OX-UvmzoxrC2Cl9eL4zjN4963W85iRnSjT24r4eMxnEN6Ji1cDo4HaVWSHxQQs5U7RifYH0KgJCKlKjOzJSQKFO522MvLlN1IFbNTSCyl-N6cKhUlvLvDz0X__J4q1pUEAGSnmpxf-CGku5pwXtW9r2XlyhBzg&__tn__=R]-R,Firman Ippy,Sinta rasa.,Izni Rachma membalas,6 minggu,https://www.facebook.com/isni.rachmawati.7/posts/pfbid0STNmjhCBHW2kb3Gvb25FbcCoYzqhjiRLRb7m4Age2zUGvAVyqFUwUdkF882R3WMtl?comment_id=24277035871902992&__cft__[0]=AZXc8Cpeintdy4P0OX-UvmzoxrC2Cl9eL4zjN4963W85iRnSjT24r4eMxnEN6Ji1cDo4HaVWSHxQQs5U7RifYH0KgJCKlKjOzJSQKFO522MvLlN1IFbNTSCyl-N6cKhUlvLvDz0X__J4q1pUEAGSnmpxf-CGku5pwXtW9r2XlyhBzg&__tn__=R]-R,Suka,Balas,[object Object],·,2 Balasan
https://www.facebook.com/profile.php?id=61574690865124&comment_id=Y29tbWVudDoyMzI0NDg0NjAxMzMwMDg3XzY5OTY5MzcyNjE2NjM4OA%3D%3D&__cft__[0]=AZXc8Cpeintdy4P0OX-UvmzoxrC2Cl9eL4zjN4963W85iRnSjT24r4eMxnEN6Ji1cDo4HaVWSHxQQs5U7RifYH0KgJCKlKjOzJSQKFO522MvLlN1IFbNTSCyl-N6cKhUlvLvDz0X__J4q1pUEAGSnmpxf-CGku5pwXtW9r2XlyhBzg&__tn__=R]-R,Bastian,Selamat sore bunda,Izni Rachma membalas,6 minggu,https://www.facebook.com/isni.rachmawati.7/posts/pfbid0STNmjhCBHW2kb3Gvb25FbcCoYzqhjiRLRb7m4Age2zUGvAVyqFUwUdkF882R3WMtl?comment_id=699693726166388&__cft__[0]=AZXc8Cpeintdy4P0OX-UvmzoxrC2Cl9eL4zjN4963W85iRnSjT24r4eMxnEN6Ji1cDo4HaVWSHxQQs5U7RifYH0KgJCKlKjOzJSQKFO522MvLlN1IFbNTSCyl-N6cKhUlvLvDz0X__J4q1pUEAGSnmpxf-CGku5pwXtW9r2XlyhBzg&__tn__=R]-R,Suka,Balas,[object Object],·,1 balasan
https://www.facebook.com/iksp3?comment_id=Y29tbWVudDoyMzI0NDg0NjAxMzMwMDg3XzY5OTI2NTYxOTU4MTQwOQ%3D%3D&__cft__[0]=AZXc8Cpeintdy4P0OX-UvmzoxrC2Cl9eL4zjN4963W85iRnSjT24r4eMxnEN6Ji1cDo4HaVWSHxQQs5U7RifYH0KgJCKlKjOzJSQKFO522MvLlN1IFbNTSCyl-N6cKhUlvLvDz0X__J4q1pUEAGSnmpxf-CGku5pwXtW9r2XlyhBzg&__tn__=R]-R,Iwan Ksp,Raos pisan teteh dorokdok gubrag,Izni Rachma membalas,6 minggu,https://www.facebook.com/isni.rachmawati.7/posts/pfbid0STNmjhCBHW2kb3Gvb25FbcCoYzqhjiRLRb7m4Age2zUGvAVyqFUwUdkF882R3WMtl?comment_id=699265619581409&__cft__[0]=AZXc8Cpeintdy4P0OX-UvmzoxrC2Cl9eL4zjN4963W85iRnSjT24r4eMxnEN6Ji1cDo4HaVWSHxQQs5U7RifYH0KgJCKlKjOzJSQKFO522MvLlN1IFbNTSCyl-N6cKhUlvLvDz0X__J4q1pUEAGSnmpxf-CGku5pwXtW9r2XlyhBzg&__tn__=R]-R,Suka,Balas,[object Object],·,1 balasan
https://www.facebook.com/profile.php?id=100089787595391&comment_id=Y29tbWVudDoyMzI0NDg0NjAxMzMwMDg3XzIxMzY3NDY4NTM0ODY0NTQ%3D&__cft__[0]=AZXc8Cpeintdy4P0OX-UvmzoxrC2Cl9eL4zjN4963W85iRnSjT24r4eMxnEN6Ji1cDo4HaVWSHxQQs5U7RifYH0KgJCKlKjOzJSQKFO522MvLlN1IFbNTSCyl-N6cKhUlvLvDz0X__J4q1pUEAGSnmpxf-CGku5pwXtW9r2XlyhBzg&__tn__=R]-R,Ujang Hoerudin,Mantap teh raos pisan,Izni Rachma membalas,6 minggu,https://www.facebook.com/isni.rachmawati.7/posts/pfbid0STNmjhCBHW2kb3Gvb25FbcCoYzqhjiRLRb7m4Age2zUGvAVyqFUwUdkF882R3WMtl?comment_id=2136746853486454&__cft__[0]=AZXc8Cpeintdy4P0OX-UvmzoxrC2Cl9eL4zjN4963W85iRnSjT24r4eMxnEN6Ji1cDo4HaVWSHxQQs5U7RifYH0KgJCKlKjOzJSQKFO522MvLlN1IFbNTSCyl-N6cKhUlvLvDz0X__J4q1pUEAGSnmpxf-CGku5pwXtW9r2XlyhBzg&__tn__=R]-R,Suka,Balas,[object Object],·,2 Balasan
https://www.facebook.com/leni.susanti.714?comment_id=Y29tbWVudDoyMzI0NDg0NjAxMzMwMDg3XzE5MDY1MTA4MTAxMjkxODE%3D&__cft__[0]=AZXc8Cpeintdy4P0OX-UvmzoxrC2Cl9eL4zjN4963W85iRnSjT24r4eMxnEN6Ji1cDo4HaVWSHxQQs5U7RifYH0KgJCKlKjOzJSQKFO522MvLlN1IFbNTSCyl-N6cKhUlvLvDz0X__J4q1pUEAGSnmpxf-CGku5pwXtW9r2XlyhBzg&__tn__=R]-R,Syelviina Viinna Sesy,Mantul,Izni Rachma membalas,6 minggu,https://www.facebook.com/isni.rachmawati.7/posts/pfbid0STNmjhCBHW2kb3Gvb25FbcCoYzqhjiRLRb7m4Age2zUGvAVyqFUwUdkF882R3WMtl?comment_id=1906510810129181&__cft__[0]=AZXc8Cpeintdy4P0OX-UvmzoxrC2Cl9eL4zjN4963W85iRnSjT24r4eMxnEN6Ji1cDo4HaVWSHxQQs5U7RifYH0KgJCKlKjOzJSQKFO522MvLlN1IFbNTSCyl-N6cKhUlvLvDz0X__J4q1pUEAGSnmpxf-CGku5pwXtW9r2XlyhBzg&__tn__=R]-R,Suka,Balas,[object Object],·,1 balasan
https://www.facebook.com/D3dimulyadi?comment_id=Y29tbWVudDoyMzI0NDg0NjAxMzMwMDg3XzI0Njg4MzU2MjM3NDM5MzY2&__cft__[0]=AZXc8Cpeintdy4P0OX-UvmzoxrC2Cl9eL4zjN4963W85iRnSjT24r4eMxnEN6Ji1cDo4HaVWSHxQQs5U7RifYH0KgJCKlKjOzJSQKFO522MvLlN1IFbNTSCyl-N6cKhUlvLvDz0X__J4q1pUEAGSnmpxf-CGku5pwXtW9r2XlyhBzg&__tn__=R]-R,Kang Dedi Mulyadi,Campur seblak enak,Izni Rachma membalas,6 minggu,https://www.facebook.com/isni.rachmawati.7/posts/pfbid0STNmjhCBHW2kb3Gvb25FbcCoYzqhjiRLRb7m4Age2zUGvAVyqFUwUdkF882R3WMtl?comment_id=24688356237439366&__cft__[0]=AZXc8Cpeintdy4P0OX-UvmzoxrC2Cl9eL4zjN4963W85iRnSjT24r4eMxnEN6Ji1cDo4HaVWSHxQQs5U7RifYH0KgJCKlKjOzJSQKFO522MvLlN1IFbNTSCyl-N6cKhUlvLvDz0X__J4q1pUEAGSnmpxf-CGku5pwXtW9r2XlyhBzg&__tn__=R]-R,Suka,Balas,[object Object],·,1 balasan
https://www.facebook.com/zahwa.adi.2025?comment_id=Y29tbWVudDoyMzI0NDg0NjAxMzMwMDg3XzEzNzIwODM2NTM4Nzk2MTM%3D&__cft__[0]=AZXc8Cpeintdy4P0OX-UvmzoxrC2Cl9eL4zjN4963W85iRnSjT24r4eMxnEN6Ji1cDo4HaVWSHxQQs5U7RifYH0KgJCKlKjOzJSQKFO522MvLlN1IFbNTSCyl-N6cKhUlvLvDz0X__J4q1pUEAGSnmpxf-CGku5pwXtW9r2XlyhBzg&__tn__=R]-R,Zahwa Adi,bagus lah embak bayak kemajuan daerah ya,Izni Rachma membalas,6 minggu,https://www.facebook.com/isni.rachmawati.7/posts/pfbid0STNmjhCBHW2kb3Gvb25FbcCoYzqhjiRLRb7m4Age2zUGvAVyqFUwUdkF882R3WMtl?comment_id=1372083653879613&__cft__[0]=AZXc8Cpeintdy4P0OX-UvmzoxrC2Cl9eL4zjN4963W85iRnSjT24r4eMxnEN6Ji1cDo4HaVWSHxQQs5U7RifYH0KgJCKlKjOzJSQKFO522MvLlN1IFbNTSCyl-N6cKhUlvLvDz0X__J4q1pUEAGSnmpxf-CGku5pwXtW9r2XlyhBzg&__tn__=R]-R,Suka,Balas,[object Object],·,1 balasan
https://www.facebook.com/hamida.suli?comment_id=Y29tbWVudDoyMzI0NDg0NjAxMzMwMDg3XzE0MjA3OTM4MTI1NjE1OTY%3D&__cft__[0]=AZXc8Cpeintdy4P0OX-UvmzoxrC2Cl9eL4zjN4963W85iRnSjT24r4eMxnEN6Ji1cDo4HaVWSHxQQs5U7RifYH0KgJCKlKjOzJSQKFO522MvLlN1IFbNTSCyl-N6cKhUlvLvDz0X__J4q1pUEAGSnmpxf-CGku5pwXtW9r2XlyhBzg&__tn__=R]-R,Hamida Mida,Mantap ini,,6 minggu,https://www.facebook.com/isni.rachmawati.7/posts/pfbid0STNmjhCBHW2kb3Gvb25FbcCoYzqhjiRLRb7m4Age2zUGvAVyqFUwUdkF882R3WMtl?comment_id=1420793812561596&__cft__[0]=AZXc8Cpeintdy4P0OX-UvmzoxrC2Cl9eL4zjN4963W85iRnSjT24r4eMxnEN6Ji1cDo4HaVWSHxQQs5U7RifYH0KgJCKlKjOzJSQKFO522MvLlN1IFbNTSCyl-N6cKhUlvLvDz0X__J4q1pUEAGSnmpxf-CGku5pwXtW9r2XlyhBzg&__tn__=R]-R,Suka,Balas,,,
https://www.facebook.com/muh.musa.104?comment_id=Y29tbWVudDoyMzI0NDg0NjAxMzMwMDg3XzEyODUxOTQ3Nzk4ODUwNDM%3D&__cft__[0]=AZXc8Cpeintdy4P0OX-UvmzoxrC2Cl9eL4zjN4963W85iRnSjT24r4eMxnEN6Ji1cDo4HaVWSHxQQs5U7RifYH0KgJCKlKjOzJSQKFO522MvLlN1IFbNTSCyl-N6cKhUlvLvDz0X__J4q1pUEAGSnmpxf-CGku5pwXtW9r2XlyhBzg&__tn__=R]-R,Musa Bae,"Iya kak,  di serang banten juga ada kak krupuk kulit",Izni Rachma membalas,6 minggu,https://www.facebook.com/isni.rachmawati.7/posts/pfbid0STNmjhCBHW2kb3Gvb25FbcCoYzqhjiRLRb7m4Age2zUGvAVyqFUwUdkF882R3WMtl?comment_id=1285194779885043&__cft__[0]=AZXc8Cpeintdy4P0OX-UvmzoxrC2Cl9eL4zjN4963W85iRnSjT24r4eMxnEN6Ji1cDo4HaVWSHxQQs5U7RifYH0KgJCKlKjOzJSQKFO522MvLlN1IFbNTSCyl-N6cKhUlvLvDz0X__J4q1pUEAGSnmpxf-CGku5pwXtW9r2XlyhBzg&__tn__=R]-R,Suka,Balas,[object Object],·,1 balasan
https://www.facebook.com/idaylie.idaylie?comment_id=Y29tbWVudDoyMzI0NDg0NjAxMzMwMDg3XzExNjQwNzA0MTIyMTI3MjI%3D&__cft__[0]=AZXc8Cpeintdy4P0OX-UvmzoxrC2Cl9eL4zjN4963W85iRnSjT24r4eMxnEN6Ji1cDo4HaVWSHxQQs5U7RifYH0KgJCKlKjOzJSQKFO522MvLlN1IFbNTSCyl-N6cKhUlvLvDz0X__J4q1pUEAGSnmpxf-CGku5pwXtW9r2XlyhBzg&__tn__=R]-R,Iday Alfatih,"Ikh keren ya kulit nenek"" jga bisa",Izni Rachma membalas,6 minggu,https://www.facebook.com/isni.rachmawati.7/posts/pfbid0STNmjhCBHW2kb3Gvb25FbcCoYzqhjiRLRb7m4Age2zUGvAVyqFUwUdkF882R3WMtl?comment_id=1164070412212722&__cft__[0]=AZXc8Cpeintdy4P0OX-UvmzoxrC2Cl9eL4zjN4963W85iRnSjT24r4eMxnEN6Ji1cDo4HaVWSHxQQs5U7RifYH0KgJCKlKjOzJSQKFO522MvLlN1IFbNTSCyl-N6cKhUlvLvDz0X__J4q1pUEAGSnmpxf-CGku5pwXtW9r2XlyhBzg&__tn__=R]-R,Suka,Balas,[object Object],·,1 balasan
https://www.facebook.com/putri.muria.953779?comment_id=Y29tbWVudDoyMzI0NDg0NjAxMzMwMDg3XzYxMzMzODEwNzk5NjIzOA%3D%3D&__cft__[0]=AZXc8Cpeintdy4P0OX-UvmzoxrC2Cl9eL4zjN4963W85iRnSjT24r4eMxnEN6Ji1cDo4HaVWSHxQQs5U7RifYH0KgJCKlKjOzJSQKFO522MvLlN1IFbNTSCyl-N6cKhUlvLvDz0X__J4q1pUEAGSnmpxf-CGku5pwXtW9r2XlyhBzg&__tn__=R]-R,Putri Muria,Mantap kriuknya kak,,6 minggu,https://www.facebook.com/isni.rachmawati.7/posts/pfbid0STNmjhCBHW2kb3Gvb25FbcCoYzqhjiRLRb7m4Age2zUGvAVyqFUwUdkF882R3WMtl?comment_id=613338107996238&__cft__[0]=AZXc8Cpeintdy4P0OX-UvmzoxrC2Cl9eL4zjN4963W85iRnSjT24r4eMxnEN6Ji1cDo4HaVWSHxQQs5U7RifYH0KgJCKlKjOzJSQKFO522MvLlN1IFbNTSCyl-N6cKhUlvLvDz0X__J4q1pUEAGSnmpxf-CGku5pwXtW9r2XlyhBzg&__tn__=R]-R,Suka,Balas,,,
https://www.facebook.com/sittisahranovianti.masloman?comment_id=Y29tbWVudDoyMzI0NDg0NjAxMzMwMDg3XzE0NTUwMzg1NzU2OTcyMDc%3D&__cft__[0]=AZXc8Cpeintdy4P0OX-UvmzoxrC2Cl9eL4zjN4963W85iRnSjT24r4eMxnEN6Ji1cDo4HaVWSHxQQs5U7RifYH0KgJCKlKjOzJSQKFO522MvLlN1IFbNTSCyl-N6cKhUlvLvDz0X__J4q1pUEAGSnmpxf-CGku5pwXtW9r2XlyhBzg&__tn__=R]-R,Sitti Sahra Novianti Masloman,Wouww banyak kegunaannya macam2 ya bunda,Izni Rachma membalas,6 minggu,https://www.facebook.com/isni.rachmawati.7/posts/pfbid0STNmjhCBHW2kb3Gvb25FbcCoYzqhjiRLRb7m4Age2zUGvAVyqFUwUdkF882R3WMtl?comment_id=1455038575697207&__cft__[0]=AZXc8Cpeintdy4P0OX-UvmzoxrC2Cl9eL4zjN4963W85iRnSjT24r4eMxnEN6Ji1cDo4HaVWSHxQQs5U7RifYH0KgJCKlKjOzJSQKFO522MvLlN1IFbNTSCyl-N6cKhUlvLvDz0X__J4q1pUEAGSnmpxf-CGku5pwXtW9r2XlyhBzg&__tn__=R]-R,Suka,Balas,[object Object],·,1 balasan
https://www.facebook.com/HusenArsad240984?comment_id=Y29tbWVudDoyMzI0NDg0NjAxMzMwMDg3XzQwMjQwMjQ1MjExODgzODk%3D&__cft__[0]=AZXc8Cpeintdy4P0OX-UvmzoxrC2Cl9eL4zjN4963W85iRnSjT24r4eMxnEN6Ji1cDo4HaVWSHxQQs5U7RifYH0KgJCKlKjOzJSQKFO522MvLlN1IFbNTSCyl-N6cKhUlvLvDz0X__J4q1pUEAGSnmpxf-CGku5pwXtW9r2XlyhBzg&__tn__=R]-R,Husein Arsad,Sore kak,Izni Rachma membalas,6 minggu,https://www.facebook.com/isni.rachmawati.7/posts/pfbid0STNmjhCBHW2kb3Gvb25FbcCoYzqhjiRLRb7m4Age2zUGvAVyqFUwUdkF882R3WMtl?comment_id=4024024521188389&__cft__[0]=AZXc8Cpeintdy4P0OX-UvmzoxrC2Cl9eL4zjN4963W85iRnSjT24r4eMxnEN6Ji1cDo4HaVWSHxQQs5U7RifYH0KgJCKlKjOzJSQKFO522MvLlN1IFbNTSCyl-N6cKhUlvLvDz0X__J4q1pUEAGSnmpxf-CGku5pwXtW9r2XlyhBzg&__tn__=R]-R,Suka,Balas,[object Object],·,1 balasan
https://www.facebook.com/anggi.fajar.riyansyah?comment_id=Y29tbWVudDoyMzI0NDg0NjAxMzMwMDg3XzI4NDQ2MTMzNzU3NDAwNTk%3D&__cft__[0]=AZXc8Cpeintdy4P0OX-UvmzoxrC2Cl9eL4zjN4963W85iRnSjT24r4eMxnEN6Ji1cDo4HaVWSHxQQs5U7RifYH0KgJCKlKjOzJSQKFO522MvLlN1IFbNTSCyl-N6cKhUlvLvDz0X__J4q1pUEAGSnmpxf-CGku5pwXtW9r2XlyhBzg&__tn__=R]-R,Anggi Fajar Riyansyah,Selamat menikmati,Izni Rachma membalas,6 minggu,https://www.facebook.com/isni.rachmawati.7/posts/pfbid0STNmjhCBHW2kb3Gvb25FbcCoYzqhjiRLRb7m4Age2zUGvAVyqFUwUdkF882R3WMtl?comment_id=2844613375740059&__cft__[0]=AZXc8Cpeintdy4P0OX-UvmzoxrC2Cl9eL4zjN4963W85iRnSjT24r4eMxnEN6Ji1cDo4HaVWSHxQQs5U7RifYH0KgJCKlKjOzJSQKFO522MvLlN1IFbNTSCyl-N6cKhUlvLvDz0X__J4q1pUEAGSnmpxf-CGku5pwXtW9r2XlyhBzg&__tn__=R]-R,Suka,Balas,[object Object],·,1 balasan
https://www.facebook.com/wa.dongol.bae.2025?comment_id=Y29tbWVudDoyMzI0NDg0NjAxMzMwMDg3XzcwNzk3NTAxNTUzMzk2OQ%3D%3D&__cft__[0]=AZXc8Cpeintdy4P0OX-UvmzoxrC2Cl9eL4zjN4963W85iRnSjT24r4eMxnEN6Ji1cDo4HaVWSHxQQs5U7RifYH0KgJCKlKjOzJSQKFO522MvLlN1IFbNTSCyl-N6cKhUlvLvDz0X__J4q1pUEAGSnmpxf-CGku5pwXtW9r2XlyhBzg&__tn__=R]-R,Wa Dongol Bae,Masa allah mantap kk krupuk kulit KK,,6 minggu,https://www.facebook.com/isni.rachmawati.7/posts/pfbid0STNmjhCBHW2kb3Gvb25FbcCoYzqhjiRLRb7m4Age2zUGvAVyqFUwUdkF882R3WMtl?comment_id=707975015533969&__cft__[0]=AZXc8Cpeintdy4P0OX-UvmzoxrC2Cl9eL4zjN4963W85iRnSjT24r4eMxnEN6Ji1cDo4HaVWSHxQQs5U7RifYH0KgJCKlKjOzJSQKFO522MvLlN1IFbNTSCyl-N6cKhUlvLvDz0X__J4q1pUEAGSnmpxf-CGku5pwXtW9r2XlyhBzg&__tn__=R]-R,Suka,Balas,,,
https://www.facebook.com/joko.sutito.5?comment_id=Y29tbWVudDoyMzI0NDg0NjAxMzMwMDg3XzEwNTQzNDEyMTM0OTIzOTc%3D&__cft__[0]=AZXc8Cpeintdy4P0OX-UvmzoxrC2Cl9eL4zjN4963W85iRnSjT24r4eMxnEN6Ji1cDo4HaVWSHxQQs5U7RifYH0KgJCKlKjOzJSQKFO522MvLlN1IFbNTSCyl-N6cKhUlvLvDz0X__J4q1pUEAGSnmpxf-CGku5pwXtW9r2XlyhBzg&__tn__=R]-R,Joko Sutito,Selamat siang,,6 minggu,https://www.facebook.com/isni.rachmawati.7/posts/pfbid0STNmjhCBHW2kb3Gvb25FbcCoYzqhjiRLRb7m4Age2zUGvAVyqFUwUdkF882R3WMtl?comment_id=1054341213492397&__cft__[0]=AZXc8Cpeintdy4P0OX-UvmzoxrC2Cl9eL4zjN4963W85iRnSjT24r4eMxnEN6Ji1cDo4HaVWSHxQQs5U7RifYH0KgJCKlKjOzJSQKFO522MvLlN1IFbNTSCyl-N6cKhUlvLvDz0X__J4q1pUEAGSnmpxf-CGku5pwXtW9r2XlyhBzg&__tn__=R]-R,Suka,Balas,,,
https://www.facebook.com/adriyansyah.adriyansyah.7587?comment_id=Y29tbWVudDoyMzI0NDg0NjAxMzMwMDg3XzEyMDgxODcxNTQzODAzNDM%3D&__cft__[0]=AZXc8Cpeintdy4P0OX-UvmzoxrC2Cl9eL4zjN4963W85iRnSjT24r4eMxnEN6Ji1cDo4HaVWSHxQQs5U7RifYH0KgJCKlKjOzJSQKFO522MvLlN1IFbNTSCyl-N6cKhUlvLvDz0X__J4q1pUEAGSnmpxf-CGku5pwXtW9r2XlyhBzg&__tn__=R]-R,Ian Bae,Drokdok,Izni Rachma membalas,6 minggu,https://www.facebook.com/isni.rachmawati.7/posts/pfbid0STNmjhCBHW2kb3Gvb25FbcCoYzqhjiRLRb7m4Age2zUGvAVyqFUwUdkF882R3WMtl?comment_id=1208187154380343&__cft__[0]=AZXc8Cpeintdy4P0OX-UvmzoxrC2Cl9eL4zjN4963W85iRnSjT24r4eMxnEN6Ji1cDo4HaVWSHxQQs5U7RifYH0KgJCKlKjOzJSQKFO522MvLlN1IFbNTSCyl-N6cKhUlvLvDz0X__J4q1pUEAGSnmpxf-CGku5pwXtW9r2XlyhBzg&__tn__=R]-R,Suka,Balas,[object Object],·,1 balasan
https://www.facebook.com/ayi.yulyanti.7?comment_id=Y29tbWVudDoyMzI0NDg0NjAxMzMwMDg3Xzk4NTMyNzE0NTgxMzIxMzQ%3D&__cft__[0]=AZXc8Cpeintdy4P0OX-UvmzoxrC2Cl9eL4zjN4963W85iRnSjT24r4eMxnEN6Ji1cDo4HaVWSHxQQs5U7RifYH0KgJCKlKjOzJSQKFO522MvLlN1IFbNTSCyl-N6cKhUlvLvDz0X__J4q1pUEAGSnmpxf-CGku5pwXtW9r2XlyhBzg&__tn__=R]-R,Ayi Yulyanti Yanti,Mantap kk,Izni Rachma membalas,6 minggu,https://www.facebook.com/isni.rachmawati.7/posts/pfbid0STNmjhCBHW2kb3Gvb25FbcCoYzqhjiRLRb7m4Age2zUGvAVyqFUwUdkF882R3WMtl?comment_id=9853271458132134&__cft__[0]=AZXc8Cpeintdy4P0OX-UvmzoxrC2Cl9eL4zjN4963W85iRnSjT24r4eMxnEN6Ji1cDo4HaVWSHxQQs5U7RifYH0KgJCKlKjOzJSQKFO522MvLlN1IFbNTSCyl-N6cKhUlvLvDz0X__J4q1pUEAGSnmpxf-CGku5pwXtW9r2XlyhBzg&__tn__=R]-R,Suka,Balas,[object Object],·,1 balasan
https://www.facebook.com/fiana.cincayku?comment_id=Y29tbWVudDoyMzI0NDg0NjAxMzMwMDg3XzE0OTYyMTE1NzE1NTM3NTM%3D&__cft__[0]=AZXc8Cpeintdy4P0OX-UvmzoxrC2Cl9eL4zjN4963W85iRnSjT24r4eMxnEN6Ji1cDo4HaVWSHxQQs5U7RifYH0KgJCKlKjOzJSQKFO522MvLlN1IFbNTSCyl-N6cKhUlvLvDz0X__J4q1pUEAGSnmpxf-CGku5pwXtW9r2XlyhBzg&__tn__=R]-R,Fiana Cincayku,Kesukaan q bgt itu bun.. kerupuk paling enk menurut q,,6 minggu,https://www.facebook.com/isni.rachmawati.7/posts/pfbid0STNmjhCBHW2kb3Gvb25FbcCoYzqhjiRLRb7m4Age2zUGvAVyqFUwUdkF882R3WMtl?comment_id=1496211571553753&__cft__[0]=AZXc8Cpeintdy4P0OX-UvmzoxrC2Cl9eL4zjN4963W85iRnSjT24r4eMxnEN6Ji1cDo4HaVWSHxQQs5U7RifYH0KgJCKlKjOzJSQKFO522MvLlN1IFbNTSCyl-N6cKhUlvLvDz0X__J4q1pUEAGSnmpxf-CGku5pwXtW9r2XlyhBzg&__tn__=R]-R,Suka,Balas,,,
https://www.facebook.com/putry.sagitarius.9279?comment_id=Y29tbWVudDoyMzI0NDg0NjAxMzMwMDg3XzEwMDY1Mjk3MjE1NTQ4NTQ%3D&__cft__[0]=AZXc8Cpeintdy4P0OX-UvmzoxrC2Cl9eL4zjN4963W85iRnSjT24r4eMxnEN6Ji1cDo4HaVWSHxQQs5U7RifYH0KgJCKlKjOzJSQKFO522MvLlN1IFbNTSCyl-N6cKhUlvLvDz0X__J4q1pUEAGSnmpxf-CGku5pwXtW9r2XlyhBzg&__tn__=R]-R,Nhona Odiliaa,Selamat menikmati kak,Izni Rachma membalas,6 minggu,https://www.facebook.com/isni.rachmawati.7/posts/pfbid0STNmjhCBHW2kb3Gvb25FbcCoYzqhjiRLRb7m4Age2zUGvAVyqFUwUdkF882R3WMtl?comment_id=1006529721554854&__cft__[0]=AZXc8Cpeintdy4P0OX-UvmzoxrC2Cl9eL4zjN4963W85iRnSjT24r4eMxnEN6Ji1cDo4HaVWSHxQQs5U7RifYH0KgJCKlKjOzJSQKFO522MvLlN1IFbNTSCyl-N6cKhUlvLvDz0X__J4q1pUEAGSnmpxf-CGku5pwXtW9r2XlyhBzg&__tn__=R]-R,Suka,Balas,[object Object],·,1 balasan
https://www.facebook.com/mochammad.a.amin.3?comment_id=Y29tbWVudDoyMzI0NDg0NjAxMzMwMDg3XzEwMzM1OTg0MTIyMjM4NTc%3D&__cft__[0]=AZXc8Cpeintdy4P0OX-UvmzoxrC2Cl9eL4zjN4963W85iRnSjT24r4eMxnEN6Ji1cDo4HaVWSHxQQs5U7RifYH0KgJCKlKjOzJSQKFO522MvLlN1IFbNTSCyl-N6cKhUlvLvDz0X__J4q1pUEAGSnmpxf-CGku5pwXtW9r2XlyhBzg&__tn__=R]-R,Samin Tolle,Sangat kreatif nya teh,Izni Rachma membalas,6 minggu,https://www.facebook.com/isni.rachmawati.7/posts/pfbid0STNmjhCBHW2kb3Gvb25FbcCoYzqhjiRLRb7m4Age2zUGvAVyqFUwUdkF882R3WMtl?comment_id=1033598412223857&__cft__[0]=AZXc8Cpeintdy4P0OX-UvmzoxrC2Cl9eL4zjN4963W85iRnSjT24r4eMxnEN6Ji1cDo4HaVWSHxQQs5U7RifYH0KgJCKlKjOzJSQKFO522MvLlN1IFbNTSCyl-N6cKhUlvLvDz0X__J4q1pUEAGSnmpxf-CGku5pwXtW9r2XlyhBzg&__tn__=R]-R,Suka,Balas,[object Object],·,1 balasan
https://www.facebook.com/median.fantoro.3?comment_id=Y29tbWVudDoyMzI0NDg0NjAxMzMwMDg3XzE0NDgyMDYyNjI5OTU2OTE%3D&__cft__[0]=AZXc8Cpeintdy4P0OX-UvmzoxrC2Cl9eL4zjN4963W85iRnSjT24r4eMxnEN6Ji1cDo4HaVWSHxQQs5U7RifYH0KgJCKlKjOzJSQKFO522MvLlN1IFbNTSCyl-N6cKhUlvLvDz0X__J4q1pUEAGSnmpxf-CGku5pwXtW9r2XlyhBzg&__tn__=R]-R,Median Fantoro,Keren bunda,,6 minggu,https://www.facebook.com/isni.rachmawati.7/posts/pfbid0STNmjhCBHW2kb3Gvb25FbcCoYzqhjiRLRb7m4Age2zUGvAVyqFUwUdkF882R3WMtl?comment_id=1448206262995691&__cft__[0]=AZXc8Cpeintdy4P0OX-UvmzoxrC2Cl9eL4zjN4963W85iRnSjT24r4eMxnEN6Ji1cDo4HaVWSHxQQs5U7RifYH0KgJCKlKjOzJSQKFO522MvLlN1IFbNTSCyl-N6cKhUlvLvDz0X__J4q1pUEAGSnmpxf-CGku5pwXtW9r2XlyhBzg&__tn__=R]-R,Suka,Balas,,,
https://www.facebook.com/DiajngRania?comment_id=Y29tbWVudDoyMzI0NDg0NjAxMzMwMDg3XzE4OTM2ODAxNTExNzI4NTE%3D&__cft__[0]=AZXc8Cpeintdy4P0OX-UvmzoxrC2Cl9eL4zjN4963W85iRnSjT24r4eMxnEN6Ji1cDo4HaVWSHxQQs5U7RifYH0KgJCKlKjOzJSQKFO522MvLlN1IFbNTSCyl-N6cKhUlvLvDz0X__J4q1pUEAGSnmpxf-CGku5pwXtW9r2XlyhBzg&__tn__=R]-R,Rania Diajeng,Boleh Coba nih,,6 minggu,https://www.facebook.com/isni.rachmawati.7/posts/pfbid0STNmjhCBHW2kb3Gvb25FbcCoYzqhjiRLRb7m4Age2zUGvAVyqFUwUdkF882R3WMtl?comment_id=1893680151172851&__cft__[0]=AZXc8Cpeintdy4P0OX-UvmzoxrC2Cl9eL4zjN4963W85iRnSjT24r4eMxnEN6Ji1cDo4HaVWSHxQQs5U7RifYH0KgJCKlKjOzJSQKFO522MvLlN1IFbNTSCyl-N6cKhUlvLvDz0X__J4q1pUEAGSnmpxf-CGku5pwXtW9r2XlyhBzg&__tn__=R]-R,Suka,Balas,,,
https://www.facebook.com/beny.aditama?comment_id=Y29tbWVudDoyMzI0NDg0NjAxMzMwMDg3XzYxMDUyMDYyNDk4MzQzMA%3D%3D&__cft__[0]=AZXc8Cpeintdy4P0OX-UvmzoxrC2Cl9eL4zjN4963W85iRnSjT24r4eMxnEN6Ji1cDo4HaVWSHxQQs5U7RifYH0KgJCKlKjOzJSQKFO522MvLlN1IFbNTSCyl-N6cKhUlvLvDz0X__J4q1pUEAGSnmpxf-CGku5pwXtW9r2XlyhBzg&__tn__=R]-R,Beny Aditama,Kerupok kulit saya suka kk,,6 minggu,https://www.facebook.com/isni.rachmawati.7/posts/pfbid0STNmjhCBHW2kb3Gvb25FbcCoYzqhjiRLRb7m4Age2zUGvAVyqFUwUdkF882R3WMtl?comment_id=610520624983430&__cft__[0]=AZXc8Cpeintdy4P0OX-UvmzoxrC2Cl9eL4zjN4963W85iRnSjT24r4eMxnEN6Ji1cDo4HaVWSHxQQs5U7RifYH0KgJCKlKjOzJSQKFO522MvLlN1IFbNTSCyl-N6cKhUlvLvDz0X__J4q1pUEAGSnmpxf-CGku5pwXtW9r2XlyhBzg&__tn__=R]-R,Suka,Balas,,,
https://www.facebook.com/kuybi.bi.9?comment_id=Y29tbWVudDoyMzI0NDg0NjAxMzMwMDg3XzIyMjE0MTYyMzUwMzA1ODk%3D&__cft__[0]=AZXc8Cpeintdy4P0OX-UvmzoxrC2Cl9eL4zjN4963W85iRnSjT24r4eMxnEN6Ji1cDo4HaVWSHxQQs5U7RifYH0KgJCKlKjOzJSQKFO522MvLlN1IFbNTSCyl-N6cKhUlvLvDz0X__J4q1pUEAGSnmpxf-CGku5pwXtW9r2XlyhBzg&__tn__=R]-R,Gung Gunawan,Wih mantap kk,,6 minggu,https://www.facebook.com/isni.rachmawati.7/posts/pfbid0STNmjhCBHW2kb3Gvb25FbcCoYzqhjiRLRb7m4Age2zUGvAVyqFUwUdkF882R3WMtl?comment_id=2221416235030589&__cft__[0]=AZXc8Cpeintdy4P0OX-UvmzoxrC2Cl9eL4zjN4963W85iRnSjT24r4eMxnEN6Ji1cDo4HaVWSHxQQs5U7RifYH0KgJCKlKjOzJSQKFO522MvLlN1IFbNTSCyl-N6cKhUlvLvDz0X__J4q1pUEAGSnmpxf-CGku5pwXtW9r2XlyhBzg&__tn__=R]-R,Suka,Balas,,,
https://www.facebook.com/rian.ssb.2025?comment_id=Y29tbWVudDoyMzI0NDg0NjAxMzMwMDg3XzE0MzE5NTc2MDQ1OTg3MTE%3D&__cft__[0]=AZXc8Cpeintdy4P0OX-UvmzoxrC2Cl9eL4zjN4963W85iRnSjT24r4eMxnEN6Ji1cDo4HaVWSHxQQs5U7RifYH0KgJCKlKjOzJSQKFO522MvLlN1IFbNTSCyl-N6cKhUlvLvDz0X__J4q1pUEAGSnmpxf-CGku5pwXtW9r2XlyhBzg&__tn__=R]-R,Rian Ssb,Mantap tu,,6 minggu,https://www.facebook.com/isni.rachmawati.7/posts/pfbid0STNmjhCBHW2kb3Gvb25FbcCoYzqhjiRLRb7m4Age2zUGvAVyqFUwUdkF882R3WMtl?comment_id=1431957604598711&__cft__[0]=AZXc8Cpeintdy4P0OX-UvmzoxrC2Cl9eL4zjN4963W85iRnSjT24r4eMxnEN6Ji1cDo4HaVWSHxQQs5U7RifYH0KgJCKlKjOzJSQKFO522MvLlN1IFbNTSCyl-N6cKhUlvLvDz0X__J4q1pUEAGSnmpxf-CGku5pwXtW9r2XlyhBzg&__tn__=R]-R,Suka,Balas,,,
https://www.facebook.com/ailesfc?comment_id=Y29tbWVudDoyMzI0NDg0NjAxMzMwMDg3XzExNzIzMjI0MDEzNjY0MTE%3D&__cft__[0]=AZXc8Cpeintdy4P0OX-UvmzoxrC2Cl9eL4zjN4963W85iRnSjT24r4eMxnEN6Ji1cDo4HaVWSHxQQs5U7RifYH0KgJCKlKjOzJSQKFO522MvLlN1IFbNTSCyl-N6cKhUlvLvDz0X__J4q1pUEAGSnmpxf-CGku5pwXtW9r2XlyhBzg&__tn__=R]-R,A Ile,Keren kk,Izni Rachma membalas,6 minggu,https://www.facebook.com/isni.rachmawati.7/posts/pfbid0STNmjhCBHW2kb3Gvb25FbcCoYzqhjiRLRb7m4Age2zUGvAVyqFUwUdkF882R3WMtl?comment_id=1172322401366411&__cft__[0]=AZXc8Cpeintdy4P0OX-UvmzoxrC2Cl9eL4zjN4963W85iRnSjT24r4eMxnEN6Ji1cDo4HaVWSHxQQs5U7RifYH0KgJCKlKjOzJSQKFO522MvLlN1IFbNTSCyl-N6cKhUlvLvDz0X__J4q1pUEAGSnmpxf-CGku5pwXtW9r2XlyhBzg&__tn__=R]-R,Suka,Balas,[object Object],·,1 balasan
https://www.facebook.com/profile.php?id=61563022019112&comment_id=Y29tbWVudDoyMzI0NDg0NjAxMzMwMDg3XzExNjgyMzMxNzgzOTU5Njc%3D&__cft__[0]=AZXc8Cpeintdy4P0OX-UvmzoxrC2Cl9eL4zjN4963W85iRnSjT24r4eMxnEN6Ji1cDo4HaVWSHxQQs5U7RifYH0KgJCKlKjOzJSQKFO522MvLlN1IFbNTSCyl-N6cKhUlvLvDz0X__J4q1pUEAGSnmpxf-CGku5pwXtW9r2XlyhBzg&__tn__=R]-R,Sáng Penakhluk,Mantap kk,,6 minggu,https://www.facebook.com/isni.rachmawati.7/posts/pfbid0STNmjhCBHW2kb3Gvb25FbcCoYzqhjiRLRb7m4Age2zUGvAVyqFUwUdkF882R3WMtl?comment_id=1168233178395967&__cft__[0]=AZXc8Cpeintdy4P0OX-UvmzoxrC2Cl9eL4zjN4963W85iRnSjT24r4eMxnEN6Ji1cDo4HaVWSHxQQs5U7RifYH0KgJCKlKjOzJSQKFO522MvLlN1IFbNTSCyl-N6cKhUlvLvDz0X__J4q1pUEAGSnmpxf-CGku5pwXtW9r2XlyhBzg&__tn__=R]-R,Suka,Balas,,,
https://www.facebook.com/noah.dhiie?comment_id=Y29tbWVudDoyMzI0NDg0NjAxMzMwMDg3XzEwMjUwMDI2NjMxNjkwNzk%3D&__cft__[0]=AZXc8Cpeintdy4P0OX-UvmzoxrC2Cl9eL4zjN4963W85iRnSjT24r4eMxnEN6Ji1cDo4HaVWSHxQQs5U7RifYH0KgJCKlKjOzJSQKFO522MvLlN1IFbNTSCyl-N6cKhUlvLvDz0X__J4q1pUEAGSnmpxf-CGku5pwXtW9r2XlyhBzg&__tn__=R]-R,Noah Dhiie,kulit buaya aya teu,Izni Rachma membalas,6 minggu,https://www.facebook.com/isni.rachmawati.7/posts/pfbid0STNmjhCBHW2kb3Gvb25FbcCoYzqhjiRLRb7m4Age2zUGvAVyqFUwUdkF882R3WMtl?comment_id=1025002663169079&__cft__[0]=AZXc8Cpeintdy4P0OX-UvmzoxrC2Cl9eL4zjN4963W85iRnSjT24r4eMxnEN6Ji1cDo4HaVWSHxQQs5U7RifYH0KgJCKlKjOzJSQKFO522MvLlN1IFbNTSCyl-N6cKhUlvLvDz0X__J4q1pUEAGSnmpxf-CGku5pwXtW9r2XlyhBzg&__tn__=R]-R,Suka,Balas,[object Object],·,2 Balasan
https://www.facebook.com/banyu.milli.791572?comment_id=Y29tbWVudDoyMzI0NDg0NjAxMzMwMDg3XzczMzMyODY4MjU4MDExMw%3D%3D&__cft__[0]=AZXc8Cpeintdy4P0OX-UvmzoxrC2Cl9eL4zjN4963W85iRnSjT24r4eMxnEN6Ji1cDo4HaVWSHxQQs5U7RifYH0KgJCKlKjOzJSQKFO522MvLlN1IFbNTSCyl-N6cKhUlvLvDz0X__J4q1pUEAGSnmpxf-CGku5pwXtW9r2XlyhBzg&__tn__=R]-R,Banyu Milli,Hemm.. Gurihnya..,Izni Rachma membalas,6 minggu,https://www.facebook.com/isni.rachmawati.7/posts/pfbid0STNmjhCBHW2kb3Gvb25FbcCoYzqhjiRLRb7m4Age2zUGvAVyqFUwUdkF882R3WMtl?comment_id=733328682580113&__cft__[0]=AZXc8Cpeintdy4P0OX-UvmzoxrC2Cl9eL4zjN4963W85iRnSjT24r4eMxnEN6Ji1cDo4HaVWSHxQQs5U7RifYH0KgJCKlKjOzJSQKFO522MvLlN1IFbNTSCyl-N6cKhUlvLvDz0X__J4q1pUEAGSnmpxf-CGku5pwXtW9r2XlyhBzg&__tn__=R]-R,Suka,Balas,[object Object],·,1 balasan
https://www.facebook.com/nurmarsya.hella?comment_id=Y29tbWVudDoyMzI0NDg0NjAxMzMwMDg3XzEwNTg1MDk4MDMwNzM0NzY%3D&__cft__[0]=AZXc8Cpeintdy4P0OX-UvmzoxrC2Cl9eL4zjN4963W85iRnSjT24r4eMxnEN6Ji1cDo4HaVWSHxQQs5U7RifYH0KgJCKlKjOzJSQKFO522MvLlN1IFbNTSCyl-N6cKhUlvLvDz0X__J4q1pUEAGSnmpxf-CGku5pwXtW9r2XlyhBzg&__tn__=R]-R,Nurmarsya Hella,Enak di bikin tumis tu bun,Izni Rachma membalas,6 minggu,https://www.facebook.com/isni.rachmawati.7/posts/pfbid0STNmjhCBHW2kb3Gvb25FbcCoYzqhjiRLRb7m4Age2zUGvAVyqFUwUdkF882R3WMtl?comment_id=1058509803073476&__cft__[0]=AZXc8Cpeintdy4P0OX-UvmzoxrC2Cl9eL4zjN4963W85iRnSjT24r4eMxnEN6Ji1cDo4HaVWSHxQQs5U7RifYH0KgJCKlKjOzJSQKFO522MvLlN1IFbNTSCyl-N6cKhUlvLvDz0X__J4q1pUEAGSnmpxf-CGku5pwXtW9r2XlyhBzg&__tn__=R]-R,Suka,Balas,[object Object],·,1 balasan
https://www.facebook.com/bredy.cepot?comment_id=Y29tbWVudDoyMzI0NDg0NjAxMzMwMDg3XzExOTMxODIwMTU5MTQwMzQ%3D&__cft__[0]=AZXc8Cpeintdy4P0OX-UvmzoxrC2Cl9eL4zjN4963W85iRnSjT24r4eMxnEN6Ji1cDo4HaVWSHxQQs5U7RifYH0KgJCKlKjOzJSQKFO522MvLlN1IFbNTSCyl-N6cKhUlvLvDz0X__J4q1pUEAGSnmpxf-CGku5pwXtW9r2XlyhBzg&__tn__=R]-R,Yudi Rahmadi,Mantap tuh pake bakso yamin,Izni Rachma membalas,6 minggu,https://www.facebook.com/isni.rachmawati.7/posts/pfbid0STNmjhCBHW2kb3Gvb25FbcCoYzqhjiRLRb7m4Age2zUGvAVyqFUwUdkF882R3WMtl?comment_id=1193182015914034&__cft__[0]=AZXc8Cpeintdy4P0OX-UvmzoxrC2Cl9eL4zjN4963W85iRnSjT24r4eMxnEN6Ji1cDo4HaVWSHxQQs5U7RifYH0KgJCKlKjOzJSQKFO522MvLlN1IFbNTSCyl-N6cKhUlvLvDz0X__J4q1pUEAGSnmpxf-CGku5pwXtW9r2XlyhBzg&__tn__=R]-R,Suka,Balas,[object Object],·,1 balasan
https://www.facebook.com/profile.php?id=100045035074223&comment_id=Y29tbWVudDoyMzI0NDg0NjAxMzMwMDg3XzE2MTM2NzIwMjk1Njc5OTY%3D&__cft__[0]=AZXc8Cpeintdy4P0OX-UvmzoxrC2Cl9eL4zjN4963W85iRnSjT24r4eMxnEN6Ji1cDo4HaVWSHxQQs5U7RifYH0KgJCKlKjOzJSQKFO522MvLlN1IFbNTSCyl-N6cKhUlvLvDz0X__J4q1pUEAGSnmpxf-CGku5pwXtW9r2XlyhBzg&__tn__=R]-R,Yaya Lembang We Hungkullz,Gurih gurih sedap,Izni Rachma membalas,6 minggu,https://www.facebook.com/isni.rachmawati.7/posts/pfbid0STNmjhCBHW2kb3Gvb25FbcCoYzqhjiRLRb7m4Age2zUGvAVyqFUwUdkF882R3WMtl?comment_id=1613672029567996&__cft__[0]=AZXc8Cpeintdy4P0OX-UvmzoxrC2Cl9eL4zjN4963W85iRnSjT24r4eMxnEN6Ji1cDo4HaVWSHxQQs5U7RifYH0KgJCKlKjOzJSQKFO522MvLlN1IFbNTSCyl-N6cKhUlvLvDz0X__J4q1pUEAGSnmpxf-CGku5pwXtW9r2XlyhBzg&__tn__=R]-R,Suka,Balas,[object Object],·,1 balasan
https://www.facebook.com/kuthil.mei.sarah?comment_id=Y29tbWVudDoyMzI0NDg0NjAxMzMwMDg3XzE3MzQ2MDg2OTA3NTA3NzU%3D&__cft__[0]=AZXc8Cpeintdy4P0OX-UvmzoxrC2Cl9eL4zjN4963W85iRnSjT24r4eMxnEN6Ji1cDo4HaVWSHxQQs5U7RifYH0KgJCKlKjOzJSQKFO522MvLlN1IFbNTSCyl-N6cKhUlvLvDz0X__J4q1pUEAGSnmpxf-CGku5pwXtW9r2XlyhBzg&__tn__=R]-R,Kuthil Mei Sarah,Selamat siang kak sedapnya,Izni Rachma membalas,6 minggu,https://www.facebook.com/isni.rachmawati.7/posts/pfbid0STNmjhCBHW2kb3Gvb25FbcCoYzqhjiRLRb7m4Age2zUGvAVyqFUwUdkF882R3WMtl?comment_id=1734608690750775&__cft__[0]=AZXc8Cpeintdy4P0OX-UvmzoxrC2Cl9eL4zjN4963W85iRnSjT24r4eMxnEN6Ji1cDo4HaVWSHxQQs5U7RifYH0KgJCKlKjOzJSQKFO522MvLlN1IFbNTSCyl-N6cKhUlvLvDz0X__J4q1pUEAGSnmpxf-CGku5pwXtW9r2XlyhBzg&__tn__=R]-R,Suka,Balas,[object Object],·,1 balasan
https://www.facebook.com/profile.php?id=61557544958321&comment_id=Y29tbWVudDoyMzI0NDg0NjAxMzMwMDg3XzIxMzY5MTM4NjAxMTk3Mzk%3D&__cft__[0]=AZXc8Cpeintdy4P0OX-UvmzoxrC2Cl9eL4zjN4963W85iRnSjT24r4eMxnEN6Ji1cDo4HaVWSHxQQs5U7RifYH0KgJCKlKjOzJSQKFO522MvLlN1IFbNTSCyl-N6cKhUlvLvDz0X__J4q1pUEAGSnmpxf-CGku5pwXtW9r2XlyhBzg&__tn__=R]-R,Ratna Wati,Enak itu say,Izni Rachma membalas,6 minggu,https://www.facebook.com/isni.rachmawati.7/posts/pfbid0STNmjhCBHW2kb3Gvb25FbcCoYzqhjiRLRb7m4Age2zUGvAVyqFUwUdkF882R3WMtl?comment_id=2136913860119739&__cft__[0]=AZXc8Cpeintdy4P0OX-UvmzoxrC2Cl9eL4zjN4963W85iRnSjT24r4eMxnEN6Ji1cDo4HaVWSHxQQs5U7RifYH0KgJCKlKjOzJSQKFO522MvLlN1IFbNTSCyl-N6cKhUlvLvDz0X__J4q1pUEAGSnmpxf-CGku5pwXtW9r2XlyhBzg&__tn__=R]-R,Suka,Balas,[object Object],·,1 balasan
https://www.facebook.com/hen.di.ana.437990?comment_id=Y29tbWVudDoyMzI0NDg0NjAxMzMwMDg3XzcyNjMwNDU0MDAwNjM4OQ%3D%3D&__cft__[0]=AZXc8Cpeintdy4P0OX-UvmzoxrC2Cl9eL4zjN4963W85iRnSjT24r4eMxnEN6Ji1cDo4HaVWSHxQQs5U7RifYH0KgJCKlKjOzJSQKFO522MvLlN1IFbNTSCyl-N6cKhUlvLvDz0X__J4q1pUEAGSnmpxf-CGku5pwXtW9r2XlyhBzg&__tn__=R]-R,CRaja Hekok,"Kirain mau pantun tth, dorokdok kurupuk kulit nu ngajedok teu oga duit",Izni Rachma membalas,6 minggu,https://www.facebook.com/isni.rachmawati.7/posts/pfbid0STNmjhCBHW2kb3Gvb25FbcCoYzqhjiRLRb7m4Age2zUGvAVyqFUwUdkF882R3WMtl?comment_id=726304540006389&__cft__[0]=AZXc8Cpeintdy4P0OX-UvmzoxrC2Cl9eL4zjN4963W85iRnSjT24r4eMxnEN6Ji1cDo4HaVWSHxQQs5U7RifYH0KgJCKlKjOzJSQKFO522MvLlN1IFbNTSCyl-N6cKhUlvLvDz0X__J4q1pUEAGSnmpxf-CGku5pwXtW9r2XlyhBzg&__tn__=R]-R,Suka,Balas,[object Object],·,1 balasan
https://www.facebook.com/anakin.ajay?comment_id=Y29tbWVudDoyMzI0NDg0NjAxMzMwMDg3XzEyNjc3MjQ4NDgzMTMwODE%3D&__cft__[0]=AZXc8Cpeintdy4P0OX-UvmzoxrC2Cl9eL4zjN4963W85iRnSjT24r4eMxnEN6Ji1cDo4HaVWSHxQQs5U7RifYH0KgJCKlKjOzJSQKFO522MvLlN1IFbNTSCyl-N6cKhUlvLvDz0X__J4q1pUEAGSnmpxf-CGku5pwXtW9r2XlyhBzg&__tn__=R]-R,Anakin Ajay,Sugan teh.dorokdok kurupuk kulit ngajedog teu boga duit.ahayy,Izni Rachma membalas,6 minggu,https://www.facebook.com/isni.rachmawati.7/posts/pfbid0STNmjhCBHW2kb3Gvb25FbcCoYzqhjiRLRb7m4Age2zUGvAVyqFUwUdkF882R3WMtl?comment_id=1267724848313081&__cft__[0]=AZXc8Cpeintdy4P0OX-UvmzoxrC2Cl9eL4zjN4963W85iRnSjT24r4eMxnEN6Ji1cDo4HaVWSHxQQs5U7RifYH0KgJCKlKjOzJSQKFO522MvLlN1IFbNTSCyl-N6cKhUlvLvDz0X__J4q1pUEAGSnmpxf-CGku5pwXtW9r2XlyhBzg&__tn__=R]-R,Suka,Balas,[object Object],·,1 balasan
https://www.facebook.com/banes.banes.1232?comment_id=Y29tbWVudDoyMzI0NDg0NjAxMzMwMDg3Xzc0NjMzMjQ0Nzc5OTkxNQ%3D%3D&__cft__[0]=AZXc8Cpeintdy4P0OX-UvmzoxrC2Cl9eL4zjN4963W85iRnSjT24r4eMxnEN6Ji1cDo4HaVWSHxQQs5U7RifYH0KgJCKlKjOzJSQKFO522MvLlN1IFbNTSCyl-N6cKhUlvLvDz0X__J4q1pUEAGSnmpxf-CGku5pwXtW9r2XlyhBzg&__tn__=R]-R,Banes,Brti klw makn kruouk ini sama saja makan jaket dong teh.. .,Izni Rachma membalas,6 minggu,https://www.facebook.com/isni.rachmawati.7/posts/pfbid0STNmjhCBHW2kb3Gvb25FbcCoYzqhjiRLRb7m4Age2zUGvAVyqFUwUdkF882R3WMtl?comment_id=746332447799915&__cft__[0]=AZXc8Cpeintdy4P0OX-UvmzoxrC2Cl9eL4zjN4963W85iRnSjT24r4eMxnEN6Ji1cDo4HaVWSHxQQs5U7RifYH0KgJCKlKjOzJSQKFO522MvLlN1IFbNTSCyl-N6cKhUlvLvDz0X__J4q1pUEAGSnmpxf-CGku5pwXtW9r2XlyhBzg&__tn__=R]-R,Suka,Balas,[object Object],·,2 Balasan
https://www.facebook.com/riany.yani?comment_id=Y29tbWVudDoyMzI0NDg0NjAxMzMwMDg3XzcyNTI4NjEzNjg4Njg4Mg%3D%3D&__cft__[0]=AZXc8Cpeintdy4P0OX-UvmzoxrC2Cl9eL4zjN4963W85iRnSjT24r4eMxnEN6Ji1cDo4HaVWSHxQQs5U7RifYH0KgJCKlKjOzJSQKFO522MvLlN1IFbNTSCyl-N6cKhUlvLvDz0X__J4q1pUEAGSnmpxf-CGku5pwXtW9r2XlyhBzg&__tn__=R]-R,Riany Yani Gustifa,Raos guris tth kerupuknya itu,,6 minggu,https://www.facebook.com/isni.rachmawati.7/posts/pfbid0STNmjhCBHW2kb3Gvb25FbcCoYzqhjiRLRb7m4Age2zUGvAVyqFUwUdkF882R3WMtl?comment_id=725286136886882&__cft__[0]=AZXc8Cpeintdy4P0OX-UvmzoxrC2Cl9eL4zjN4963W85iRnSjT24r4eMxnEN6Ji1cDo4HaVWSHxQQs5U7RifYH0KgJCKlKjOzJSQKFO522MvLlN1IFbNTSCyl-N6cKhUlvLvDz0X__J4q1pUEAGSnmpxf-CGku5pwXtW9r2XlyhBzg&__tn__=R]-R,Suka,Balas,,,
https://www.facebook.com/234baba?comment_id=Y29tbWVudDoyMzI0NDg0NjAxMzMwMDg3XzExMjM2ODY4MDY0Nzg4NDA%3D&__cft__[0]=AZXc8Cpeintdy4P0OX-UvmzoxrC2Cl9eL4zjN4963W85iRnSjT24r4eMxnEN6Ji1cDo4HaVWSHxQQs5U7RifYH0KgJCKlKjOzJSQKFO522MvLlN1IFbNTSCyl-N6cKhUlvLvDz0X__J4q1pUEAGSnmpxf-CGku5pwXtW9r2XlyhBzg&__tn__=R]-R,Agil,,,6 minggu,https://www.facebook.com/isni.rachmawati.7/posts/pfbid0STNmjhCBHW2kb3Gvb25FbcCoYzqhjiRLRb7m4Age2zUGvAVyqFUwUdkF882R3WMtl?comment_id=1123686806478840&__cft__[0]=AZXc8Cpeintdy4P0OX-UvmzoxrC2Cl9eL4zjN4963W85iRnSjT24r4eMxnEN6Ji1cDo4HaVWSHxQQs5U7RifYH0KgJCKlKjOzJSQKFO522MvLlN1IFbNTSCyl-N6cKhUlvLvDz0X__J4q1pUEAGSnmpxf-CGku5pwXtW9r2XlyhBzg&__tn__=R]-R,Suka,Balas,,,
https://www.facebook.com/elis.rahmawati.979403?comment_id=Y29tbWVudDoxMTMwNTkxODY4ODU5MDg0XzIxMzYwMTAzMTY5MDA5MjA%3D&__cft__[0]=AZXNHUTFFo84qhAyiHBRjXPc8VAu0hfLqN7AQIS0JMHdxu6ZtJD0x5CZ8PYa5CDeIYmi5NyYR7PUAHLfMxDsL1MouUZWWabfu1xdzOrbqEYrwnyWesdnwfEmv_-gJGCxUrhlWDxa5dKxZ1-Y7OO6WcgUBH4dV0Zab6FzKA9ca_md4Q&__tn__=R]-R,Elis Rahmawati,semoga kita bisa sukses bersama,Berlangganan Elis Rahmawati,7 minggu,https://www.facebook.com/elis.rahmawati.979403/posts/pfbid02ywuyg6EeqUxCWgQxtkDjYWTwQF2xi8FQrUGXhP9wR8Gdm6ns7XTY7QW6kh9UJytDl?comment_id=2136010316900920&__cft__[0]=AZXNHUTFFo84qhAyiHBRjXPc8VAu0hfLqN7AQIS0JMHdxu6ZtJD0x5CZ8PYa5CDeIYmi5NyYR7PUAHLfMxDsL1MouUZWWabfu1xdzOrbqEYrwnyWesdnwfEmv_-gJGCxUrhlWDxa5dKxZ1-Y7OO6WcgUBH4dV0Zab6FzKA9ca_md4Q&__tn__=R]-R,Suka,Balas,,Lihat 1 balasan,
https://www.facebook.com/ivan.tifany?comment_id=Y29tbWVudDoxMTMwNTkxODY4ODU5MDg0XzEwNjkxMDY5ODQ2NjM2ODE%3D&__cft__[0]=AZXNHUTFFo84qhAyiHBRjXPc8VAu0hfLqN7AQIS0JMHdxu6ZtJD0x5CZ8PYa5CDeIYmi5NyYR7PUAHLfMxDsL1MouUZWWabfu1xdzOrbqEYrwnyWesdnwfEmv_-gJGCxUrhlWDxa5dKxZ1-Y7OO6WcgUBH4dV0Zab6FzKA9ca_md4Q&__tn__=R]-R,Tika Tifany,Enak bestie dorokdok sareng bakso,Elis Rahmawati membalas,7 minggu,https://www.facebook.com/elis.rahmawati.979403/posts/pfbid02ywuyg6EeqUxCWgQxtkDjYWTwQF2xi8FQrUGXhP9wR8Gdm6ns7XTY7QW6kh9UJytDl?comment_id=1069106984663681&__cft__[0]=AZXNHUTFFo84qhAyiHBRjXPc8VAu0hfLqN7AQIS0JMHdxu6ZtJD0x5CZ8PYa5CDeIYmi5NyYR7PUAHLfMxDsL1MouUZWWabfu1xdzOrbqEYrwnyWesdnwfEmv_-gJGCxUrhlWDxa5dKxZ1-Y7OO6WcgUBH4dV0Zab6FzKA9ca_md4Q&__tn__=R]-R,Suka,Balas,[object Object],·,1 balasan
https://www.facebook.com/reyinovelia.putri?comment_id=Y29tbWVudDoxMTMwNTkxODY4ODU5MDg0XzcxNjUyNjM3Nzg0OTk0MQ%3D%3D&__cft__[0]=AZXNHUTFFo84qhAyiHBRjXPc8VAu0hfLqN7AQIS0JMHdxu6ZtJD0x5CZ8PYa5CDeIYmi5NyYR7PUAHLfMxDsL1MouUZWWabfu1xdzOrbqEYrwnyWesdnwfEmv_-gJGCxUrhlWDxa5dKxZ1-Y7OO6WcgUBH4dV0Zab6FzKA9ca_md4Q&__tn__=R]-R,LiaMarlyna,Kerupuk kulit tehcan,Elis Rahmawati membalas,7 minggu,https://www.facebook.com/elis.rahmawati.979403/posts/pfbid02ywuyg6EeqUxCWgQxtkDjYWTwQF2xi8FQrUGXhP9wR8Gdm6ns7XTY7QW6kh9UJytDl?comment_id=716526377849941&__cft__[0]=AZXNHUTFFo84qhAyiHBRjXPc8VAu0hfLqN7AQIS0JMHdxu6ZtJD0x5CZ8PYa5CDeIYmi5NyYR7PUAHLfMxDsL1MouUZWWabfu1xdzOrbqEYrwnyWesdnwfEmv_-gJGCxUrhlWDxa5dKxZ1-Y7OO6WcgUBH4dV0Zab6FzKA9ca_md4Q&__tn__=R]-R,Suka,Balas,[object Object],·,1 balasan
https://www.facebook.com/che.moetz.3?comment_id=Y29tbWVudDoxMTMwNTkxODY4ODU5MDg0XzE5MjI2MDczOTUxODk1MzA%3D&__cft__[0]=AZXNHUTFFo84qhAyiHBRjXPc8VAu0hfLqN7AQIS0JMHdxu6ZtJD0x5CZ8PYa5CDeIYmi5NyYR7PUAHLfMxDsL1MouUZWWabfu1xdzOrbqEYrwnyWesdnwfEmv_-gJGCxUrhlWDxa5dKxZ1-Y7OO6WcgUBH4dV0Zab6FzKA9ca_md4Q&__tn__=R]-R,Machmoed Sukiyanti,Enak ni bun,Elis Rahmawati membalas,7 minggu,https://www.facebook.com/elis.rahmawati.979403/posts/pfbid02ywuyg6EeqUxCWgQxtkDjYWTwQF2xi8FQrUGXhP9wR8Gdm6ns7XTY7QW6kh9UJytDl?comment_id=1922607395189530&__cft__[0]=AZXNHUTFFo84qhAyiHBRjXPc8VAu0hfLqN7AQIS0JMHdxu6ZtJD0x5CZ8PYa5CDeIYmi5NyYR7PUAHLfMxDsL1MouUZWWabfu1xdzOrbqEYrwnyWesdnwfEmv_-gJGCxUrhlWDxa5dKxZ1-Y7OO6WcgUBH4dV0Zab6FzKA9ca_md4Q&__tn__=R]-R,Suka,Balas,[object Object],·,1 balasan
https://www.facebook.com/lis.faqqothh?comment_id=Y29tbWVudDoxMTMwNTkxODY4ODU5MDg0XzEyNjQ3MTU4Njg0MDEyODc%3D&__cft__[0]=AZXNHUTFFo84qhAyiHBRjXPc8VAu0hfLqN7AQIS0JMHdxu6ZtJD0x5CZ8PYa5CDeIYmi5NyYR7PUAHLfMxDsL1MouUZWWabfu1xdzOrbqEYrwnyWesdnwfEmv_-gJGCxUrhlWDxa5dKxZ1-Y7OO6WcgUBH4dV0Zab6FzKA9ca_md4Q&__tn__=R]-R,Lilis Lisna Lestari,Mantap pokoknamh,Elis Rahmawati membalas,7 minggu,https://www.facebook.com/elis.rahmawati.979403/posts/pfbid02ywuyg6EeqUxCWgQxtkDjYWTwQF2xi8FQrUGXhP9wR8Gdm6ns7XTY7QW6kh9UJytDl?comment_id=1264715868401287&__cft__[0]=AZXNHUTFFo84qhAyiHBRjXPc8VAu0hfLqN7AQIS0JMHdxu6ZtJD0x5CZ8PYa5CDeIYmi5NyYR7PUAHLfMxDsL1MouUZWWabfu1xdzOrbqEYrwnyWesdnwfEmv_-gJGCxUrhlWDxa5dKxZ1-Y7OO6WcgUBH4dV0Zab6FzKA9ca_md4Q&__tn__=R]-R,Suka,Balas,[object Object],·,1 balasan
https://www.facebook.com/bundana.syakila?comment_id=Y29tbWVudDoxMTMwNTkxODY4ODU5MDg0XzEyNTM2MDExMjYyOTcyMTU%3D&__cft__[0]=AZXNHUTFFo84qhAyiHBRjXPc8VAu0hfLqN7AQIS0JMHdxu6ZtJD0x5CZ8PYa5CDeIYmi5NyYR7PUAHLfMxDsL1MouUZWWabfu1xdzOrbqEYrwnyWesdnwfEmv_-gJGCxUrhlWDxa5dKxZ1-Y7OO6WcgUBH4dV0Zab6FzKA9ca_md4Q&__tn__=R]-R,Mona Aje,Mantap tth,Elis Rahmawati membalas,7 minggu,https://www.facebook.com/elis.rahmawati.979403/posts/pfbid02ywuyg6EeqUxCWgQxtkDjYWTwQF2xi8FQrUGXhP9wR8Gdm6ns7XTY7QW6kh9UJytDl?comment_id=1253601126297215&__cft__[0]=AZXNHUTFFo84qhAyiHBRjXPc8VAu0hfLqN7AQIS0JMHdxu6ZtJD0x5CZ8PYa5CDeIYmi5NyYR7PUAHLfMxDsL1MouUZWWabfu1xdzOrbqEYrwnyWesdnwfEmv_-gJGCxUrhlWDxa5dKxZ1-Y7OO6WcgUBH4dV0Zab6FzKA9ca_md4Q&__tn__=R]-R,Suka,Balas,[object Object],·,1 balasan
https://www.facebook.com/renata.anjany.9?comment_id=Y29tbWVudDoxMTMwNTkxODY4ODU5MDg0XzE4NDI2MTc3NDYzMDI4OTk%3D&__cft__[0]=AZXNHUTFFo84qhAyiHBRjXPc8VAu0hfLqN7AQIS0JMHdxu6ZtJD0x5CZ8PYa5CDeIYmi5NyYR7PUAHLfMxDsL1MouUZWWabfu1xdzOrbqEYrwnyWesdnwfEmv_-gJGCxUrhlWDxa5dKxZ1-Y7OO6WcgUBH4dV0Zab6FzKA9ca_md4Q&__tn__=R]-R,Tth Nurjanah,Mantap,Elis Rahmawati membalas,7 minggu,https://www.facebook.com/elis.rahmawati.979403/posts/pfbid02ywuyg6EeqUxCWgQxtkDjYWTwQF2xi8FQrUGXhP9wR8Gdm6ns7XTY7QW6kh9UJytDl?comment_id=1842617746302899&__cft__[0]=AZXNHUTFFo84qhAyiHBRjXPc8VAu0hfLqN7AQIS0JMHdxu6ZtJD0x5CZ8PYa5CDeIYmi5NyYR7PUAHLfMxDsL1MouUZWWabfu1xdzOrbqEYrwnyWesdnwfEmv_-gJGCxUrhlWDxa5dKxZ1-Y7OO6WcgUBH4dV0Zab6FzKA9ca_md4Q&__tn__=R]-R,Suka,Balas,[object Object],·,1 balasan
https://www.facebook.com/tineke.tendean.3?comment_id=Y29tbWVudDoxMTMwNTkxODY4ODU5MDg0XzEyODEwODI4OTY4ODU5NjA%3D&__cft__[0]=AZXNHUTFFo84qhAyiHBRjXPc8VAu0hfLqN7AQIS0JMHdxu6ZtJD0x5CZ8PYa5CDeIYmi5NyYR7PUAHLfMxDsL1MouUZWWabfu1xdzOrbqEYrwnyWesdnwfEmv_-gJGCxUrhlWDxa5dKxZ1-Y7OO6WcgUBH4dV0Zab6FzKA9ca_md4Q&__tn__=R]-R,Tineke Tendean,,Elis Rahmawati membalas,7 minggu,https://www.facebook.com/elis.rahmawati.979403/posts/pfbid02ywuyg6EeqUxCWgQxtkDjYWTwQF2xi8FQrUGXhP9wR8Gdm6ns7XTY7QW6kh9UJytDl?comment_id=1281082896885960&__cft__[0]=AZXNHUTFFo84qhAyiHBRjXPc8VAu0hfLqN7AQIS0JMHdxu6ZtJD0x5CZ8PYa5CDeIYmi5NyYR7PUAHLfMxDsL1MouUZWWabfu1xdzOrbqEYrwnyWesdnwfEmv_-gJGCxUrhlWDxa5dKxZ1-Y7OO6WcgUBH4dV0Zab6FzKA9ca_md4Q&__tn__=R]-R,Suka,Balas,[object Object],·,1 balasan
https://www.facebook.com/dah.liati.806913?comment_id=Y29tbWVudDoxMTMwNTkxODY4ODU5MDg0Xzk2NDc0NjcwOTAyODI2Ng%3D%3D&__cft__[0]=AZXNHUTFFo84qhAyiHBRjXPc8VAu0hfLqN7AQIS0JMHdxu6ZtJD0x5CZ8PYa5CDeIYmi5NyYR7PUAHLfMxDsL1MouUZWWabfu1xdzOrbqEYrwnyWesdnwfEmv_-gJGCxUrhlWDxa5dKxZ1-Y7OO6WcgUBH4dV0Zab6FzKA9ca_md4Q&__tn__=R]-R,Dah Liati,Selamat pagi dek,Elis Rahmawati membalas,7 minggu,https://www.facebook.com/elis.rahmawati.979403/posts/pfbid02ywuyg6EeqUxCWgQxtkDjYWTwQF2xi8FQrUGXhP9wR8Gdm6ns7XTY7QW6kh9UJytDl?comment_id=964746709028266&__cft__[0]=AZXNHUTFFo84qhAyiHBRjXPc8VAu0hfLqN7AQIS0JMHdxu6ZtJD0x5CZ8PYa5CDeIYmi5NyYR7PUAHLfMxDsL1MouUZWWabfu1xdzOrbqEYrwnyWesdnwfEmv_-gJGCxUrhlWDxa5dKxZ1-Y7OO6WcgUBH4dV0Zab6FzKA9ca_md4Q&__tn__=R]-R,Suka,Balas,[object Object],·,1 balasan
https://www.facebook.com/fillia.titti?comment_id=Y29tbWVudDoxMTMwNTkxODY4ODU5MDg0XzI3MzUxMDA5NTMzNTI2NTg%3D&__cft__[0]=AZXNHUTFFo84qhAyiHBRjXPc8VAu0hfLqN7AQIS0JMHdxu6ZtJD0x5CZ8PYa5CDeIYmi5NyYR7PUAHLfMxDsL1MouUZWWabfu1xdzOrbqEYrwnyWesdnwfEmv_-gJGCxUrhlWDxa5dKxZ1-Y7OO6WcgUBH4dV0Zab6FzKA9ca_md4Q&__tn__=R]-R,Fillia Titti,Mantap itu kk,Elis Rahmawati membalas,7 minggu,https://www.facebook.com/elis.rahmawati.979403/posts/pfbid02ywuyg6EeqUxCWgQxtkDjYWTwQF2xi8FQrUGXhP9wR8Gdm6ns7XTY7QW6kh9UJytDl?comment_id=2735100953352658&__cft__[0]=AZXNHUTFFo84qhAyiHBRjXPc8VAu0hfLqN7AQIS0JMHdxu6ZtJD0x5CZ8PYa5CDeIYmi5NyYR7PUAHLfMxDsL1MouUZWWabfu1xdzOrbqEYrwnyWesdnwfEmv_-gJGCxUrhlWDxa5dKxZ1-Y7OO6WcgUBH4dV0Zab6FzKA9ca_md4Q&__tn__=R]-R,Suka,Balas,[object Object],·,1 balasan
https://www.facebook.com/siti.maesaroh.187545?comment_id=Y29tbWVudDoxMTMwNTkxODY4ODU5MDg0XzU1MDQzNjc0ODAyMjgyMA%3D%3D&__cft__[0]=AZXNHUTFFo84qhAyiHBRjXPc8VAu0hfLqN7AQIS0JMHdxu6ZtJD0x5CZ8PYa5CDeIYmi5NyYR7PUAHLfMxDsL1MouUZWWabfu1xdzOrbqEYrwnyWesdnwfEmv_-gJGCxUrhlWDxa5dKxZ1-Y7OO6WcgUBH4dV0Zab6FzKA9ca_md4Q&__tn__=R]-R,Siti Maesaroh,Mau Bun hehe,Elis Rahmawati membalas,7 minggu,https://www.facebook.com/elis.rahmawati.979403/posts/pfbid02ywuyg6EeqUxCWgQxtkDjYWTwQF2xi8FQrUGXhP9wR8Gdm6ns7XTY7QW6kh9UJytDl?comment_id=550436748022820&__cft__[0]=AZXNHUTFFo84qhAyiHBRjXPc8VAu0hfLqN7AQIS0JMHdxu6ZtJD0x5CZ8PYa5CDeIYmi5NyYR7PUAHLfMxDsL1MouUZWWabfu1xdzOrbqEYrwnyWesdnwfEmv_-gJGCxUrhlWDxa5dKxZ1-Y7OO6WcgUBH4dV0Zab6FzKA9ca_md4Q&__tn__=R]-R,Suka,Balas,[object Object],·,1 balasan
https://www.facebook.com/hendrik.hermawan.395017?comment_id=Y29tbWVudDoxMTMwNTkxODY4ODU5MDg0XzE4ODY0MjI4MTIxNTQ1ODQ%3D&__cft__[0]=AZXNHUTFFo84qhAyiHBRjXPc8VAu0hfLqN7AQIS0JMHdxu6ZtJD0x5CZ8PYa5CDeIYmi5NyYR7PUAHLfMxDsL1MouUZWWabfu1xdzOrbqEYrwnyWesdnwfEmv_-gJGCxUrhlWDxa5dKxZ1-Y7OO6WcgUBH4dV0Zab6FzKA9ca_md4Q&__tn__=R]-R,Hendrik Hermawan,Wih blanja,,7 minggu,https://www.facebook.com/elis.rahmawati.979403/posts/pfbid02ywuyg6EeqUxCWgQxtkDjYWTwQF2xi8FQrUGXhP9wR8Gdm6ns7XTY7QW6kh9UJytDl?comment_id=1886422812154584&__cft__[0]=AZXNHUTFFo84qhAyiHBRjXPc8VAu0hfLqN7AQIS0JMHdxu6ZtJD0x5CZ8PYa5CDeIYmi5NyYR7PUAHLfMxDsL1MouUZWWabfu1xdzOrbqEYrwnyWesdnwfEmv_-gJGCxUrhlWDxa5dKxZ1-Y7OO6WcgUBH4dV0Zab6FzKA9ca_md4Q&__tn__=R]-R,Suka,Balas,,,
https://www.facebook.com/sasal.bawel?comment_id=Y29tbWVudDoxMTMwNTkxODY4ODU5MDg0XzEyMzk2MDMzMTQyMzkwNTM%3D&__cft__[0]=AZXNHUTFFo84qhAyiHBRjXPc8VAu0hfLqN7AQIS0JMHdxu6ZtJD0x5CZ8PYa5CDeIYmi5NyYR7PUAHLfMxDsL1MouUZWWabfu1xdzOrbqEYrwnyWesdnwfEmv_-gJGCxUrhlWDxa5dKxZ1-Y7OO6WcgUBH4dV0Zab6FzKA9ca_md4Q&__tn__=R]-R,Sasa Bawel,Selamat Siank darling,Elis Rahmawati membalas,7 minggu,https://www.facebook.com/elis.rahmawati.979403/posts/pfbid02ywuyg6EeqUxCWgQxtkDjYWTwQF2xi8FQrUGXhP9wR8Gdm6ns7XTY7QW6kh9UJytDl?comment_id=1239603314239053&__cft__[0]=AZXNHUTFFo84qhAyiHBRjXPc8VAu0hfLqN7AQIS0JMHdxu6ZtJD0x5CZ8PYa5CDeIYmi5NyYR7PUAHLfMxDsL1MouUZWWabfu1xdzOrbqEYrwnyWesdnwfEmv_-gJGCxUrhlWDxa5dKxZ1-Y7OO6WcgUBH4dV0Zab6FzKA9ca_md4Q&__tn__=R]-R,Suka,Balas,[object Object],·,1 balasan
https://www.facebook.com/mahmot.d.mtt?comment_id=Y29tbWVudDoxMTMwNTkxODY4ODU5MDg0XzEzOTk3MDE0MjQ2MTA4NDg%3D&__cft__[0]=AZXNHUTFFo84qhAyiHBRjXPc8VAu0hfLqN7AQIS0JMHdxu6ZtJD0x5CZ8PYa5CDeIYmi5NyYR7PUAHLfMxDsL1MouUZWWabfu1xdzOrbqEYrwnyWesdnwfEmv_-gJGCxUrhlWDxa5dKxZ1-Y7OO6WcgUBH4dV0Zab6FzKA9ca_md4Q&__tn__=R]-R,Mahmot D'mtt,Salam intraksi,,7 minggu,https://www.facebook.com/elis.rahmawati.979403/posts/pfbid02ywuyg6EeqUxCWgQxtkDjYWTwQF2xi8FQrUGXhP9wR8Gdm6ns7XTY7QW6kh9UJytDl?comment_id=1399701424610848&__cft__[0]=AZXNHUTFFo84qhAyiHBRjXPc8VAu0hfLqN7AQIS0JMHdxu6ZtJD0x5CZ8PYa5CDeIYmi5NyYR7PUAHLfMxDsL1MouUZWWabfu1xdzOrbqEYrwnyWesdnwfEmv_-gJGCxUrhlWDxa5dKxZ1-Y7OO6WcgUBH4dV0Zab6FzKA9ca_md4Q&__tn__=R]-R,Suka,Balas,,,
https://www.facebook.com/abdul.mugis.1840?comment_id=Y29tbWVudDoxMTMwNTkxODY4ODU5MDg0XzY3MTQ1NjQ4OTI3MjYxMQ%3D%3D&__cft__[0]=AZXNHUTFFo84qhAyiHBRjXPc8VAu0hfLqN7AQIS0JMHdxu6ZtJD0x5CZ8PYa5CDeIYmi5NyYR7PUAHLfMxDsL1MouUZWWabfu1xdzOrbqEYrwnyWesdnwfEmv_-gJGCxUrhlWDxa5dKxZ1-Y7OO6WcgUBH4dV0Zab6FzKA9ca_md4Q&__tn__=R]-R,Jody Saputra,Selamat pagi kk,Elis Rahmawati membalas,7 minggu,https://www.facebook.com/elis.rahmawati.979403/posts/pfbid02ywuyg6EeqUxCWgQxtkDjYWTwQF2xi8FQrUGXhP9wR8Gdm6ns7XTY7QW6kh9UJytDl?comment_id=671456489272611&__cft__[0]=AZXNHUTFFo84qhAyiHBRjXPc8VAu0hfLqN7AQIS0JMHdxu6ZtJD0x5CZ8PYa5CDeIYmi5NyYR7PUAHLfMxDsL1MouUZWWabfu1xdzOrbqEYrwnyWesdnwfEmv_-gJGCxUrhlWDxa5dKxZ1-Y7OO6WcgUBH4dV0Zab6FzKA9ca_md4Q&__tn__=R]-R,Suka,Balas,[object Object],·,1 balasan
https://www.facebook.com/profile.php?id=61556391174258&comment_id=Y29tbWVudDoxMTMwNTkxODY4ODU5MDg0XzEwNzM4NjAyOTA3OTI5ODM%3D&__cft__[0]=AZXNHUTFFo84qhAyiHBRjXPc8VAu0hfLqN7AQIS0JMHdxu6ZtJD0x5CZ8PYa5CDeIYmi5NyYR7PUAHLfMxDsL1MouUZWWabfu1xdzOrbqEYrwnyWesdnwfEmv_-gJGCxUrhlWDxa5dKxZ1-Y7OO6WcgUBH4dV0Zab6FzKA9ca_md4Q&__tn__=R]-R,Dodi Dodi,mantap,Elis Rahmawati membalas,7 minggu,https://www.facebook.com/elis.rahmawati.979403/posts/pfbid02ywuyg6EeqUxCWgQxtkDjYWTwQF2xi8FQrUGXhP9wR8Gdm6ns7XTY7QW6kh9UJytDl?comment_id=1073860290792983&__cft__[0]=AZXNHUTFFo84qhAyiHBRjXPc8VAu0hfLqN7AQIS0JMHdxu6ZtJD0x5CZ8PYa5CDeIYmi5NyYR7PUAHLfMxDsL1MouUZWWabfu1xdzOrbqEYrwnyWesdnwfEmv_-gJGCxUrhlWDxa5dKxZ1-Y7OO6WcgUBH4dV0Zab6FzKA9ca_md4Q&__tn__=R]-R,Suka,Balas,[object Object],·,1 balasan
https://www.facebook.com/mbak.riris.2025?comment_id=Y29tbWVudDoxMTMwNTkxODY4ODU5MDg0XzEzODk4ODUxODU1NTEyNjc%3D&__cft__[0]=AZXNHUTFFo84qhAyiHBRjXPc8VAu0hfLqN7AQIS0JMHdxu6ZtJD0x5CZ8PYa5CDeIYmi5NyYR7PUAHLfMxDsL1MouUZWWabfu1xdzOrbqEYrwnyWesdnwfEmv_-gJGCxUrhlWDxa5dKxZ1-Y7OO6WcgUBH4dV0Zab6FzKA9ca_md4Q&__tn__=R]-R,Mbak Riris Ribut,Santun siang bunnn. Salken,Elis Rahmawati membalas,7 minggu,https://www.facebook.com/elis.rahmawati.979403/posts/pfbid02ywuyg6EeqUxCWgQxtkDjYWTwQF2xi8FQrUGXhP9wR8Gdm6ns7XTY7QW6kh9UJytDl?comment_id=1389885185551267&__cft__[0]=AZXNHUTFFo84qhAyiHBRjXPc8VAu0hfLqN7AQIS0JMHdxu6ZtJD0x5CZ8PYa5CDeIYmi5NyYR7PUAHLfMxDsL1MouUZWWabfu1xdzOrbqEYrwnyWesdnwfEmv_-gJGCxUrhlWDxa5dKxZ1-Y7OO6WcgUBH4dV0Zab6FzKA9ca_md4Q&__tn__=R]-R,Suka,Balas,[object Object],·,1 balasan
https://www.facebook.com/aneeza.tashiniemacha?comment_id=Y29tbWVudDoxMTMwNTkxODY4ODU5MDg0XzcwODcyMjg5MTc3MTY2MQ%3D%3D&__cft__[0]=AZXNHUTFFo84qhAyiHBRjXPc8VAu0hfLqN7AQIS0JMHdxu6ZtJD0x5CZ8PYa5CDeIYmi5NyYR7PUAHLfMxDsL1MouUZWWabfu1xdzOrbqEYrwnyWesdnwfEmv_-gJGCxUrhlWDxa5dKxZ1-Y7OO6WcgUBH4dV0Zab6FzKA9ca_md4Q&__tn__=R]-R,Agnes Dhyta Pratiwi,Selamat pagi kka,Elis Rahmawati membalas,7 minggu,https://www.facebook.com/elis.rahmawati.979403/posts/pfbid02ywuyg6EeqUxCWgQxtkDjYWTwQF2xi8FQrUGXhP9wR8Gdm6ns7XTY7QW6kh9UJytDl?comment_id=708722891771661&__cft__[0]=AZXNHUTFFo84qhAyiHBRjXPc8VAu0hfLqN7AQIS0JMHdxu6ZtJD0x5CZ8PYa5CDeIYmi5NyYR7PUAHLfMxDsL1MouUZWWabfu1xdzOrbqEYrwnyWesdnwfEmv_-gJGCxUrhlWDxa5dKxZ1-Y7OO6WcgUBH4dV0Zab6FzKA9ca_md4Q&__tn__=R]-R,Suka,Balas,[object Object],·,1 balasan
https://www.facebook.com/mellynda.lestari?comment_id=Y29tbWVudDoxMDgyMDE1NDMzODg4NTAwXzc1OTcxMzY5OTg0NzE0OQ%3D%3D&__cft__[0]=AZWXyIsHqAGS-7HM4_s9EF-54rT4b_aO7pLDhl5p3zDimNqqz91ZwjEhVUiUgnH9gK-_sZIMRsGmR-7_3iY-o8uVTlCBCrSWjq3h0c65Lu0McZ6uUIvYFT7H9927mv8aJAM&__tn__=R]-R,Bundane Afattah,Dagang ta bu,Bundane Afattah membalas,Balas,,,,[object Object],·,6 Balasan
https://www.facebook.com/mimine.navil?comment_id=Y29tbWVudDoxMDgyMDE1NDMzODg4NTAwXzEwNTA5OTQ3MjM4NDc5MTM%3D&__cft__[0]=AZWXyIsHqAGS-7HM4_s9EF-54rT4b_aO7pLDhl5p3zDimNqqz91ZwjEhVUiUgnH9gK-_sZIMRsGmR-7_3iY-o8uVTlCBCrSWjq3h0c65Lu0McZ6uUIvYFT7H9927mv8aJAM&__tn__=R]-R,Mimine Navil,Iya ws,Nik Cazo membalas,Balas,,,,[object Object],·,1 balasan
https://www.facebook.com/nyimasayuni.anjarsary?comment_id=Y29tbWVudDoxMDgyMDE1NDMzODg4NTAwXzcyMjA1NjgxNDAyMTI1NQ%3D%3D&__cft__[0]=AZWXyIsHqAGS-7HM4_s9EF-54rT4b_aO7pLDhl5p3zDimNqqz91ZwjEhVUiUgnH9gK-_sZIMRsGmR-7_3iY-o8uVTlCBCrSWjq3h0c65Lu0McZ6uUIvYFT7H9927mv8aJAM&__tn__=R]-R,Nyimas Ayuni Anjar Sary,Pira yu,,Balas,,,,,,
https://www.facebook.com/nik.cazo.7?comment_id=Y29tbWVudDoxMDgyMDE1NDMzODg4NTAwXzEyNTkwOTI5OTIyOTcwNTU%3D&__cft__[0]=AZWXyIsHqAGS-7HM4_s9EF-54rT4b_aO7pLDhl5p3zDimNqqz91ZwjEhVUiUgnH9gK-_sZIMRsGmR-7_3iY-o8uVTlCBCrSWjq3h0c65Lu0McZ6uUIvYFT7H9927mv8aJAM&__tn__=R]-R,Nik Cazo,Ana sing bungkusan 2000/5000 nok,Nik Cazo membalas,Balas,,,Lihat terjemahan,[object Object],·,2 Balasan
https://www.facebook.com/utinkmimie.ully?comment_id=Y29tbWVudDoxMDgyMDE1NDMzODg4NTAwXzEyNTk4MDg4MTg4MjcyNzA%3D&__cft__[0]=AZWXyIsHqAGS-7HM4_s9EF-54rT4b_aO7pLDhl5p3zDimNqqz91ZwjEhVUiUgnH9gK-_sZIMRsGmR-7_3iY-o8uVTlCBCrSWjq3h0c65Lu0McZ6uUIvYFT7H9927mv8aJAM&__tn__=R]-R,Uthink Mimi Ne Ully,Laris manis bu,Nik Cazo membalas,Balas,,,,[object Object],·,1 balasan
https://www.facebook.com/iyus.bae.lah.894203?comment_id=Y29tbWVudDoxMDgyMDE1NDMzODg4NTAwXzEzODk0NjcyMjIxMzgxMDA%3D&__cft__[0]=AZWXyIsHqAGS-7HM4_s9EF-54rT4b_aO7pLDhl5p3zDimNqqz91ZwjEhVUiUgnH9gK-_sZIMRsGmR-7_3iY-o8uVTlCBCrSWjq3h0c65Lu0McZ6uUIvYFT7H9927mv8aJAM&__tn__=R]-R,Iyus Bae Lah,Enak bu pengen,Nik Cazo membalas,Balas,,,Lihat terjemahan,[object Object],·,1 balasan
https://www.facebook.com/mimine.princes?comment_id=Y29tbWVudDoxMDgyMDE1NDMzODg4NTAwXzMwMjYwMDQxMjk2OTc3OTk5&__cft__[0]=AZWXyIsHqAGS-7HM4_s9EF-54rT4b_aO7pLDhl5p3zDimNqqz91ZwjEhVUiUgnH9gK-_sZIMRsGmR-7_3iY-o8uVTlCBCrSWjq3h0c65Lu0McZ6uUIvYFT7H9927mv8aJAM&__tn__=R]-R,Mimine Princes,Incess kon mider bu,Nik Cazo membalas,Balas,,,,[object Object],·,1 balasan
https://www.facebook.com/bude.naela?comment_id=Y29tbWVudDoxMDgyMDE1NDMzODg4NTAwXzIzOTg1OTY1MTQ0NDI4MTMz&__cft__[0]=AZWXyIsHqAGS-7HM4_s9EF-54rT4b_aO7pLDhl5p3zDimNqqz91ZwjEhVUiUgnH9gK-_sZIMRsGmR-7_3iY-o8uVTlCBCrSWjq3h0c65Lu0McZ6uUIvYFT7H9927mv8aJAM&__tn__=R]-R,Bude Naela,Kerupuk apak kita pengen nyoba,Bude Naela membalas,Balas,,,Lihat terjemahan,[object Object],·,2 Balasan
https://www.facebook.com/bensoen.oeoen?comment_id=Y29tbWVudDoxMDgyMDE1NDMzODg4NTAwXzE1MDUxNDA1MzA0NzA2Nzg%3D&__cft__[0]=AZWXyIsHqAGS-7HM4_s9EF-54rT4b_aO7pLDhl5p3zDimNqqz91ZwjEhVUiUgnH9gK-_sZIMRsGmR-7_3iY-o8uVTlCBCrSWjq3h0c65Lu0McZ6uUIvYFT7H9927mv8aJAM&__tn__=R]-R,Bens Oen Kevin,Kirim bogor,Nik Cazo membalas,Balas,,,,[object Object],·,1 balasan
https://www.facebook.com/lutfi.adelia.2025?comment_id=Y29tbWVudDoxMDgyMDE1NDMzODg4NTAwXzEyNDg4ODIyOTMzNTY1Mjg%3D&__cft__[0]=AZWXyIsHqAGS-7HM4_s9EF-54rT4b_aO7pLDhl5p3zDimNqqz91ZwjEhVUiUgnH9gK-_sZIMRsGmR-7_3iY-o8uVTlCBCrSWjq3h0c65Lu0McZ6uUIvYFT7H9927mv8aJAM&__tn__=R]-R,Lutfi Adelia,Semangat mi,Nik Cazo membalas,Balas,,,,[object Object],·,1 balasan
