"css-1jxf684","css-175oi2r href","css-9pa8cd src","css-175oi2r href 2","css-1jxf684 2","css-1jxf684 3","css-146c3p1","css-1jxf684 4","css-146c3p1 href","css-1jxf684 5","css-1jxf684 6","css-1jxf684 7","css-175oi2r href 4","css-9pa8cd src 2","css-1jxf684 8","css-1jxf684 9","css-175oi2r href 5","css-1jxf684 10","r-4qtqp9 src 3","css-1jxf684 12","css-1jxf684 href","css-1jxf684 13","css-1jxf684 14"
"Orang","","","","","","","","","","","","","","","","","","","","","",""
"ChocodotJakarta","https://x.com/ChocodotChocoJk","https://pbs.twimg.com/profile_images/1747537485/IMG00157-20120111-1232_bigger.jpg","https://x.com/ChocodotChocoJk","@ChocodotChocoJk","Ikuti","Klik untuk Ikuti ChocodotChocoJk","","","","","","","","","","","","","","","",""
"Myrafaf Adhilia","https://x.com/chocodot2","https://pbs.twimg.com/profile_images/2363988864/uk9m5tpsqpxw70kogm64_bigger.jpeg","https://x.com/chocodot2","@chocodot2","Ikuti","Klik untuk Ikuti chocodot2","hey3...assalamualaikum 4 muslim n hello 4 non muslim..mey la sini follow sye...nnti sye follow la korunk blik erh....?...?...;)","","","","","","","","","","","","","","",""
"Chocodot Palembang","https://x.com/Chocodot_SUMSEL","https://pbs.twimg.com/profile_images/378800000783098633/0a24ad83ae8a67c97ae47f949e53f6cf_bigger.jpeg","https://x.com/Chocodot_SUMSEL","@Chocodot_SUMSEL","Ikuti","Klik untuk Ikuti Chocodot_SUMSEL","Distributing Chocolate Chocodot For Palembang | Serving requests to be resellers and consuming | More information please mention us. Ô£´ 27DC3F2A","","","","","","","","","","","","","","",""
"Lihat semua","https://x.com/search?q=chocodot&src=typed_query&f=user","","","","","","","","","","","","","","","","","","","","",""
"bu enci","https://x.com/Bakewithlove2","https://pbs.twimg.com/profile_images/1690907936539983872/7uhMwo42_bigger.jpg","https://x.com/Bakewithlove2","@Bakewithlove2","¬∑","3 Feb 2024","Dapet kesempatan sharing banyak hal sama Owner&director  ""","https://x.com/Bakewithlove2/status/1753729214170464739","Chocodot","Indonesia"". 
Udah minder duluan karena beliau juga produksi bakery.

Eh ternyata: 
""Enak banget donatnya, tadi ga berasa saya ngabisin 2 donat abon"" 

Makasih banyak Kang Kiki Gumelar, bismillah suksesnya nular.","0:03","https://x.com/Bakewithlove2/status/1753729214170464739/photo/2","https://pbs.twimg.com/media/GFZ_bCmbAAA8uxx?format=jpg&name=small","3","35","https://x.com/Bakewithlove2/status/1753729214170464739/analytics","2¬†rb","","","","",""
"Bang Mizu","https://x.com/bang_mizu","https://pbs.twimg.com/profile_images/1897166870631112704/1JWIH396_bigger.png","https://x.com/bang_mizu","@bang_mizu","¬∑","24 Apr 2023","Adalah","https://x.com/bang_mizu/status/1650476990515015680","chocodot","VGEN OPEN COM","","https://x.com/bang_mizu/status/1650476990515015680/photo/1","https://pbs.twimg.com/media/FuesEIoakAUPVnw?format=jpg&name=900x900","1","1","https://x.com/bang_mizu/status/1650476990515015680/analytics","81","","","","",""
"mary","https://x.com/minjaebarista","https://pbs.twimg.com/profile_images/1926502301021151232/cQmKb42K_bigger.jpg","https://x.com/minjaebarista","@minjaebarista","¬∑","18 Jul","ohh‚Ä¶","https://x.com/minjaebarista/status/1946198158515876046","chocodot","coklat garut‚Ä¶ why are you there‚Ä¶??","","https://x.com/minjaebarista/status/1946198158515876046/photo/2","https://pbs.twimg.com/media/GwJI6EoWcAAMhIR?format=jpg&name=240x240","9","","https://x.com/minjaebarista/status/1946198158515876046/analytics","215","","","","",""
"ùòäùò¶","https://x.com/mileapofavs","https://pbs.twimg.com/profile_images/1934891901049843712/RbMeNtRZ_bigger.jpg","https://x.com/mileapofavs","@mileapofavs","¬∑","23 Mei 2024","seumur hidup gak pernah kepikiran KGE repost story placenya ‚Äòsunda hejo coffee garut‚Äô yaallah pulangnya beli","https://x.com/mileapofavs/status/1793641403299614748","chocodot","gak ya dia","50","https://x.com/mileapofavs/status/1793641403299614748/photo/1","https://pbs.twimg.com/media/GORLV3JbYAARYCr?format=jpg&name=900x900","2","7","https://x.com/mileapofavs/status/1793641403299614748/analytics","18¬†rb","https://abs-0.twimg.com/emoji/v2/svg/1f62d.svg","","","",""
"bu enci","https://x.com/Bakewithlove2","https://pbs.twimg.com/profile_images/1690907936539983872/7uhMwo42_bigger.jpg","https://x.com/Bakewithlove2","@Bakewithlove2","¬∑","3 Feb 2024","Dapet kesempatan sharing banyak hal sama Owner&director  ""","https://x.com/Bakewithlove2/status/1753729214170464739","Chocodot","Indonesia"". 
Udah minder duluan karena beliau juga produksi bakery.

Eh ternyata: 
""Enak banget donatnya, tadi ga berasa saya ngabisin 2 donat abon"" 

Makasih banyak Kang Kiki Gumelar, bismillah suksesnya nular.","0:01","https://x.com/Bakewithlove2/status/1753729214170464739/photo/2","https://pbs.twimg.com/media/GFZ_bCmbAAA8uxx?format=jpg&name=small","3","35","https://x.com/Bakewithlove2/status/1753729214170464739/analytics","2¬†rb","","","","",""
"ayippp","https://x.com/yipftsegs","https://pbs.twimg.com/profile_images/1905720174977892352/v8PqFBdd_bigger.jpg","https://x.com/yipftsegs","@yipftsegs","¬∑","8 Apr 2024","""cowo keren doyan di sedot""","https://x.com/yipftsegs/status/1777329092775526475","chocodot","","","https://x.com/yipftsegs/status/1777329092775526475/photo/1","https://pbs.twimg.com/media/GKpXYPkaoAEmPhd?format=jpg&name=900x900","","","https://x.com/yipftsegs/status/1777329092775526475/analytics","83","","","","",""
"Indonesia Kaya","https://x.com/IndonesiaKaya","https://pbs.twimg.com/profile_images/1929873757818200064/0aWooq3M_bigger.jpg","https://x.com/IndonesiaKaya","@IndonesiaKaya","¬∑","9 Feb 2023","Toko","https://x.com/IndonesiaKaya/status/1623547238734766081","chocodot","dapat ditemui di Jalan Siliwangi dan pusat oleh-oleh di daerah Tarogong, Garut. Jika Sahabat IK mengunjungi Kota Garut, tidak ada salahnya jika membawa pulang","chocodot","","https://pbs.twimg.com/ext_tw_video_thumb/1623464094811721728/pu/img/tOaSUyi0WxoHPoi6.jpg","1","4","https://x.com/IndonesiaKaya/status/1623547238734766081/analytics","593","","","","",""
"Taaa","https://x.com/milktaaaa","https://pbs.twimg.com/profile_images/1726052431245737985/t_WC1d1I_bigger.jpg","https://x.com/milktaaaa","@milktaaaa","¬∑","14 Feb","Sering lewat garut, tapi baru sempet beli","https://x.com/milktaaaa/status/1890425752220237844","chocodot","lagi setelah sekian lama","","https://x.com/milktaaaa/status/1890425752220237844/photo/1","https://pbs.twimg.com/media/GjwkMyfbkAAAtSh?format=jpg&name=900x900","3","6","https://x.com/milktaaaa/status/1890425752220237844/analytics","640","","","","",""
"·¥ä·¥ú…¥…™ ‚≠ë","https://x.com/happieghost","https://pbs.twimg.com/profile_images/1950837233847873536/DpKGvBzM_bigger.jpg","https://x.com/happieghost","@happieghost","¬∑","14 Feb","mau nyicip coklat bandung (","https://x.com/happieghost/status/1890269489562022148","chocodot",")","","","","2","","https://x.com/happieghost/status/1890269489562022148/analytics","154","","","","",""
"inu","https://x.com/hisnuinu","https://pbs.twimg.com/profile_images/1952567162909982720/HWDimklQ_bigger.jpg","https://x.com/hisnuinu","@hisnuinu","¬∑","31 Mar 2024","Info","https://x.com/hisnuinu/status/1774266942607815079","Chocodot",", ( cowok keren doyan disedot","364","https://x.com/hisnuinu/status/1774266942607815079/photo/1","https://pbs.twimg.com/media/GJ92YIuaYAAbL2K?format=jpg&name=medium","11","6","https://x.com/hisnuinu/status/1774266942607815079/analytics","31¬†rb","https://abs-0.twimg.com/emoji/v2/svg/1f605.svg","Akun parodi","","",""
"Beerlyn‡≠®‡≠ß","https://x.com/beerl_","https://pbs.twimg.com/profile_images/1839273036111032322/E2D32Rse_bigger.jpg","https://x.com/beerl_","@beerl_","¬∑","22 Feb 2023","Tiba-tiba ada paket dari ayangg yg isinya","https://x.com/beerl_/status/1628315057477271552","Chocodot","cokelat dodol rasa sayang ini dan juga ada 1 produk dari brand local yg dilabelnya 3in1","59","https://x.com/beerl_/status/1628315057477271552/photo/1","https://pbs.twimg.com/media/Fpjv4FQakAE_u9P?format=jpg&name=900x900","30","1","https://x.com/beerl_/status/1628315057477271552/analytics","3¬†rb","https://abs-0.twimg.com/emoji/v2/svg/1f644.svg","","","",""
"irene","https://x.com/notrenebae","https://pbs.twimg.com/profile_images/1906733660814082048/ZoOpgp-N_bigger.jpg","https://x.com/notrenebae","@notrenebae","¬∑","15 Jan","apa itu coklat dubai
disini kita punya","https://x.com/notrenebae/status/1879486897589977302","chocodot","|| mt after dm","","https://x.com/notrenebae/status/1879486897589977302/photo/1","https://pbs.twimg.com/media/GhVHXjcbwAEqmvu?format=jpg&name=medium","2","","https://x.com/notrenebae/status/1879486897589977302/analytics","293","https://abs-0.twimg.com/emoji/v2/svg/1f60b.svg","","","",""
"Eri","https://x.com/eeerrriiii2788","https://pbs.twimg.com/profile_images/1830827681715494912/k01kBprr_bigger.jpg","https://x.com/eeerrriiii2788","@eeerrriiii2788","¬∑","24 Mei 2023","milk coklat juga enak rasa coklat kiddies jaman dulu...pengen ke Garutttt :(","https://x.com/eeerrriiii2788/status/1661389257901236224","Chocodot","","","https://x.com/eeerrriiii2788/status/1661389257901236224/photo/1","https://pbs.twimg.com/media/Fw5wuanWcAAlKxj?format=jpg&name=small","1","","https://x.com/eeerrriiii2788/status/1661389257901236224/analytics","206","","","","",""
"king","https://x.com/kepoamatsibrow","https://pbs.twimg.com/profile_images/1825325427038236672/2R6aOzG3_bigger.jpg","https://x.com/kepoamatsibrow","@kepoamatsibrow","¬∑","31 Mar 2024","trend","https://x.com/kepoamatsibrow/status/1774406202052808732","chocodot","","","https://x.com/kepoamatsibrow/status/1774406202052808732/photo/2","https://pbs.twimg.com/media/GJ_09dxbwAAuadr?format=jpg&name=small","","","https://x.com/kepoamatsibrow/status/1774406202052808732/analytics","260","https://abs-0.twimg.com/emoji/v2/svg/1f91e.svg","","","",""
"deen Ê®Ç‚úÆ","https://x.com/deenstay","https://pbs.twimg.com/profile_images/1619120784341086215/3Il38leH_bigger.jpg","https://x.com/deenstay","@deenstay","¬∑","15 Apr 2023","mau beli","https://x.com/deenstay/status/1647138459436343296","chocodot","makin lucu aja kemasannya","","https://x.com/deenstay/status/1647138459436343296/photo/1","https://pbs.twimg.com/media/FtvPsGvaMAAh9OT?format=jpg&name=900x900","1","","https://x.com/deenstay/status/1647138459436343296/analytics","149","","","","",""
"iboooook","https://x.com/ekaaaaaaash","https://pbs.twimg.com/profile_images/1679773551581347841/COQkreJS_bigger.jpg","https://x.com/ekaaaaaaash","@ekaaaaaaash","¬∑","29 Jun 2023","Sisa segini lagi. Emang seenak itu ternyata milk coklat","https://x.com/ekaaaaaaash/status/1674402861076344832","chocodot",".","","https://x.com/ekaaaaaaash/status/1674402861076344832/photo/1","https://pbs.twimg.com/media/FzyshQ_aQAEXgFb?format=jpg&name=900x900","","","https://x.com/ekaaaaaaash/status/1674402861076344832/analytics","97","","","","",""
"Syukrawati","https://x.com/Syukrawati27","https://pbs.twimg.com/profile_images/1473626665951449090/-f4TkpzA_bigger.jpg","https://x.com/Syukrawati27","@Syukrawati27","¬∑","9 Agt","Cek","https://x.com/Syukrawati27/status/1954176271073611809","Chocodot","- Coklat Sultan Dubai Style Choco Dark Chocolate Premium Dates & Almond 50g dengan harga Rp39.500. Dapatkan di Shopee sekarang!","s.shopee.co.id/7pivOsbVCa?sha","https://x.com/Syukrawati27/status/1954176271073611809/photo/1","https://pbs.twimg.com/media/Gx6g8nbaMAAghJs?format=jpg&name=900x900","","","https://x.com/Syukrawati27/status/1954176271073611809/analytics","20","","https://","https://t.co/I91XtyzWia","re_channel_code=7","‚Ä¶"
"Syukrawati","https://x.com/Syukrawati27","https://pbs.twimg.com/profile_images/1473626665951449090/-f4TkpzA_bigger.jpg","https://x.com/Syukrawati27","@Syukrawati27","¬∑","9 Agt","Cek Coklat","https://x.com/Syukrawati27/status/1954173426639278088","Chocodot","Edisi Wisata Garut dengan harga Rp47.500. Dapatkan di Shopee sekarang!","s.shopee.co.id/9Ur9NJsKt8?sha","https://x.com/Syukrawati27/status/1954173426639278088/photo/1","https://pbs.twimg.com/media/Gx6eXyXbEAA8rMR?format=jpg&name=900x900","","","https://x.com/Syukrawati27/status/1954173426639278088/analytics","16","","https://","https://t.co/XnXz3ycBOR","re_channel_code=7","‚Ä¶"
"Syukrawati","https://x.com/Syukrawati27","https://pbs.twimg.com/profile_images/1473626665951449090/-f4TkpzA_bigger.jpg","https://x.com/Syukrawati27","@Syukrawati27","¬∑","9 Agt","Cek New Product Coklat","https://x.com/Syukrawati27/status/1954174446626861242","Chocodot","Real Choco Premium Dark Chocolate 73% Cocoa 50g dengan harga Rp37.496. Dapatkan di Shopee sekarang!","s.shopee.co.id/5VL0c5WIqH?sha","https://x.com/Syukrawati27/status/1954174446626861242/photo/1","https://pbs.twimg.com/media/Gx6fS_VaYAAZxdB?format=jpg&name=900x900","","","https://x.com/Syukrawati27/status/1954174446626861242/analytics","10","","https://","https://t.co/i1LAzJe5yt","re_channel_code=7","‚Ä¶"
"tha","https://x.com/gatalasb0g0r","https://pbs.twimg.com/profile_images/1916172765780185090/UYHMU_Ce_bigger.jpg","https://x.com/gatalasb0g0r","@gatalasb0g0r","¬∑","21 Okt 2024","kejatuhan piala pasukan terfavorit
((i hate","https://x.com/gatalasb0g0r/status/1848369462254182691","chocodot","for this))","","https://x.com/gatalasb0g0r/status/1848369462254182691/photo/1","https://pbs.twimg.com/media/Gaa6OsXbcAAjK4y?format=jpg&name=900x900","","","https://x.com/gatalasb0g0r/status/1848369462254182691/analytics","59","","","","",""
"Alvino","https://x.com/_vino_alvino","https://pbs.twimg.com/profile_images/515194646138335232/qq6I_LTc_bigger.jpeg","https://x.com/_vino_alvino","@_vino_alvino","¬∑","8 Apr 2023","Eskrim Indomie Goreng, aturan indofood nxt bikin yg rasa kuah soto, ayam bawang, & kari ayam

Aneh sih, kaya dulu KFC ngeluarin ayam crispy saus cokelat pedes atau dulu FruitTea bikin FruitTea Hot rasa rujak bebeg atau Pepsi Panas

Biarin","https://x.com/_vino_alvino/status/1644722611761582080","chocodot","aja yg gila, bikin cokelat cabe","","https://x.com/_vino_alvino/status/1644722611761582080/photo/1","https://pbs.twimg.com/media/FtM6exaaIAACfoj?format=jpg&name=small","1","","https://x.com/_vino_alvino/status/1644722611761582080/analytics","688","","","","",""
"mia","https://x.com/ggonecherie","https://pbs.twimg.com/profile_images/1883096193972264960/cJGqkH3l_bigger.jpg","https://x.com/ggonecherie","@ggonecherie","¬∑","24 Mei 2024","sampai pagi ini terpantau masih trending, bae2 kamu kimgon dijadiin duta","https://x.com/ggonecherie/status/1793835410701086847","chocodot","","","https://x.com/ggonecherie/status/1793835410701086847/photo/1","https://pbs.twimg.com/media/GOT7zEiaAAAasxB?format=jpg&name=900x900","","","https://x.com/ggonecherie/status/1793835410701086847/analytics","189","","","","",""
"inspirasi OOTD Daily","https://x.com/paketdatangtrs","https://pbs.twimg.com/profile_images/1876134698990379008/SaE265jo_bigger.jpg","https://x.com/paketdatangtrs","@paketdatangtrs","¬∑","20 Mei","Lagi emosi? Rindu mantan? Jomblo akut? Atau baru aja patah hati?
Tenang, bukan dokter yang kamu butuh‚Ä¶ tapi cokelat dari","https://x.com/paketdatangtrs/status/1924697870860705793","Chocodot","!
Karena semua luka batin, bisa ditangani lewat gigitan manis.
Cara beli:","s.shopee.co.id/10qVVhvhAd","https://x.com/paketdatangtrs/status/1924697870860705793/photo/1","https://pbs.twimg.com/media/GrXmgWNbAAA-Yak?format=jpg&name=small","","","https://x.com/paketdatangtrs/status/1924697870860705793/analytics","29","https://abs-0.twimg.com/emoji/v2/svg/1f33b.svg","https://","https://t.co/mW9qZ81gI0","",""
"rere","https://x.com/dokyeomisser","https://pbs.twimg.com/profile_images/1766107552063131648/Jniwl1MY_bigger.jpg","https://x.com/dokyeomisser","@dokyeomisser","¬∑","18 Nov 2024","Wkwkwk bisabisanya kepikiran, emg ada yg mau kah... kaya","https://x.com/dokyeomisser/status/1858342338009178617","chocodot",", dodol, gtgt","","https://x.com/dokyeomisser/status/1858342338009178617/photo/1","https://pbs.twimg.com/media/Gcoogi6bkAAL5M-?format=jpg&name=900x900","","","https://x.com/dokyeomisser/status/1858342338009178617/analytics","47","","","","",""
"risma","https://x.com/mntchgrl","https://pbs.twimg.com/profile_images/1909952618274971648/XkGcLBOH_bigger.jpg","https://x.com/mntchgrl","@mntchgrl","¬∑","11 Feb","jake mau mampir garut gak, nnti ku kasih oleh oleh dodol sm burayot dan","https://x.com/mntchgrl/status/1889335461107449890","chocodot","","","","","","","https://x.com/mntchgrl/status/1889335461107449890/analytics","38","https://abs-0.twimg.com/emoji/v2/svg/1f970.svg","Akun parodi","","",""
"elvina - ihsan","https://x.com/elvina1902","https://pbs.twimg.com/profile_images/3362347663/13f4724b69dbc20dfad5396582655bdf_bigger.jpeg","https://x.com/elvina1902","@elvina1902","¬∑","16 Mar","Cek Coklat","https://x.com/elvina1902/status/1901105627893821622","Chocodot","Edisi Wisata Garut dengan harga Rp47.500. Dapatkan di Shopee sekarang!","s.shopee.co.id/8pXh0eAnBi?sha","https://x.com/elvina1902/status/1901105627893821622/photo/1","https://pbs.twimg.com/media/GmIVfdNaMAA6Bt9?format=jpg&name=900x900","","","https://x.com/elvina1902/status/1901105627893821622/analytics","38","","https://","https://t.co/KP7kGhHzYx","re_channel_code=7","‚Ä¶"
"elvina - ihsan","https://x.com/elvina1902","https://pbs.twimg.com/profile_images/3362347663/13f4724b69dbc20dfad5396582655bdf_bigger.jpeg","https://x.com/elvina1902","@elvina1902","¬∑","17 Mar","Cek Paket Parcel Kareem Cokelat","https://x.com/elvina1902/status/1901441361989238858","Chocodot","- Parcel Coklat - Parcel Ramadhan - Parcel Lebaran dengan harga Rp200.000. Dapatkan di Shopee sekarang!","s.shopee.co.id/3LClw9q2dM?sha","https://x.com/elvina1902/status/1901441361989238858/photo/1","https://pbs.twimg.com/media/GmNG1wab0AAXAq-?format=jpg&name=900x900","","","https://x.com/elvina1902/status/1901441361989238858/analytics","24","","https://","https://t.co/JrRIIsGA87","re_channel_code=7","‚Ä¶"
"_thv0709","https://x.com/thvmiela0709","https://pbs.twimg.com/profile_images/1730910101404524545/ypYz-M9u_bigger.jpg","https://x.com/thvmiela0709","@thvmiela0709","¬∑","16 Des 2023","Tar yg trade liat aku pake totebag kuning","https://x.com/thvmiela0709/status/1735801958395777211","chocodot","sapa z ya","chocodot","https://x.com/thvmiela0709/status/1735801958395777211/photo/1","https://pbs.twimg.com/media/GBbObxobQAAoos-?format=jpg&name=900x900","1","5","https://x.com/thvmiela0709/status/1735801958395777211/analytics","473","https://abs-0.twimg.com/emoji/v2/svg/1f917.svg","","","",""
"la","https://x.com/melkietea","https://pbs.twimg.com/profile_images/1662809171866296322/43M8wAe3_bigger.jpg","https://x.com/melkietea","@melkietea","¬∑","27 Apr 2023","semanis","https://x.com/melkietea/status/1651572342500507651","chocodot","","","https://x.com/melkietea/status/1651572342500507651/photo/1","https://pbs.twimg.com/media/FuuQSRPaMAA198e?format=jpg&name=small","","","https://x.com/melkietea/status/1651572342500507651/analytics","46","","","","",""
"„Éä„Éü‚ú∞ k/ia","https://x.com/hiirrin","https://pbs.twimg.com/profile_images/1949062704234430464/JRl_SNyY_bigger.jpg","https://x.com/hiirrin","@hiirrin","¬∑","11 Agt 2024","Nanaki ushio beli","https://x.com/hiirrin/status/1822500454397284593","chocodot","Akun parodi","1","https://x.com/hiirrin/status/1822500454397284593/photo/1","https://pbs.twimg.com/media/GUrSgAEaAAAaye8?format=jpg&name=900x900","1","1","https://x.com/hiirrin/status/1822500454397284593/analytics","157","https://abs-0.twimg.com/emoji/v2/svg/1f602.svg","Akun parodi","","Kutipan","„Éä„Éü‚ú∞ k/ia"
"Radio PRFM","https://x.com/PRFMnews","https://pbs.twimg.com/profile_images/1948665563540324358/dbjzCLcV_bigger.jpg","https://x.com/PRFMnews","@PRFMnews","¬∑","19 Nov 2024","Sejarah","https://x.com/PRFMnews/status/1858821718514823441","Chocodot",", Hidangan Manis Asal Garut yang Berawal dari Uji Coba Kuliner","","https://t.co/D9Cr8yXzt8","","1","2","https://x.com/PRFMnews/status/1858821718514823441/analytics","1¬†rb","","","","",""
"mongie ‚Å†‚ïπ‚Å†‚ñΩ‚Å†‚ïπ‚Å†","https://x.com/miuwiemong","https://pbs.twimg.com/profile_images/1952002292024295424/O8oKCXfm_bigger.jpg","https://x.com/miuwiemong","@miuwiemong","¬∑","28 Jun 2024","wow di rumah ku full","https://x.com/miuwiemong/status/1806665399599300988","chocodot","dan bittersweet... 

lumayan stok makanan ku","","","","1","","https://x.com/miuwiemong/status/1806665399599300988/analytics","43","","Akun parodi","","",""
"Noah.","https://x.com/wormdusk","https://pbs.twimg.com/profile_images/1925099240910635008/AEAcaWWf_bigger.jpg","https://x.com/wormdusk","@wormdusk","¬∑","25 Jun","Lagi - lagi edisi borong dagangan UMKM. Hari ini beli bakso tulang rawan, sebagai manusia yang kurang suka bakso jujur bakso ini enak banget, 9/10. Namanya bakso Semar di sebrang toko oleh - oleh","https://x.com/wormdusk/status/1937834731577716912","chocodot","sebelah alun - alun tarogong.","","","","1","","https://x.com/wormdusk/status/1937834731577716912/analytics","165","","","","",""
"Faber Gideon Purba","https://x.com/faber_purba","https://pbs.twimg.com/profile_images/1276174903578783744/xjb4mbb-_bigger.jpg","https://x.com/faber_purba","@faber_purba","¬∑","2 Mei 2023","= Chocolate with Dodol Garut.

Awesome.","https://x.com/faber_purba/status/1653229924935929856","Chocodot","","","https://x.com/faber_purba/status/1653229924935929856/photo/1","https://pbs.twimg.com/media/FvFz2PNagAIU4rQ?format=jpg&name=900x900","","","https://x.com/faber_purba/status/1653229924935929856/analytics","115","","","","",""
"Sandria Canpinter","https://x.com/peysembahyang","https://pbs.twimg.com/profile_images/1924475063128182784/Ft4H700o_bigger.jpg","https://x.com/peysembahyang","@peysembahyang","¬∑","20 Jul 2023","adi nyieun bola"" susu rasa coklat karasa lada saeutik, jadi inget","https://x.com/peysembahyang/status/1681848330438217728","chocodot","rasa cabe","","","","","","https://x.com/peysembahyang/status/1681848330438217728/analytics","48","","","","",""
"toothless","https://x.com/tutles__","https://pbs.twimg.com/profile_images/1936715764376940544/RcNmy3YK_bigger.jpg","https://x.com/tutles__","@tutles__","¬∑","16 Des 2024","pengen","https://x.com/tutles__/status/1868452020174414061","chocodot","dubai aya teu nya? hahaha","","","","3","1","https://x.com/tutles__/status/1868452020174414061/analytics","1¬†rb","","","","",""
"vinna","https://x.com/rarevii21","https://pbs.twimg.com/profile_images/1836028325283991552/AzzGaHh2_bigger.jpg","https://x.com/rarevii21","@rarevii21","¬∑","22 Feb 2023","Setelah aku buka bingkisannya ini ada choklat dari","https://x.com/rarevii21/status/1628358499674775552","Chocodot","sama ‚Äúserum/sunscreen ya???‚Äù karena namanya aja 3in1 Serum Sunscreen

gemes bgt baru kali ini dapet coklat & serum sunscreen yg lucu banget dari","17","https://x.com/rarevii21/status/1628358499674775552/photo/2","https://pbs.twimg.com/media/FpkXarvakAIX0Oi?format=jpg&name=small","2","3","https://x.com/rarevii21/status/1628358499674775552/analytics","1¬†rb","https://abs-0.twimg.com/emoji/v2/svg/1f62d.svg","","https://x.com/rarevii21","",""
"elvina - ihsan","https://x.com/elvina1902","https://pbs.twimg.com/profile_images/3362347663/13f4724b69dbc20dfad5396582655bdf_bigger.jpeg","https://x.com/elvina1902","@elvina1902","¬∑","16 Mar","Cek Paket Parcel Kareem Cokelat","https://x.com/elvina1902/status/1901145858240139499","Chocodot","- Parcel Coklat - Parcel Ramadhan - Parcel Lebaran dengan harga Rp200.000. Dapatkan di Shopee sekarang!","s.shopee.co.id/5Kxp1C4LjC?sha","https://x.com/elvina1902/status/1901145858240139499/photo/1","https://pbs.twimg.com/media/GmI6FI3bEAAXyWI?format=jpg&name=900x900","","","https://x.com/elvina1902/status/1901145858240139499/analytics","27","","https://","https://t.co/FPkKLSGBk5","re_channel_code=7","‚Ä¶"
"elvina - ihsan","https://x.com/elvina1902","https://pbs.twimg.com/profile_images/3362347663/13f4724b69dbc20dfad5396582655bdf_bigger.jpeg","https://x.com/elvina1902","@elvina1902","¬∑","14 Mar","Cek Coklat","https://x.com/elvina1902/status/1900488492242878622","Chocodot","Edisi Wisata Garut dengan harga Rp47.500. Dapatkan di Shopee sekarang!","s.shopee.co.id/1Vl3YlNvzc?sha","https://x.com/elvina1902/status/1900488492242878622/photo/1","https://pbs.twimg.com/media/Gl_kNasXIAAt6Ub?format=jpg&name=900x900","","","https://x.com/elvina1902/status/1900488492242878622/analytics","30","","https://","https://t.co/R52l69YDq5","re_channel_code=7","‚Ä¶"
"Cekotinaja","https://x.com/cekotinaja25739","https://pbs.twimg.com/profile_images/1817906169039781888/YTcVQacP_bigger.jpg","https://x.com/cekotinaja25739","@cekotinaja25739","¬∑","17 Feb","Cek New Product Coklat","https://x.com/cekotinaja25739/status/1891455161739960581","Chocodot","Real Choco Premium Dark Chocolate 73% Cocoa 50g dengan harga Rp37.500. Dapatkan di Shopee sekarang!","s.shopee.co.id/3VVUBLyv4P?sha","https://x.com/cekotinaja25739/status/1891455161739960581/photo/1","https://pbs.twimg.com/media/Gj_Mb8-boAAnpB8?format=jpg&name=900x900","","","https://x.com/cekotinaja25739/status/1891455161739960581/analytics","5","","https://","https://t.co/WR3YzQB16r","re_channel_code=7","‚Ä¶"
"Myawr","https://x.com/styxhelixitis","https://pbs.twimg.com/profile_images/1840381597339840512/vDqbj8RP_bigger.jpg","https://x.com/styxhelixitis","@styxhelixitis","¬∑","9 Jun 2023","Garut culinary are so unserious be like:

Cipak koceak
Mie jebew
Cirambay
Cimol bojot
Burayot
Emplod/endog lewo
Ceprus
Dodol","https://x.com/styxhelixitis/status/1666998230763343873","Chocodot","Dorokdok
Boci","","","","2","1","https://x.com/styxhelixitis/status/1666998230763343873/analytics","325","","","","",""
"dido","https://x.com/popottttter","https://pbs.twimg.com/profile_images/1955869371391467524/ZyT0ZXHK_bigger.jpg","https://x.com/popottttter","@popottttter","¬∑","9 Okt 2024","non gua beliin","https://x.com/popottttter/status/1844040186063392838","chocodot","","","","https://pbs.twimg.com/amplify_video_thumb/1843999184107753472/img/VOyIXO8m7ANjYry6.jpg","","","https://x.com/popottttter/status/1844040186063392838/analytics","8","","Akun penggemar","https://x.com/i/status/1843999294879318408","",""
"dido","https://x.com/popottttter","https://pbs.twimg.com/profile_images/1955869371391467524/ZyT0ZXHK_bigger.jpg","https://x.com/popottttter","@popottttter","¬∑","9 Okt 2024","non gua beliin","https://x.com/popottttter/status/1844040186063392838","chocodot","0:22","","","","","","https://x.com/popottttter/status/1844040186063392838/analytics","8","","Akun penggemar","https://x.com/i/status/1843999294879318408","",""
"Direktorat Jenderal Anggaran","https://x.com/DitjenAnggaran","https://pbs.twimg.com/profile_images/1803785609250828290/327fIqPu_bigger.jpg","https://x.com/DitjenAnggaran","@DitjenAnggaran","¬∑","5 Jan 2023","Beli","https://x.com/DitjenAnggaran/status/1610897055312121856","chocodot","dan jaket kulit di Kota,
Kinerja Penerimaan Negara Luar Biasa Dua Tahun Berturut-turut.

yuk cek selengkapnya di","kemenkeu.go.id/informasi-publ","https://x.com/DitjenAnggaran/status/1610897055312121856/photo/1","https://pbs.twimg.com/media/FlsOTgIaYAA50WM?format=jpg&name=medium","3","4","https://x.com/DitjenAnggaran/status/1610897055312121856/analytics","197","","https://","https://t.co/Fa0MZeF0VE","ik/publikasi/berita-utama/Kinerja-Penerimaan-Negara-Luar-Biasa","‚Ä¶"
"tha","https://x.com/gatalasb0g0r","https://pbs.twimg.com/profile_images/1916172765780185090/UYHMU_Ce_bigger.jpg","https://x.com/gatalasb0g0r","@gatalasb0g0r","¬∑","30 Okt 2024","EH","https://x.com/gatalasb0g0r/status/1851562911862567374","CHOCODOT","YANG MILK CHOCOLATE WITH STRAWBERRY FLAVOUR ENAK BANGETTT??? trimsss kemal udah bawain ak oleh oleh ini lup","","","","","","https://x.com/gatalasb0g0r/status/1851562911862567374/analytics","51","https://abs-0.twimg.com/emoji/v2/svg/1faf0-1f3fb.svg","","","",""
"JujuÔΩ°","https://x.com/felixcimahi","https://pbs.twimg.com/profile_images/1919733639916748800/K4EhY6kI_bigger.png","https://x.com/felixcimahi","@felixcimahi","¬∑","2 Sep 2023","asli ini teh ke garut??? wkwk kang nitip domba garut sama","https://x.com/felixcimahi/status/1697802428488532108","chocodot","ya,,,","Otomatis","https://x.com/kdrama_menfess/status/1697630074563162336/photo/1","https://pbs.twimg.com/media/F48xjh0b0AAOZ8A?format=jpg&name=900x900","","","https://x.com/felixcimahi/status/1697802428488532108/analytics","36","","","","Kutipan","K-Drama Menfess"
"dido","https://x.com/popottttter","https://pbs.twimg.com/profile_images/1955869371391467524/ZyT0ZXHK_bigger.jpg","https://x.com/popottttter","@popottttter","¬∑","9 Okt 2024","non gua beliin","https://x.com/popottttter/status/1844040186063392838","chocodot","0:03 / 0:24","","","","","","https://x.com/popottttter/status/1844040186063392838/analytics","8","","Akun penggemar","https://x.com/i/status/1843999294879318408","",""
"Mita Wardatan","https://x.com/MWardatan","https://pbs.twimg.com/profile_images/1739451511615410176/ButDysBR_bigger.jpg","https://x.com/MWardatan","@MWardatan","¬∑","3 Apr 2024","Temukan dan dapatkan Coklat","https://x.com/MWardatan/status/1775375722674340207","Chocodot","Update Series Pantang Mendua 50g hanya Rp16.000 di Shopee sekarang juga!","shope.ee/4VFmSit4OT?sha","https://x.com/MWardatan/status/1775375722674340207/photo/1","https://pbs.twimg.com/media/GKNmzj1bAAA_nch?format=jpg&name=900x900","","","https://x.com/MWardatan/status/1775375722674340207/analytics","57","","https://","https://t.co/KDaHUBdHxb","re_channel_code=7","‚Ä¶"
"Mar","https://x.com/Alkaisu1","https://pbs.twimg.com/profile_images/1957642321295732738/mgaL0AH4_bigger.jpg","https://x.com/Alkaisu1","@Alkaisu1","¬∑","3 Feb","Wonpil syg mau endors coklat jago aja ga daripada itu. Atau","https://x.com/Alkaisu1/status/1886449839678140564","chocodot","garut deh boleh","x.com/wonpilsbbl/sta","","","","Postingan ini tidak tersedia.","https://x.com/Alkaisu1/status/1886449839678140564/analytics","117","","https://","https://x.com/wonpilsbbl/status/1886439600295735564","/wonpilsbbl/status/1886439600295735564","‚Ä¶"
"Jhnfzh","https://x.com/fauziah_jihan","https://pbs.twimg.com/profile_images/1388610134490828800/n6q0atRe_bigger.jpg","https://x.com/fauziah_jihan","@fauziah_jihan","¬∑","18 Apr 2023","banget, tengkyuuu ayangggg","https://x.com/fauziah_jihan/status/1648361832787345410","Chocodot","","","https://x.com/fauziah_jihan/status/1648361832787345410/photo/1","https://pbs.twimg.com/media/FuAoWY1acAAfV5Y?format=jpg&name=900x900","","","https://x.com/fauziah_jihan/status/1648361832787345410/analytics","124","https://abs-0.twimg.com/emoji/v2/svg/1f495.svg","","","",""
"lily","https://x.com/ghxidxc","https://pbs.twimg.com/profile_images/1849319463625363456/ELcwAGj3_bigger.jpg","https://x.com/ghxidxc","@ghxidxc","¬∑","29 Agt 2023","siapa sangka kim bum bakal syuting film di garut??? Kim Bum harus cobain","https://x.com/ghxidxc/status/1696337471326539919","chocodot","dan rujak cireng fixx","","","","","","https://x.com/ghxidxc/status/1696337471326539919/analytics","61","","","","",""
"Kaci Âêà","https://x.com/huntjisung","https://pbs.twimg.com/profile_images/1947083774350532612/2UtjnEdP_bigger.jpg","https://x.com/huntjisung","@huntjisung","¬∑","4 Des 2024","Sp dari garut ak mw","https://x.com/huntjisung/status/1864136603989627192","chocodot","...","êôö","","https://pbs.twimg.com/profile_images/1758000065191534592/MtNH9WL9_normal.jpg","","","https://x.com/huntjisung/status/1864136603989627192/analytics","149","https://abs-0.twimg.com/emoji/v2/svg/1f614.svg","","","Kutipan","@waatanabetravis"
"taa‚úß‚Å†*‚Å†„ÄÇ","https://x.com/hellokunitz","https://pbs.twimg.com/profile_images/1957283597616091137/DRJWVKt8_bigger.jpg","https://x.com/hellokunitz","@hellokunitz","¬∑","24 Jul 2024","hayu sal ke Garut nanti kita makan","https://x.com/hellokunitz/status/1816075470506750302","chocodot","Akun parodi","","https://x.com/junewhope/status/1816058075343638814/photo/1","","1","3","https://x.com/hellokunitz/status/1816075470506750302/analytics","140","","","","Kutipan","june"
"eta","https://x.com/pacarbebel","https://pbs.twimg.com/profile_images/1870518160459436032/cxteYmII_bigger.jpg","https://x.com/pacarbebel","@pacarbebel","¬∑","5 Mar 2024","mau makan","https://x.com/pacarbebel/status/1764838629615214959","chocodot","lgsg di garut tp agaknya w lg jauh bgt","","","","","","https://x.com/pacarbebel/status/1764838629615214959/analytics","51","https://abs-0.twimg.com/emoji/v2/svg/1f614.svg","","","",""
"riri","https://x.com/anomeraria","https://pbs.twimg.com/profile_images/1930566398822252544/Npy5-Q0b_bigger.jpg","https://x.com/anomeraria","@anomeraria","¬∑","5 Jan","Cunda chindo cunda chindo, gue sumpel juga lo sama dodol isi cabenya","https://x.com/anomeraria/status/1875857119934890098","chocodot","","","","","1","3","https://x.com/anomeraria/status/1875857119934890098/analytics","488","","","","",""
"Hariz ·Æ†·Æõ·Æ§·Æê·Æ™","https://x.com/syedharizamri","https://pbs.twimg.com/profile_images/1770960929066467328/q40F0UgQ_bigger.jpg","https://x.com/syedharizamri","@syedharizamri","¬∑","13 Mar 2023","Belum tau aja rasanya meeting sama pejabat yang pakeannya kuning kuning kek tai itu. 

Udah mah snack nya pengen","https://x.com/syedharizamri/status/1635246454884429824","Chocodot",", air mineral wajib aqua, di depan meja wajib ada bunga, jadwal meeting jam 8, mereka dateng jam 1 siang, udah gitu mereka pengen persenan. Si anying.","319","","","18","50","https://x.com/syedharizamri/status/1635246454884429824/analytics","87¬†rb","","","https://x.com/Adtarie","",""
"","https://x.com/kethcaw","https://pbs.twimg.com/profile_images/1954160639213223936/jGGX7jIE_bigger.jpg","https://x.com/kethcaw","@kethcaw","¬∑","21 Jul 2024","nitip","https://x.com/kethcaw/status/1814983600120754640","chocodot","p @ yg di garut","","","","","","https://x.com/kethcaw/status/1814983600120754640/analytics","23","","","","",""
"·Æì·Æ§·Æú·Æ™ Ó®Ä","https://x.com/diltopagelhaii","https://pbs.twimg.com/profile_images/1747023382930239488/mQLDSa7O_bigger.jpg","https://x.com/diltopagelhaii","@diltopagelhaii","¬∑","4 Jul 2024","Tiba tiba banget kepengen","https://x.com/diltopagelhaii/status/1808842711614771331","chocodot","","","","","","","https://x.com/diltopagelhaii/status/1808842711614771331/analytics","108","https://abs-0.twimg.com/emoji/v2/svg/1f62d.svg","","","",""
"archieve","https://x.com/aercheichee","https://pbs.twimg.com/profile_images/1665701961751224321/2_54DePt_bigger.jpg","https://x.com/aercheichee","@aercheichee","¬∑","8 Jun","teteh gue spent over 700k just for this freaking","https://x.com/aercheichee/status/1931734700332286133","chocodot","kek... anj jadi pengen punya duit sendiri juga","","https://x.com/aercheichee/status/1931734700332286133/photo/1","https://pbs.twimg.com/media/Gs7mdwlacAAyQbQ?format=jpg&name=medium","","","https://x.com/aercheichee/status/1931734700332286133/analytics","19","","","","",""
"elvina - ihsan","https://x.com/elvina1902","https://pbs.twimg.com/profile_images/3362347663/13f4724b69dbc20dfad5396582655bdf_bigger.jpeg","https://x.com/elvina1902","@elvina1902","¬∑","26 Mar","Cek Paket Parcel Kareem Cokelat","https://x.com/elvina1902/status/1904741513051201850","Chocodot","- Parcel Coklat - Parcel Ramadhan - Parcel Lebaran dengan harga Rp200.000. Dapatkan di Shopee sekarang!","s.shopee.co.id/1LRw52vvUX?sha","https://x.com/elvina1902/status/1904741513051201850/photo/1","https://pbs.twimg.com/media/Gm8ATxbbYAAAdTc?format=jpg&name=900x900","","","https://x.com/elvina1902/status/1904741513051201850/analytics","50","","https://","https://t.co/gcQkKVaCTJ","re_channel_code=7","‚Ä¶"
"ùíÜùíàùíäùíè ùíÖùíÇùíÜùíàùíÇùíç ùíàùíìùíÇùíèùíÖùíéùíÇ‚Å∑‚Å∑","https://x.com/hamadazhong","https://pbs.twimg.com/profile_images/1884937911252172800/PD8qg6cj_bigger.jpg","https://x.com/hamadazhong","@hamadazhong","¬∑","26 Des 2023","Doy lu mending jadi ba","https://x.com/hamadazhong/status/1739608557086253413","chocodot","doy, tiap kemasannya beda beda kata. Cokelat anti galau ada, cokelat cegah balikan ada, cokelat enteng jodoh juga ada doy","","https://x.com/hamadazhong/status/1739608557086253413/photo/1","https://pbs.twimg.com/media/GCRUw2LbwAAkeU8?format=jpg&name=large","1","","https://x.com/hamadazhong/status/1739608557086253413/analytics","163","","Akun parodi","","",""
"elvina - ihsan","https://x.com/elvina1902","https://pbs.twimg.com/profile_images/3362347663/13f4724b69dbc20dfad5396582655bdf_bigger.jpeg","https://x.com/elvina1902","@elvina1902","¬∑","22 Mar","Cek Coklat","https://x.com/elvina1902/status/1903429598072934456","Chocodot","Edisi Wisata Garut dengan harga Rp47.500. Dapatkan di Shopee sekarang!","s.shopee.co.id/AUg5DtDtlV?sha","https://x.com/elvina1902/status/1903429598072934456/photo/1","https://pbs.twimg.com/media/GmpXIRyasAAiW1m?format=jpg&name=900x900","","","https://x.com/elvina1902/status/1903429598072934456/analytics","24","","https://","https://t.co/QrUCKXH8Nu","re_channel_code=7","‚Ä¶"
".","https://x.com/mongwoof_","https://pbs.twimg.com/profile_images/1850316517218652160/IF3U52Zc_bigger.jpg","https://x.com/mongwoof_","@mongwoof_","¬∑","19 Mei 2023","enak ga sih burayot jadi pengen nyoba. sekalian beli dodol dan","https://x.com/mongwoof_/status/1659329154691768320","chocodot","@NAAMER1CAN0","R a y a","https://x.com/NAAMER1CAN0/status/1659174199385288705/photo/1","https://pbs.twimg.com/profile_images/1901399443959959552/O-rm2oAT_normal.jpg","","","https://x.com/mongwoof_/status/1659329154691768320/analytics","26","https://abs-0.twimg.com/emoji/v2/svg/1f614.svg","","","Kutipan","@NAAMER1CAN0"
"Julian","https://x.com/tresourus","https://pbs.twimg.com/profile_images/1953101166080081922/hWk6BsLX_bigger.jpg","https://x.com/tresourus","@tresourus","¬∑","15 Mar 2024","Ke Paris bawanya","https://x.com/tresourus/status/1768483518483730523","chocodot","","txtdaripemerintah","https://x.com/txtdrpemerintah/status/1768306787739144311/photo/1","https://pbs.twimg.com/profile_images/1761357796875124736/2VstvJca_normal.jpg","","","https://x.com/tresourus/status/1768483518483730523/analytics","61","","","","Kutipan","@txtdrpemerintah"
"Neka","https://x.com/Isman_Kadarusna","https://pbs.twimg.com/profile_images/1812352449446830080/hhWJIbOd_bigger.jpg","https://x.com/Isman_Kadarusna","@Isman_Kadarusna","¬∑","28 Jul 2023","Bismillah. Dengan 3 buah","https://x.com/Isman_Kadarusna/status/1684700890304032773","chocodot","saya siap beraktivitas di 10 Muharram ini.","","","","1","","https://x.com/Isman_Kadarusna/status/1684700890304032773/analytics","39","","","","",""
"kale¬π‚Å¥","https://x.com/pestocheese","https://pbs.twimg.com/profile_images/1943935488018030592/YV-j2s5k_bigger.jpg","https://x.com/pestocheese","@pestocheese","¬∑","24 Mei 2024","I remember that oomf said ini mark webber lagi milih coklat","https://x.com/pestocheese/status/1793914610787180793","chocodot","di cibaduyut","Otomatis","https://x.com/hourlywebber/status/1793316365589262693/photo/1","https://pbs.twimg.com/media/GOMjuwrW8AMtRQU?format=jpg&name=900x900","2","8","https://x.com/pestocheese/status/1793914610787180793/analytics","344","","","","Kutipan","daily mark webber"
"Ÿékang seblak","https://x.com/sarrcastiic","https://pbs.twimg.com/profile_images/1733445256086253568/NTuuq3so_bigger.jpg","https://x.com/sarrcastiic","@sarrcastiic","¬∑","10 Jun 2024","makasih lho","https://x.com/sarrcastiic/status/1799954454135071013","chocodot","udah nganterin beli","","","","1","","https://x.com/sarrcastiic/status/1799954454135071013/analytics","93","https://abs-0.twimg.com/emoji/v2/svg/1f61a.svg","","","",""
"pengpengpeng","https://x.com/withkillua","https://pbs.twimg.com/profile_images/1875515878001012739/_UgS-hbl_bigger.jpg","https://x.com/withkillua","@withkillua","¬∑","2 Okt 2023","setan kambing di ambang kematian mirip mbe bandot","https://x.com/withkillua/status/1708845192676282487","chocodot","","","","","1","","https://x.com/withkillua/status/1708845192676282487/analytics","280","","","","",""
"MBAK SIPUT Í¶±Í¶æÍ¶∂Í¶ÆÍ¶≥","https://x.com/Syiva_AWd","https://pbs.twimg.com/profile_images/1660246455964270594/nPtEHwwO_bigger.jpg","https://x.com/Syiva_AWd","@Syiva_AWd","¬∑","26 Apr 2023","terutama yang di besek. Enak karena isi selai dan lucu bungkusannya besek","https://x.com/Syiva_AWd/status/1651235999098306565","Chocodot","","t.co/Y4z3PZwqlk","","","","Postingan ini tidak tersedia.","https://x.com/Syiva_AWd/status/1651235999098306565/analytics","67","","https://","https://t.co/Y4z3PZwqlk","",""
"Andin","https://x.com/paviocellus","https://pbs.twimg.com/profile_images/1945027088341164032/zjvEU71p_bigger.jpg","https://x.com/paviocellus","@paviocellus","¬∑","8 Sep 2024","Gara-gara ini gue jd mikir nama makanan yg lucu dijadiin pet name...

ACI, cimol, mochi sukabumi,","https://x.com/paviocellus/status/1832678811386966086","chocodot","garut, bakpia, ali agrem, pUTU AYU","‚ú∂","","https://pbs.twimg.com/profile_images/1827921931959504896/qg1qU7zK_normal.png","4","","https://x.com/paviocellus/status/1832678811386966086/analytics","445","https://abs-0.twimg.com/emoji/v2/svg/1f97a.svg","Akun parodi","","Kutipan","@monocaurus"
"Aru *k i/a*","https://x.com/pacarraiden_ei","https://pbs.twimg.com/profile_images/1924072786177191936/Rij8dFiH_bigger.jpg","https://x.com/pacarraiden_ei","@pacarraiden_ei","¬∑","23 Nov 2024","Asa hayang","https://x.com/pacarraiden_ei/status/1860222351553765488","chocodot","...","","","","","","https://x.com/pacarraiden_ei/status/1860222351553765488/analytics","63","","","","",""
"Aulia S.E., M.Pak., Tbk.","https://x.com/hanmula","https://pbs.twimg.com/profile_images/1463293489609777152/xqBIMeqa_bigger.jpg","https://x.com/hanmula","@hanmula","¬∑","14 Feb 2024","Yang pasti2 aja, beli","https://x.com/hanmula/status/1757588183666262322","chocodot",". Coklat aseli garut.","t.co/4R2O6vLuO4","","","1","Postingan ini tidak tersedia.","https://x.com/hanmula/status/1757588183666262322/analytics","973","","https://","https://t.co/4R2O6vLuO4","",""
"hanthu","https://x.com/henabanget","https://pbs.twimg.com/profile_images/1777454528000114688/og4xBUAq_bigger.jpg","https://x.com/henabanget","@henabanget","¬∑","22 Jul 2023","tiba tiba di kulkas ada","https://x.com/henabanget/status/1682602471317979143","chocodot","tulisannya ‚Äúcoklat cari pacar‚Äù maksutnya apa yah apakah ada maksud terselubung??","","","","","","https://x.com/henabanget/status/1682602471317979143/analytics","66","","","","",""
"ayin lagi ‡≠®‡≠ß","https://x.com/jualanayin","https://pbs.twimg.com/profile_images/1938971057668448256/4Nu7AkXi_bigger.png","https://x.com/jualanayin","@jualanayin","¬∑","5 Jul 2024","aku masih punya coklat","https://x.com/jualanayin/status/1809110684510089567","chocodot","tapi sakit gigi","","","","","","https://x.com/jualanayin/status/1809110684510089567/analytics","57","https://abs-0.twimg.com/emoji/v2/svg/1f62d.svg","","","",""
"kler","https://x.com/kleracing","https://pbs.twimg.com/profile_images/1808408065286565888/xcnvyv-V_bigger.jpg","https://x.com/kleracing","@kleracing","¬∑","22 Jul 2024","kangen main me gramed tp kalo beli onlen harganya lebih murah jauh bgt akkdoqjsjsn apa gue datang buat beli","https://x.com/kleracing/status/1815431040829378669","chocodot","doang ya? wkwkwkwkwkwk","","","","","","https://x.com/kleracing/status/1815431040829378669/analytics","29","","","","",""
"jeje","https://x.com/kisahclassiic","https://pbs.twimg.com/profile_images/1899542628238290944/i-0wbaRK_bigger.jpg","https://x.com/kisahclassiic","@kisahclassiic","¬∑","31 Mar 2024","aku sukanya","https://x.com/kisahclassiic/status/1774266181480054825","chocodot","(cowo keren doyan disedot) kaburr","","","","8","5","https://x.com/kisahclassiic/status/1774266181480054825/analytics","668","https://abs-0.twimg.com/emoji/v2/svg/1f3c3-1f3fb-200d-2640-fe0f.svg","","","",""
"MOBAMBAHH","https://x.com/yurrvy","https://pbs.twimg.com/profile_images/1948639081912827907/TTCTlulR_bigger.jpg","https://x.com/yurrvy","@yurrvy","¬∑","1 Apr 2024","WKWKWKWK","https://x.com/yurrvy/status/1774485751373435342","CHOCODOT","","","","","","","https://x.com/yurrvy/status/1774485751373435342/analytics","137","","","","",""
"ùêàùêÜùêà.","https://x.com/triaghi","https://pbs.twimg.com/profile_images/1958345115107553280/Ri75oqkC_bigger.jpg","https://x.com/triaghi","@triaghi","¬∑","24 Jun","garut ada pesaingnya solodot","https://x.com/triaghi/status/1937501219699982355","Chocodot","","","","","","","https://x.com/triaghi/status/1937501219699982355/analytics","70","","","","",""
"elvina - ihsan","https://x.com/elvina1902","https://pbs.twimg.com/profile_images/3362347663/13f4724b69dbc20dfad5396582655bdf_bigger.jpeg","https://x.com/elvina1902","@elvina1902","¬∑","24 Mar","Cek Paket Parcel Kareem Cokelat","https://x.com/elvina1902/status/1904006522398769549","Chocodot","- Parcel Coklat - Parcel Ramadhan - Parcel Lebaran dengan harga Rp200.000. Dapatkan di Shopee sekarang!","s.shopee.co.id/6pmpOaMOkx?sha","https://x.com/elvina1902/status/1904006522398769549/photo/1","https://pbs.twimg.com/media/Gmxj1r9bkAAG-4v?format=jpg&name=900x900","","","https://x.com/elvina1902/status/1904006522398769549/analytics","102","","https://","https://t.co/dsDNN1EMGh","re_channel_code=7","‚Ä¶"
"Chocodot","https://x.com/NIKHIDAYAT0","https://pbs.twimg.com/profile_images/1541133793867640832/MxG-a8Tj_bigger.jpg","https://x.com/NIKHIDAYAT0","@NIKHIDAYAT0","¬∑","2 Mei 2023","Paling Fav","https://x.com/NIKHIDAYAT0/status/1653131309416591360","","","","https://x.com/NIKHIDAYAT0/status/1653131309416591360/photo/1","https://pbs.twimg.com/media/FvEaKWKaAAEZ_TD?format=jpg&name=900x900","","","https://x.com/NIKHIDAYAT0/status/1653131309416591360/analytics","2¬†rb","https://abs-0.twimg.com/emoji/v2/svg/2764.svg","","","",""
"Chocodot","https://x.com/NIKHIDAYAT0","https://pbs.twimg.com/profile_images/1541133793867640832/MxG-a8Tj_bigger.jpg","https://x.com/NIKHIDAYAT0","@NIKHIDAYAT0","¬∑","2 Mei 2023","Bila dah masuk dunia pekerjaan ni , macam2 bende yang sebelum ni tak pernah terjadi , bole terjadi hehehe","https://x.com/NIKHIDAYAT0/status/1653132139481939970","","","","https://x.com/NIKHIDAYAT0/status/1653132139481939970/photo/1","https://pbs.twimg.com/media/FvEa6rKaIAAC8C6?format=jpg&name=900x900","1","2","https://x.com/NIKHIDAYAT0/status/1653132139481939970/analytics","2¬†rb","https://abs-0.twimg.com/emoji/v2/svg/1f61b.svg","","","",""
"abiza","https://x.com/arispocats","https://pbs.twimg.com/profile_images/1938630018667823105/6NhJQFyd_bigger.jpg","https://x.com/arispocats","@arispocats","¬∑","4 Jun 2023","mileapo 5stones beneran kaya coklat","https://x.com/arispocats/status/1665354365182377985","chocodot","hari ini","Emma","https://x.com/sourceofjoys/status/1665343317985435650/photo/1","https://pbs.twimg.com/profile_images/1886064025165004800/xy6JcOpM_normal.jpg","1","1","https://x.com/arispocats/status/1665354365182377985/analytics","358","","","","Kutipan","@sourceofjoys"
"A. Ghabi F.I","https://x.com/aghabifi","https://pbs.twimg.com/profile_images/1626530790271221760/qG8MDM3P_bigger.jpg","https://x.com/aghabifi","@aghabifi","¬∑","17 Feb","Aplikasi pemerintah jelek bgt","https://x.com/aghabifi/status/1891462576178917411","","","","","","","","https://x.com/aghabifi/status/1891462576178917411/analytics","28","https://abs-0.twimg.com/emoji/v2/svg/1f595.svg","","","",""
"Chocodot","https://x.com/NIKHIDAYAT0","https://pbs.twimg.com/profile_images/1541133793867640832/MxG-a8Tj_bigger.jpg","https://x.com/NIKHIDAYAT0","@NIKHIDAYAT0","¬∑","30 Jan 2023","Healing with ?","https://x.com/NIKHIDAYAT0/status/1620043281047617537","","","","https://x.com/NIKHIDAYAT0/status/1620043281047617537/photo/1","https://pbs.twimg.com/media/FnuMxYwaEAAZNxq?format=jpg&name=medium","","","https://x.com/NIKHIDAYAT0/status/1620043281047617537/analytics","2¬†rb","","","","",""
"yipiy","https://x.com/y0urskies","https://pbs.twimg.com/profile_images/1942768413568274432/I1omh_fb_bigger.jpg","https://x.com/y0urskies","@y0urskies","¬∑","20 Sep 2024","jg khas bgt","https://x.com/y0urskies/status/1836934945304105450","chocodot","","","","","","","https://x.com/y0urskies/status/1836934945304105450/analytics","8","","","https://x.com/jevdraz","",""
"den‚òÜÔæü‚Å†.‚Å†*‚Å†ÔΩ•‚Å†ÔΩ°Ôæü","https://x.com/adore_myg","https://pbs.twimg.com/profile_images/1928847603472674816/J8TaMHkY_bigger.jpg","https://x.com/adore_myg","@adore_myg","¬∑","15 Mar 2024","Ntar gw kl abis jalan2 ke thai oleh2nya","https://x.com/adore_myg/status/1768394568721154541","chocodot","ya guys harap maklum","Kompas.com","https://x.com/kompascom/status/1768272684553756898/photo/1","https://pbs.twimg.com/profile_images/1577144849437888514/d9x3nKN8_normal.jpg","1","money.kompas.com/read/2024/03/1","https://x.com/adore_myg/status/1768394568721154541/analytics","141","","https://","","Kutipan","@kompascom"
"ùòºùôÜùòºùôàùôéùôÑ","https://x.com/avkleinaxle","https://pbs.twimg.com/profile_images/1779037462855393280/-WjjlQ2M_bigger.jpg","https://x.com/avkleinaxle","@avkleinaxle","¬∑","16 Apr 2024","Fix ni w jd","https://x.com/avkleinaxle/status/1780129176860917850","chocodot","","","","","","","https://x.com/avkleinaxle/status/1780129176860917850/analytics","102","","","","",""
"F.......... SAGITA","https://x.com/gotagameonline","https://pbs.twimg.com/profile_images/1661686837608599554/cNMKsQ3x_bigger.jpg","https://x.com/gotagameonline","@gotagameonline","¬∑","7 Jan","Kangen mangan","https://x.com/gotagameonline/status/1876486206810452132","chocodot","ga si","","","","","","https://x.com/gotagameonline/status/1876486206810452132/analytics","31","","","","",""
"k4era","https://x.com/llqmla","https://pbs.twimg.com/profile_images/1944284533412786177/GC5hVNL7_bigger.jpg","https://x.com/llqmla","@llqmla","¬∑","1 Jun","Pernah denger ‚Äú","https://x.com/llqmla/status/1929171602056642621","Chocodot","khas Garut‚Äù? Ini dia coklat unik yang nggak cuma manis, tapi juga sarat sama cerita lokal. Penasaran? Yuk scroll thread ini!","","","","1","1","https://x.com/llqmla/status/1929171602056642621/analytics","90","https://abs-0.twimg.com/emoji/v2/svg/1f36b.svg","","","",""
"irfunnotfun","https://x.com/IrfanKun9","https://pbs.twimg.com/profile_images/1872180336689582080/JR0OoTKN_bigger.jpg","https://x.com/IrfanKun9","@IrfanKun9","¬∑","14 Apr 2024","fak pengen","https://x.com/IrfanKun9/status/1779533296357241044","chocodot","atau gurilem","","","","1","","https://x.com/IrfanKun9/status/1779533296357241044/analytics","102","","","","",""
"naya rest","https://x.com/gyulouvies","https://pbs.twimg.com/profile_images/1932626437485572097/Id2N4-o-_bigger.jpg","https://x.com/gyulouvies","@gyulouvies","¬∑","2 Apr","bete bgt anjg gue beli","https://x.com/gyulouvies/status/1907364322965164212","chocodot","TAPI MASA GAK ADA PAS GUE CEK","","","","2","","https://x.com/gyulouvies/status/1907364322965164212/analytics","192","https://abs-0.twimg.com/emoji/v2/svg/1f62d.svg","","","",""
"infogarut","https://x.com/infogarut","https://pbs.twimg.com/profile_images/1370783741325418507/mlU0ecUu_bigger.jpg","https://x.com/infogarut","@infogarut","¬∑","7 Okt 2023","Berawal Dari Ketidaksengajaan,","https://x.com/infogarut/status/1710520326675628414","Chocodot","Khas Garut Masih Eksis Mengepakan Sayapnya","infogarut.id/berawal-dari-k","https://t.co/HthO231g40","","#chocodot","#garut","https://x.com/infogarut/status/1710520326675628414/analytics","169","","https://","https://t.co/HthO231g40","etidaksengajaan-chocodot-khas-garut-masih-eksis-mengepakan-sayapnya","‚Ä¶"
"irfunnotfun","https://x.com/IrfanKun9","https://pbs.twimg.com/profile_images/1872180336689582080/JR0OoTKN_bigger.jpg","https://x.com/IrfanKun9","@IrfanKun9","¬∑","15 Apr 2024","debat rasa","https://x.com/IrfanKun9/status/1779647172964950483","chocodot","jam 6 pagi","","","","","","https://x.com/IrfanKun9/status/1779647172964950483/analytics","63","","","","",""
"Kyle","https://x.com/shotshaken","https://pbs.twimg.com/profile_images/1784087646257717248/T5JqA2ZR_bigger.jpg","https://x.com/shotshaken","@shotshaken","¬∑","9 Jan 2023","Percaya konspirasi hitler garut gak ‚Äî Percaya soalnya ada","https://x.com/shotshaken/status/1612481596938145792","Chocodot",".","curiouscat.me/avakyle/post/1","","","1","","https://x.com/shotshaken/status/1612481596938145792/analytics","151","","https://","https://t.co/Ld5zlvowFW","304095617","‚Ä¶"
"infogarut","https://x.com/infogarut","https://pbs.twimg.com/profile_images/1370783741325418507/mlU0ecUu_bigger.jpg","https://x.com/infogarut","@infogarut","¬∑","26 Jun 2023","Cokelat Gendis Asal Garut Eksis di Film Lara Ati Garapan Bayu Skak","https://x.com/infogarut/status/1673360474073882625","","","infogarut.id/cokelat-gendis","https://t.co/wfrhZTV8k9","","#chocodot","#cokelat","https://x.com/infogarut/status/1673360474073882625/analytics","241","","https://","https://t.co/wfrhZTV8k9","-asal-garut-eksis-di-film-lara-ati-garapan-bayu-skak","‚Ä¶"
"Oliver","https://x.com/belosomm","https://pbs.twimg.com/profile_images/1924678505708847104/RlDabwuz_bigger.jpg","https://x.com/belosomm","@belosomm","¬∑","3 Apr 2024","Apapun itu yang penting itu dia ‚Äú","https://x.com/belosomm/status/1775303997416767582","CHOCODOT","‚Äù

‚ÄúCowo keren doyan disedot‚Äù","","","","2","3","https://x.com/belosomm/status/1775303997416767582/analytics","487","https://abs-0.twimg.com/emoji/v2/svg/1f62d.svg","","","",""
"oi","https://x.com/kaumpemalas","https://pbs.twimg.com/profile_images/1818947985671356416/wa-2zzap_bigger.jpg","https://x.com/kaumpemalas","@kaumpemalas","¬∑","9 Apr 2024","ada","https://x.com/kaumpemalas/status/1777482751392026723","chocodot","?","","","","1","","https://x.com/kaumpemalas/status/1777482751392026723/analytics","256","","","","",""
"yay","https://x.com/hanyapriabiasa_","https://pbs.twimg.com/profile_images/1803153022937432064/F5WxOwtx_bigger.jpg","https://x.com/hanyapriabiasa_","@hanyapriabiasa_","¬∑","18 Apr 2024","emang","https://x.com/hanyapriabiasa_/status/1780991381940666855","chocodot","garut enak?","","","","1","","https://x.com/hanyapriabiasa_/status/1780991381940666855/analytics","298","","","","",""
"rflii","https://x.com/rflyyprm_","https://pbs.twimg.com/profile_images/1876932217546706944/Y-1jOeF5_bigger.jpg","https://x.com/rflyyprm_","@rflyyprm_","¬∑","31 Mar 2024","","https://x.com/rflyyprm_/status/1774468471566311904","chocodot","","","","","","","https://x.com/rflyyprm_/status/1774468471566311904/analytics","49","https://abs-0.twimg.com/emoji/v2/svg/1f608.svg","","","",""
"incubetmen","https://x.com/apaajawehhgh","https://pbs.twimg.com/profile_images/1887134866992742400/tFgG01Fn_bigger.jpg","https://x.com/apaajawehhgh","@apaajawehhgh","¬∑","31 Mar 2024","Geus aya deui ‚Äú","https://x.com/apaajawehhgh/status/1774339614591041945","chocodot","‚Äù cowok keren doyan di sedot . Gablag cek aing te","","","","2","2","https://x.com/apaajawehhgh/status/1774339614591041945/analytics","276","","","","",""
"ale","https://x.com/alexa_isyours","https://pbs.twimg.com/profile_images/1829402678226739200/PsgcEXqd_bigger.jpg","https://x.com/alexa_isyours","@alexa_isyours","¬∑","12 Jan 2024","pengen","https://x.com/alexa_isyours/status/1745768081132232790","chocodot","yang white chocolate lagiiii","","","","1","","https://x.com/alexa_isyours/status/1745768081132232790/analytics","49","","","","",""
"Rep","https://x.com/lagijualancilok","https://pbs.twimg.com/profile_images/1924847873411424256/YfhCH6x2_bigger.jpg","https://x.com/lagijualancilok","@lagijualancilok","¬∑","22 Nov 2024","Siapa pun kasih ak coklat","https://x.com/lagijualancilok/status/1859650133358747894","chocodot","please! 

Netizen bilek : ""lagi haid banyak mau lu rep""","","","","","","https://x.com/lagijualancilok/status/1859650133358747894/analytics","38","","","","",""
"Novi","https://x.com/justrandm_","https://pbs.twimg.com/profile_images/1923347829554360320/vEg1WjMH_bigger.jpg","https://x.com/justrandm_","@justrandm_","¬∑","12 Jun 2024","Disuruh bikin cekodok yang di upin ipin, aku  jawab mksd nya","https://x.com/justrandm_/status/1800865509677928727","chocodot","bang ? 
Iiiiih bubun mah ga ngerti ah,","chocodot","","","","","https://x.com/justrandm_/status/1800865509677928727/analytics","64","https://abs-0.twimg.com/emoji/v2/svg/1f602.svg","","","",""
"SELENDANG STORE","https://x.com/RiniIsmiati12","https://pbs.twimg.com/profile_images/1449985574077534208/U14tavNE_bigger.jpg","https://x.com/RiniIsmiati12","@RiniIsmiati12","¬∑","21 Jul 2024","Cek Coklat","https://x.com/RiniIsmiati12/status/1814800082019234240","Chocodot","Mood Series Rasa Sayang 50g dengan harga Rp16.000. Dapatkan di Shopee sekarang!","s.shopee.co.id/3VQ2eU3ibI?sha","https://x.com/RiniIsmiati12/status/1814800082019234240/photo/1","https://pbs.twimg.com/media/GS93DSmbMAAQPLf?format=jpg&name=900x900","","","https://x.com/RiniIsmiati12/status/1814800082019234240/analytics","22","","https://","https://t.co/Mu2q6pz3xa","re_channel_code=7","‚Ä¶"
"„É≠„Éä Rona","https://x.com/berakbertiga","https://pbs.twimg.com/profile_images/1778347923748884480/6dkUv-sX_bigger.jpg","https://x.com/berakbertiga","@berakbertiga","¬∑","16 Apr 2024","Whenever people say ""gal gadot"" it reminds me of","https://x.com/berakbertiga/status/1780067889279905875","chocodot",", gatau ah aneh","","","","","","https://x.com/berakbertiga/status/1780067889279905875/analytics","29","","","","",""
"chocodot","https://x.com/chocodot12","https://abs.twimg.com/sticky/default_profile_images/default_profile_bigger.png","https://x.com/chocodot12","@chocodot12","¬∑","17 Agt","Visa tgr apaan? Gw cari di google kok malah keluar visa yang dikeluarkan kantor imigrasi tangerang","https://x.com/chocodot12/status/1957021418593657095","dan","@feng9mihowl","","","","1","4","https://x.com/chocodot12/status/1957021418593657095/analytics","6¬†rb","","","https://x.com/Majourns","",""
"Chocodot Choco","https://x.com/ChocodotC28275","https://pbs.twimg.com/profile_images/1808120070939594754/nmTUWoaN_bigger.png","https://x.com/ChocodotC28275","@ChocodotC28275","¬∑","24 Apr","","https://x.com/ChocodotC28275/status/1915228528788070637","","","","https://x.com/ChocodotC28275/status/1915228528788070637/photo/1","https://pbs.twimg.com/media/GpRCMoNakAAuXUG?format=jpg&name=medium","","","https://x.com/ChocodotC28275/status/1915228528788070637/analytics","2","","","","",""
"Chocodot Choco","https://x.com/ChocodotC28275","https://pbs.twimg.com/profile_images/1808120070939594754/nmTUWoaN_bigger.png","https://x.com/ChocodotC28275","@ChocodotC28275","¬∑","24 Apr","","https://x.com/ChocodotC28275/status/1915228627035386090","","","","https://x.com/ChocodotC28275/status/1915228627035386090/photo/1","https://pbs.twimg.com/media/GpRCSW0bkAAmjw6?format=jpg&name=medium","","","https://x.com/ChocodotC28275/status/1915228627035386090/analytics","2","","","","",""
"Chocodot Choco","https://x.com/ChocodotC28275","https://pbs.twimg.com/profile_images/1808120070939594754/nmTUWoaN_bigger.png","https://x.com/ChocodotC28275","@ChocodotC28275","¬∑","24 Apr","","https://x.com/ChocodotC28275/status/1915228691057250591","","","","https://x.com/ChocodotC28275/status/1915228691057250591/photo/1","https://pbs.twimg.com/media/GpRCWEIbYAApZk9?format=jpg&name=medium","","","https://x.com/ChocodotC28275/status/1915228691057250591/analytics","4","","","","",""
"Chocodot Choco","https://x.com/ChocodotC28275","https://pbs.twimg.com/profile_images/1808120070939594754/nmTUWoaN_bigger.png","https://x.com/ChocodotC28275","@ChocodotC28275","¬∑","24 Apr","","https://x.com/ChocodotC28275/status/1915228666541596969","","","","https://x.com/ChocodotC28275/status/1915228666541596969/photo/1","https://pbs.twimg.com/media/GpRCUp6bYAAPU-B?format=jpg&name=medium","","","https://x.com/ChocodotC28275/status/1915228666541596969/analytics","4","","","","",""
"Chocodot Choco","https://x.com/ChocodotC28275","https://pbs.twimg.com/profile_images/1808120070939594754/nmTUWoaN_bigger.png","https://x.com/ChocodotC28275","@ChocodotC28275","¬∑","24 Apr","","https://x.com/ChocodotC28275/status/1915228601722823144","","","","https://x.com/ChocodotC28275/status/1915228601722823144/photo/1","https://pbs.twimg.com/media/GpRCQ4kbYAQLqbJ?format=jpg&name=medium","","","https://x.com/ChocodotC28275/status/1915228601722823144/analytics","2","","","","",""
"Chocodot Choco","https://x.com/ChocodotC28275","https://pbs.twimg.com/profile_images/1808120070939594754/nmTUWoaN_bigger.png","https://x.com/ChocodotC28275","@ChocodotC28275","¬∑","24 Apr","","https://x.com/ChocodotC28275/status/1915228578775707774","","","","https://x.com/ChocodotC28275/status/1915228578775707774/photo/1","https://pbs.twimg.com/media/GpRCPjZb0AAsp82?format=jpg&name=medium","","","https://x.com/ChocodotC28275/status/1915228578775707774/analytics","3","","","","",""
"Chocodot Choco","https://x.com/ChocodotC28275","https://pbs.twimg.com/profile_images/1808120070939594754/nmTUWoaN_bigger.png","https://x.com/ChocodotC28275","@ChocodotC28275","¬∑","24 Apr","","https://x.com/ChocodotC28275/status/1915228553186336901","","","","https://x.com/ChocodotC28275/status/1915228553186336901/photo/1","https://pbs.twimg.com/media/GpRCOCvbYAEWxl-?format=jpg&name=medium","","","https://x.com/ChocodotC28275/status/1915228553186336901/analytics","4","","","","",""
"arthur.ltd_","https://x.com/ineedyou1bae","https://pbs.twimg.com/profile_images/1709384584369143808/7GPABDzs_bigger.jpg","https://x.com/ineedyou1bae","@ineedyou1bae","¬∑","31 Mar 2024","","https://x.com/ineedyou1bae/status/1774254760084087225","Chocodot","","","","","","","https://x.com/ineedyou1bae/status/1774254760084087225/analytics","71","","","","",""
"Chocodot Choco","https://x.com/ChocodotC28275","https://pbs.twimg.com/profile_images/1808120070939594754/nmTUWoaN_bigger.png","https://x.com/ChocodotC28275","@ChocodotC28275","¬∑","2 Mei","","https://x.com/ChocodotC28275/status/1918225561190863308","","","","","https://pbs.twimg.com/ext_tw_video_thumb/1918225509240193026/pu/img/Q_k19-HLuBczGRIB.jpg","","","https://x.com/ChocodotC28275/status/1918225561190863308/analytics","4","","","","",""
"Chocodot Choco","https://x.com/ChocodotC28275","https://pbs.twimg.com/profile_images/1808120070939594754/nmTUWoaN_bigger.png","https://x.com/ChocodotC28275","@ChocodotC28275","¬∑","2 Mei","4","https://x.com/ChocodotC28275/status/1918225561190863308","","","","https://x.com/ChocodotC28275/status/1918225561190863308/analytics","https://pbs.twimg.com/ext_tw_video_thumb/1918225509240193026/pu/img/Q_k19-HLuBczGRIB.jpg","","","","","","","","",""
"Chocodot Choco","https://x.com/ChocodotC28275","https://pbs.twimg.com/profile_images/1808120070939594754/nmTUWoaN_bigger.png","https://x.com/ChocodotC28275","@ChocodotC28275","¬∑","2 Mei","","https://x.com/ChocodotC28275/status/1918225560049991681","","","","","https://pbs.twimg.com/ext_tw_video_thumb/1918225535186194432/pu/img/BZS2TWoHbgjVLdk1.jpg","","","https://x.com/ChocodotC28275/status/1918225560049991681/analytics","2","","","","",""
"Chocodot Choco","https://x.com/ChocodotC28275","https://pbs.twimg.com/profile_images/1808120070939594754/nmTUWoaN_bigger.png","https://x.com/ChocodotC28275","@ChocodotC28275","¬∑","2 Mei","","https://x.com/ChocodotC28275/status/1918225554391876084","","","","","https://pbs.twimg.com/ext_tw_video_thumb/1918225519222620160/pu/img/P4RRLuJCfMiVURIJ.jpg","","","https://x.com/ChocodotC28275/status/1918225554391876084/analytics","2","","","","",""
"Chocodot Choco","https://x.com/ChocodotC28275","https://pbs.twimg.com/profile_images/1808120070939594754/nmTUWoaN_bigger.png","https://x.com/ChocodotC28275","@ChocodotC28275","¬∑","2 Mei","","https://x.com/ChocodotC28275/status/1918225618979963014","","","","","https://pbs.twimg.com/ext_tw_video_thumb/1918225594283900928/pu/img/eEqhCoUaF95RYlyP.jpg","","","https://x.com/ChocodotC28275/status/1918225618979963014/analytics","6","","","","",""
"Chocodot Choco","https://x.com/ChocodotC28275","https://pbs.twimg.com/profile_images/1808120070939594754/nmTUWoaN_bigger.png","https://x.com/ChocodotC28275","@ChocodotC28275","¬∑","2 Mei","","https://x.com/ChocodotC28275/status/1918225583382905323","","","","","https://pbs.twimg.com/ext_tw_video_thumb/1918225556933623809/pu/img/tPLudP9uHdR8tOZb.jpg","","","https://x.com/ChocodotC28275/status/1918225583382905323/analytics","5","","","","",""
"Chocodot Choco","https://x.com/ChocodotC28275","https://pbs.twimg.com/profile_images/1808120070939594754/nmTUWoaN_bigger.png","https://x.com/ChocodotC28275","@ChocodotC28275","¬∑","23 Mei","","https://x.com/ChocodotC28275/status/1925814748081262936","","","","","https://pbs.twimg.com/ext_tw_video_thumb/1925814685078560768/pu/img/e4CIKxWT6zjD1O_3.jpg","","","https://x.com/ChocodotC28275/status/1925814748081262936/analytics","3","","","","",""
"Chocodot Choco","https://x.com/ChocodotC28275","https://pbs.twimg.com/profile_images/1808120070939594754/nmTUWoaN_bigger.png","https://x.com/ChocodotC28275","@ChocodotC28275","¬∑","23 Mei","","https://x.com/ChocodotC28275/status/1925814746562879931","","","","","https://pbs.twimg.com/ext_tw_video_thumb/1925814659145224192/pu/img/5ackF58sknJi_MBH.jpg","","","https://x.com/ChocodotC28275/status/1925814746562879931/analytics","3","","","","",""
"Chocodot Choco","https://x.com/ChocodotC28275","https://pbs.twimg.com/profile_images/1808120070939594754/nmTUWoaN_bigger.png","https://x.com/ChocodotC28275","@ChocodotC28275","¬∑","23 Mei","","https://x.com/ChocodotC28275/status/1925814611208511556","","","","","https://pbs.twimg.com/ext_tw_video_thumb/1925814564572041216/pu/img/bidgrMrLQaaev0rb.jpg","","","https://x.com/ChocodotC28275/status/1925814611208511556/analytics","3","","","","",""
"Chocodot Choco","https://x.com/ChocodotC28275","https://pbs.twimg.com/profile_images/1808120070939594754/nmTUWoaN_bigger.png","https://x.com/ChocodotC28275","@ChocodotC28275","¬∑","23 Mei","","https://x.com/ChocodotC28275/status/1925814794109563353","","","","","https://pbs.twimg.com/ext_tw_video_thumb/1925814723464798208/pu/img/doqjmcwsJSxMu2XW.jpg","","","https://x.com/ChocodotC28275/status/1925814794109563353/analytics","2","","","","",""
"Chocodot Choco","https://x.com/ChocodotC28275","https://pbs.twimg.com/profile_images/1808120070939594754/nmTUWoaN_bigger.png","https://x.com/ChocodotC28275","@ChocodotC28275","¬∑","23 Mei","","https://x.com/ChocodotC28275/status/1925814802242236490","","","","","https://pbs.twimg.com/ext_tw_video_thumb/1925814667760246784/pu/img/mXk7_nN82sOzovuP.jpg","","","https://x.com/ChocodotC28275/status/1925814802242236490/analytics","5","","","","",""
"Chocodot Choco","https://x.com/ChocodotC28275","https://pbs.twimg.com/profile_images/1808120070939594754/nmTUWoaN_bigger.png","https://x.com/ChocodotC28275","@ChocodotC28275","¬∑","23 Mei","","https://x.com/ChocodotC28275/status/1925814807900410092","","","","","https://pbs.twimg.com/ext_tw_video_thumb/1925814766276128768/pu/img/-EHsL-JDpNtBPSBp.jpg","","","https://x.com/ChocodotC28275/status/1925814807900410092/analytics","6","","","","",""