"css-1jxf684","css-175oi2r href","css-9pa8cd src","css-175oi2r href 2","css-1jxf684 2","css-1jxf684 3","css-146c3p1","css-1jxf684 4","css-146c3p1 href","css-1jxf684 5","r-4qtqp9 src","css-1jxf684 6","css-1jxf684 7","css-175oi2r href 4","css-1jxf684 8","r-4qtqp9 src 2","css-175oi2r href 5","css-9pa8cd src 2","css-1jxf684 9","css-1jxf684 10","css-9pa8cd src 3","css-1jxf684 12","css-1jxf684 13","css-146c3p1 2","css-1jxf684 14","css-1jxf684 15","css-1jxf684 16","css-1jxf684 17","css-1jxf684 18"
"Orang","","","","","","","","","","","","","","","","","","","","","","","","","","","",""
"Mulyana","https://x.com/Burayot","https://pbs.twimg.com/profile_images/719133188254146561/It7xhBC4_bigger.jpg","https://x.com/Burayot","@Burayot","Ikuti","Klik untuk Ikuti Burayot","Jadilah manusia yang slalu dirindukan","","","","","","","","","","","","","","","","","","","","",""
"burayot","https://x.com/muhlisdeny","https://pbs.twimg.com/profile_images/378800000738612293/aa2c8eb3e8eb07bb217c19748e317c9c_bigger.jpeg","https://x.com/muhlisdeny","@muhlisdeny","Ikuti","Klik untuk Ikuti muhlisdeny","","","","","","","","","","","","","","","","","","","","","",""
"dadang burayot","https://x.com/dadangburayot","https://pbs.twimg.com/profile_images/1118852832499617793/x0mH8_Vw_bigger.png","https://x.com/dadangburayot","@dadangburayot","Ikuti","Klik untuk Ikuti dadangburayot","","","","","","","","","","","","","","","","","","","","","",""
"Lihat semua","https://x.com/search?q=burayot&src=typed_query&f=user","","","","","","","","","","","","","","","","","","","","","","","","","","",""
"Lala ùúóùúö","https://x.com/blurbewiee","https://pbs.twimg.com/profile_images/1947274149522485248/BUTRuFyn_bigger.jpg","https://x.com/blurbewiee","@blurbewiee","¬∑","13 Apr","mirip","https://x.com/blurbewiee/status/1911391766458069076","burayot","https://abs-0.twimg.com/emoji/v2/svg/1f629.svg","0:03 / 0:17","3","https://x.com/blurbewiee/status/1911391766458069076/analytics","106","","","","","","","","","","","","","",""
"bey ‡≠ß‚ç§‚Éù","https://x.com/jumpingdoyie","https://pbs.twimg.com/profile_images/1957566255994646528/zThiTrlR_bigger.jpg","https://x.com/jumpingdoyie","@jumpingdoyie","¬∑","8 Jul","WayV cosplay kue","https://x.com/jumpingdoyie/status/1942571804117328332","burayot","https://abs-0.twimg.com/emoji/v2/svg/1f924.svg","#TASTE","","https://x.com/jumpingdoyie/status/1942571804117328332/analytics","40","https://abs-0.twimg.com/emoji/v2/svg/1f33b.svg","https://help.x.com/rules-and-policies/authenticity","https://abs.twimg.com/responsive-web/client-web/parody-mask.92274f0a.svg","Akun parodi","START OF WAYV BIGBANDS 1","https://pbs.twimg.com/media/GvVmwm3aYAArb2i?format=jpg&name=small","","","","","","","",""
"apadah","https://x.com/nyanyutgntwng_","https://pbs.twimg.com/profile_images/1938129647105196032/JeR0eDl4_bigger.jpg","https://x.com/nyanyutgntwng_","@nyanyutgntwng_","¬∑","9 Feb","susah senang","https://x.com/nyanyutgntwng_/status/1888540520416415862","burayot","","","1","https://x.com/nyanyutgntwng_/status/1888540520416415862/analytics","416","","","","","","https://pbs.twimg.com/media/GjVxmCUaEAAaClt?format=jpg&name=medium","pamagar","","","","","","",""
"koder","https://x.com/ariesiti","https://pbs.twimg.com/profile_images/1861657252060602368/sVaIhwid_bigger.jpg","https://x.com/ariesiti","@ariesiti","¬∑","16 Apr","enakan","https://x.com/ariesiti/status/1912410495107449237","burayot","https://abs-0.twimg.com/emoji/v2/svg/1f61c.svg","","1","https://x.com/ariesiti/status/1912410495107449237/analytics","383","","","","","","https://pbs.twimg.com/media/Goo_NapXEAAPTg2?format=jpg&name=900x900","mas al","5","","","","","",""
"nay.","https://x.com/gmnnie","https://pbs.twimg.com/profile_images/1945278815644651520/6YG6CAXf_bigger.jpg","https://x.com/gmnnie","@gmnnie","¬∑","13 Jul","kenapa namanya","https://x.com/gmnnie/status/1944434173713768601","burayot","","","4","https://x.com/gmnnie/status/1944434173713768601/analytics","632","","","","","","https://pbs.twimg.com/media/GvwEjrXXwAABkNp?format=jpg&name=small","ya? padahal kata aku mah ini rasanya kayak kue ali","3","","","","","",""
"elpapitodeTyrex","https://x.com/papityrex8","https://pbs.twimg.com/profile_images/1813995794334453760/Jlakv0kN_bigger.jpg","https://x.com/papityrex8","@papityrex8","¬∑","12 Mei","Ternyta Tolpit di Bantul jadi","https://x.com/papityrex8/status/1921759314533871916","Burayot","https://abs-0.twimg.com/emoji/v2/svg/1f60b.svg","","6","https://x.com/papityrex8/status/1921759314533871916/analytics","607","","","","","","https://pbs.twimg.com/media/Gqt16KKbIAAtqz1?format=jpg&name=900x900","di Garut","","","","","","",""
"devano","https://x.com/devanoooot","https://pbs.twimg.com/profile_images/1927322256310448128/bx2AYRNp_bigger.jpg","https://x.com/devanoooot","@devanoooot","¬∑","1 Apr","makan","https://x.com/devanoooot/status/1906951126211293429","burayot","","","7","https://x.com/devanoooot/status/1906951126211293429/analytics","685","","","","","","https://pbs.twimg.com/media/GnbZ4AMaYAAnB-8?format=jpg&name=medium","‚Ä¶.","","","","","","",""
"runa","https://x.com/yaownzzn","https://pbs.twimg.com/profile_images/1952800217830432768/1flx51X6_bigger.jpg","https://x.com/yaownzzn","@yaownzzn","¬∑","2 Apr","baru nyobain getuk goreng.... enak banget.... seperti","https://x.com/yaownzzn/status/1907145785638314421","burayot","","","1","https://x.com/yaownzzn/status/1907145785638314421/analytics","143","","","","","","https://pbs.twimg.com/media/GneK_BNawAA6jLD?format=jpg&name=large","dan ali agrem... i love gula aren... i love gula jawa... enak banget legit...","1","","","","","",""
"Bukan Usagi Tsukino","https://x.com/kelinciusagi","https://pbs.twimg.com/profile_images/1945105756853780480/tkzpQR03_bigger.jpg","https://x.com/kelinciusagi","@kelinciusagi","¬∑","28 Jun","Finally nemu","https://x.com/kelinciusagi/status/1938854492004589654","burayot","https://abs-0.twimg.com/emoji/v2/svg/1f973.svg","","1","https://x.com/kelinciusagi/status/1938854492004589654/analytics","122","","","","","","https://pbs.twimg.com/media/Gugx3tRXIAA1DcM?format=jpg&name=medium","lagi","1","","","","","",""
"riku","https://x.com/laufdelauvre","https://pbs.twimg.com/profile_images/1943008177110626304/0GEM66Wm_bigger.jpg","https://x.com/laufdelauvre","@laufdelauvre","¬∑","26 Jun","padahal biji mereka jg turun kaga ada tuh yg protes harus kenceng ga boleh kaya","https://x.com/laufdelauvre/status/1938045094751572177","burayot","","@itnvu","60","https://x.com/laufdelauvre/status/1938045094751572177/analytics","78¬†rb","","","","dan","","","","162","Membalas","2¬†rb","","","",""
"IbunyaHira","https://x.com/malagreta","https://pbs.twimg.com/profile_images/1926101496183029760/vX7qx_A0_bigger.jpg","https://x.com/malagreta","@malagreta","¬∑","12 Mei","Bahagia itu kita yang buat, sebanyak apapun masalah... Skala prioritas solusi terbaik dengan tetap memohon kepada Allah","https://x.com/malagreta/status/1921721218949902639","burayot","https://abs-0.twimg.com/emoji/v2/svg/1f607.svg","","4","https://x.com/malagreta/status/1921721218949902639/analytics","212","https://abs-0.twimg.com/emoji/v2/svg/1f339.svg","https://help.x.com/rules-and-policies/authenticity","https://abs.twimg.com/responsive-web/client-web/parody-mask.92274f0a.svg","Akun parodi","? 3","https://pbs.twimg.com/media/GqtTQ2sWAAAC6J1?format=jpg&name=900x900","Ada yang mau","19","","","","","",""
"BANDUNG FESS | Kirim menfess gratis cek","https://x.com/BaseBDG","https://pbs.twimg.com/profile_images/1609581311093522432/apCeXFfV_bigger.jpg","https://x.com/BaseBDG","@BaseBDG","¬∑","19 Jul","Lamun pake jenis kue khas sunda kieu meren nya euy ""gimana kabarnya hari ini,","https://x.com/BaseBDG/status/1946540505635905828","burayot","https://abs-0.twimg.com/emoji/v2/svg/1f61a.svg","Otomatis","70","https://x.com/BaseBDG/status/1946540505635905828/analytics","24¬†rb","https://abs-0.twimg.com/emoji/v2/svg/1f4cc.svg","https://x.com/BaseBDG/status/1946540505635905828/photo/1","https://pbs.twimg.com/media/GwOARj1XIAAwma6?format=jpg&name=900x900","","""","","giung-ku","99","","485","","","",""
"","https://x.com/jongcincaryo","https://pbs.twimg.com/profile_images/1952755582047506433/LHIjGWSU_bigger.jpg","https://x.com/jongcincaryo","@jongcincaryo","¬∑","19 Mar","Fomo nyobain kue burayotnya (orang tiktok ada yg nyebut ini","https://x.com/jongcincaryo/status/1902359164518793296","burayot","https://abs-0.twimg.com/emoji/v2/svg/1f62d.svg","","3","https://x.com/jongcincaryo/status/1902359164518793296/analytics","251","https://abs-0.twimg.com/emoji/v2/svg/1f351.svg","","","",") orang bule","https://pbs.twimg.com/media/GmaJbv6aEAAUjY1?format=jpg&name=small","fwak","","","","","","",""
"NAMA TIDAK BOLEH KOSONG","https://x.com/ndraperkasa","https://pbs.twimg.com/profile_images/1944974243768492037/38-YdH_X_bigger.jpg","https://x.com/ndraperkasa","@ndraperkasa","¬∑","12 Jul","Mamingan di kadungora disuguhin","https://x.com/ndraperkasa/status/1944013641604640855","burayot","https://abs-0.twimg.com/emoji/v2/svg/1f601.svg","","2","https://x.com/ndraperkasa/status/1944013641604640855/analytics","141","","","","","","https://pbs.twimg.com/media/GvqGE3Ma0AA8xHZ?format=jpg&name=900x900","sambil nonton PJ lawan SM","2","","","","","",""
"Jabar Tourism","https://x.com/jabartourism_id","https://pbs.twimg.com/profile_images/1803644385667719170/Jrr3SglC_bigger.jpg","https://x.com/jabartourism_id","@jabartourism_id","¬∑","20 Jun",", Si Manis Tradisional dari Garut yang Menggoda Lidah dan Penuh Cerita","https://x.com/jabartourism_id/status/1936055686741520875","Burayot","","t-si-manis-tradisional-dari-garut.html","","https://x.com/jabartourism_id/status/1936055686741520875/analytics","15","","https://x.com/jabartourism_id/status/1936055686741520875/photo/1","https://pbs.twimg.com/media/Gt5AYT_W0AA9dy_?format=jpg&name=900x900","‚Ä¶","tourismjabar.blogspot.com/2025/06/burayo","","","","","https://","","","",""
"Q0R√¨","https://x.com/lu0chaa","https://pbs.twimg.com/profile_images/1438780525406142467/pNqDLsyf_bigger.jpg","https://x.com/lu0chaa","@lu0chaa","¬∑","1 Agt","Ada ada aja njir tbtb ngidam","https://x.com/lu0chaa/status/1951257406484176971","burayot","https://abs-0.twimg.com/emoji/v2/svg/1f62d.svg","","2","https://x.com/lu0chaa/status/1951257406484176971/analytics","171","https://abs-0.twimg.com/emoji/v2/svg/1f340.svg","https://x.com/lu0chaa/status/1951257406484176971/photo/1","https://pbs.twimg.com/media/GxRCQ2zaIAM30M7?format=jpg&name=900x900","","Pdhal kek kue","","padahal baru pernah makan sekali dan sebiji lalu tbtb pengen. 

Di kotaku ga nemu pula toko yg jual, cari cari di ig bisa di kirim pxel tp bbrapa hari baru sampe, sdgkan pengennya skrg. 
Bela - belain titip ke travel dong","1","","","","","",""
"naspad","https://x.com/deeswep","https://pbs.twimg.com/profile_images/1942634160016830465/DLKhjXNK_bigger.jpg","https://x.com/deeswep","@deeswep","¬∑","3 Agt","enak bejiel","https://x.com/deeswep/status/1951795999359545721","burayot","","","","https://x.com/deeswep/status/1951795999359545721/analytics","22","","","","","","","","","","","","","",""
"Ïú®Î¶¨ÏïÑÏïÑÏïÑÏïÑÏïÑ~","https://x.com/shflyy3424","https://pbs.twimg.com/profile_images/1848220212308709376/P64Z-yP-_bigger.jpg","https://x.com/shflyy3424","@shflyy3424","¬∑","30 Jul","Makanan keduamu setelah huru hara hari ini","https://x.com/shflyy3424/status/1950543279801692204","burayot","https://abs-0.twimg.com/emoji/v2/svg/1f60c.svg","","","https://x.com/shflyy3424/status/1950543279801692204/analytics","51","","","","","3pcs)","https://pbs.twimg.com/media/GxG4o0fbkAAldWt?format=jpg&name=large","(Yg pertama","","","","","","",""
"INU NUGRAHA","https://x.com/nugraha_inu","https://pbs.twimg.com/profile_images/761038706585108480/virti0Xk_bigger.jpg","https://x.com/nugraha_inu","@nugraha_inu","¬∑","12 Jul","Asal kitu ge.. ada","https://x.com/nugraha_inu/status/1944020034076258404","#burayot","","#burayotgarut","","https://x.com/nugraha_inu/status/1944020034076258404/analytics","18","","https://x.com/nugraha_inu/status/1944020034076258404/photo/1","https://pbs.twimg.com/media/GvqL6Wzb0AAHpgJ?format=jpg&name=small","#burayotlelesgarut","","https://pbs.twimg.com/media/GvqL6jubsAA2Ox1?format=jpg&name=small","","","","","","","",""
"ùêÇùêöùê§ ùêÉùêûùêûùê©","https://x.com/CakD3pp","https://pbs.twimg.com/profile_images/1957034194426810369/YF8gcC9r_bigger.jpg","https://x.com/CakD3pp","@CakD3pp","¬∑","5 Jan","kenapa kok namanya serba kont*l kalau kont*l kambing sih mulai dulu sdh ada, kok tdk namanya misal Terong kejepit gitu.
nah ini malah kont*l kejepit, apa gak kesemutan ,kalau gowes biasa sih kejepit gringgingen","https://x.com/CakD3pp/status/1875739744719794187","burayot","https://abs-0.twimg.com/emoji/v2/svg/1fae3.svg","","1","https://x.com/CakD3pp/status/1875739744719794187/analytics","863","https://abs-0.twimg.com/emoji/v2/svg/1f6b4-200d-2642-fe0f.svg","","https://pbs.twimg.com/ext_tw_video_thumb/1875738401821093889/pu/img/LZKFGhIKzmmQ4hXO.jpg","",")","",", sapa nih yg tinggal digarut bisa crita dong.
(","","","","","","",""
"fellys","https://x.com/haefelicity","https://pbs.twimg.com/profile_images/1868259400806457344/5PM9yj5-_bigger.jpg","https://x.com/haefelicity","@haefelicity","¬∑","27 Mei","tiap hari cmn debat bahas canele rasanya mirip","https://x.com/haefelicity/status/1927195434545480178","burayot","","burayot","","https://x.com/haefelicity/status/1927195434545480178/analytics","29","","","","","sm kue cucur teh rasanya beda texture aja","","atau kue cucur sm sepupuku... padahal sama jir","","","","","","",""
"H","https://x.com/sajabarvillains","https://pbs.twimg.com/profile_images/1925164164793905153/3MQl8BtL_bigger.jpg","https://x.com/sajabarvillains","@sajabarvillains","¬∑","18 Agt","Dasar","https://x.com/sajabarvillains/status/1957316148372132222","burayot","","r","","https://x.com/sajabarvillains/status/1957316148372132222/analytics","17","https://abs-0.twimg.com/emoji/v2/svg/1f996.svg","","","","","","","","","","","","",""
"Riswanto 1983","https://x.com/1983Riswan35363","https://pbs.twimg.com/profile_images/1908090569244729344/YF_QnEUz_bigger.jpg","https://x.com/1983Riswan35363","@1983Riswan35363","¬∑","11 Jun","simadu cemilan tradisional legendaris tol pit kontol kejepit","https://x.com/1983Riswan35363/status/1932597415137386969","Burayot","",".0.6","1","https://x.com/1983Riswan35363/status/1932597415137386969/analytics","17","","","","‚Ä¶","id.shp.ee/4vz730p?smtt=0","https://pbs.twimg.com/media/GtH3G5_bMAUzZlu?format=jpg&name=360x360","","","","https://","","","",""
"Isvvara","https://x.com/sheldaiswr","https://pbs.twimg.com/profile_images/1812094473733545984/W920VDZ0_bigger.jpg","https://x.com/sheldaiswr","@sheldaiswr","¬∑","17 Mei","Ohh","https://x.com/sheldaiswr/status/1923686918023499799","burayot","","","","https://x.com/sheldaiswr/status/1923686918023499799/analytics","31","","","","","","","tuh kue ali aih beda bentuk aee wkwk","","","","","","",""
"ùêâùê®hùêß ùêãùêûùêû ùêìùê®ùê≤ (","https://x.com/JohnMetaxX","https://pbs.twimg.com/profile_images/1947400221606219777/ypUalGpy_bigger.jpg","https://x.com/JohnMetaxX","@JohnMetaxX","¬∑","3 Agt",")","https://x.com/JohnMetaxX/status/1951999397824446601","Burayot","https://abs-0.twimg.com/emoji/v2/svg/1f923.svg",",","2","https://x.com/JohnMetaxX/status/1951999397824446601/analytics","64","https://abs-0.twimg.com/emoji/v2/svg/1f34a.svg","https://x.com/Brookcalls_/status/1951897724607144288/photo/1","https://pbs.twimg.com/profile_images/1939004510954721280/Z5W9IW3g_bigger.jpg","","","https://pbs.twimg.com/profile_images/1946269543317352448/OE6Iw_ka_normal.jpg","","1","3 Agt","1","Kutipan","@Brookcalls_","¬∑","Good morning fam"
"mut","https://x.com/0PSH8","https://pbs.twimg.com/profile_images/1954042412139261953/MU5ZG_Jt_bigger.jpg","https://x.com/0PSH8","@0PSH8","¬∑","13 Mar","gw semenjak baca komen ""berarti canele rasanya mirip","https://x.com/0PSH8/status/1900130651426222477","burayot","","@FOODFESS2","37","https://x.com/0PSH8/status/1900130651426222477/analytics","145¬†rb","","","","","","","ya?"" jadi pen ketawa terus tiap liat wjhdjsj","247","Membalas","5¬†rb","","","",""
"bil","https://x.com/cestbiletoi","https://pbs.twimg.com/profile_images/1939847039636185091/mc2RBXzU_bigger.jpg","https://x.com/cestbiletoi","@cestbiletoi","¬∑","10 Apr","HAHAH DEMI ALLAH LUCU BANGET,","https://x.com/cestbiletoi/status/1910340273303109899","BURAYOT","","dan 78 lainnya","@joungyulen","https://x.com/cestbiletoi/status/1910340273303109899/analytics","121","https://abs-0.twimg.com/emoji/v2/svg/1f49c.svg","https://help.x.com/rules-and-policies/authenticity","https://abs.twimg.com/responsive-web/client-web/parody-mask.92274f0a.svg","Akun parodi","@rumahliterasii","https://pbs.twimg.com/profile_images/1858566666403409922/n7To8dfN_normal.jpg","NOH GARUT","","9 Apr","culêôö","Kutipan","@bonndol","¬∑","yaelah domba juga dari garut"
"jya","https://x.com/gguktev","https://pbs.twimg.com/profile_images/1885176422937092099/qLUAIqHt_bigger.jpg","https://x.com/gguktev","@gguktev","¬∑","25 Mar","kesel bgt liat nya mirip kue","https://x.com/gguktev/status/1904540228913913909","burayot","https://abs-0.twimg.com/emoji/v2/svg/1f62d.svg","","","https://x.com/gguktev/status/1904540228913913909/analytics","15","","","","","","","","","","","","","",""
"rforrawrr","https://x.com/R3q1t4w1j4y444","https://pbs.twimg.com/profile_images/1755260014321971200/HVeNDDhv_bigger.jpg","https://x.com/R3q1t4w1j4y444","@R3q1t4w1j4y444","¬∑","21 Jul","","https://x.com/R3q1t4w1j4y444/status/1947136417945268452","BURAYOT","https://abs-0.twimg.com/emoji/v2/svg/1f62d.svg","","1","https://x.com/R3q1t4w1j4y444/status/1947136417945268452/analytics","14","","https://x.com/BaseBDG/status/1946540505635905828/photo/1","","Otomatis","","https://pbs.twimg.com/profile_images/1609581311093522432/apCeXFfV_normal.jpg","","""","19 Jul","","Kutipan","@BaseBDG","¬∑","Lamun pake jenis kue khas sunda kieu meren nya euy ""gimana kabarnya hari ini, burayot giung-ku"
"kayin ‚™©‚™®Ô∏é","https://x.com/huhkayin","https://pbs.twimg.com/profile_images/1832388647644995584/h0OlMHPo_bigger.jpg","https://x.com/huhkayin","@huhkayin","¬∑","26 Apr","first time nyobain","https://x.com/huhkayin/status/1915935874552107134","burayot","https://abs-0.twimg.com/emoji/v2/svg/1f62d.svg","","1","https://x.com/huhkayin/status/1915935874552107134/analytics","83","","","","","","",", inimah kue cincin cuma beda bentuk doang bjir","","","","","","",""
"Í¶•Í¶∫Í¶™Í¶≥ÍßÄ","https://x.com/nocturnews","https://pbs.twimg.com/profile_images/1955798463066857472/AD53OIHH_bigger.jpg","https://x.com/nocturnews","@nocturnews","¬∑","12 Agt","Tolong infokan","https://x.com/nocturnews/status/1955127533025833352","Burayot","","","","https://x.com/nocturnews/status/1955127533025833352/analytics","45","","","","","","","di sekitaran Jakarta","","","","","","",""
"adel","https://x.com/ecaballuss","https://pbs.twimg.com/profile_images/1850866919899025408/FCbJE-aF_bigger.jpg","https://x.com/ecaballuss","@ecaballuss","¬∑","4 Feb","ini mah","https://x.com/ecaballuss/status/1886622104390656303","burayot","","/FOODFESS2/status/1886433270398672923","","https://x.com/ecaballuss/status/1886622104390656303/analytics","22","","","","‚Ä¶","x.com/FOODFESS2/stat","","","","","https://","","","",""
"yer || ia sibuk gawe","https://x.com/aventuriim","https://pbs.twimg.com/profile_images/1877312116975349762/PNm37CPI_bigger.jpg","https://x.com/aventuriim","@aventuriim","¬∑","30 Des 2024","oomf apakah ada yg suka","https://x.com/aventuriim/status/1873652188486266954","burayot","https://abs-0.twimg.com/emoji/v2/svg/1f979.svg","","","https://x.com/aventuriim/status/1873652188486266954/analytics","74","","https://help.x.com/rules-and-policies/authenticity","https://abs.twimg.com/responsive-web/client-web/parody-mask.92274f0a.svg","Akun parodi","","","juga? aku suka tp minyaknya banyak bener dan kadang ada yg isiannya manis banget jd eneg, tiap makan cuma bisa makan beberapa biji aja","","","","","","",""
"tata","https://x.com/hwistoria","https://pbs.twimg.com/profile_images/1951846868482490368/Rzr37-aA_bigger.jpg","https://x.com/hwistoria","@hwistoria","¬∑","4 Mei","enak juga yaw","https://x.com/hwistoria/status/1918991154298618130","Burayot","","","1","https://x.com/hwistoria/status/1918991154298618130/analytics","135","","","","","","","","","","","","","",""
"n","https://x.com/giarbieyo","https://pbs.twimg.com/profile_images/1867198529921540096/28NotYiu_bigger.jpg","https://x.com/giarbieyo","@giarbieyo","¬∑","15 Jun","knp semua bungu suka kue cincin,","https://x.com/giarbieyo/status/1934229711179407866","burayot","","","","https://x.com/giarbieyo/status/1934229711179407866/analytics","23","","","","","","","dan sejenisnya","","","","","","",""
"mami cimol","https://x.com/kembarannyabora","https://pbs.twimg.com/profile_images/1862160183553605632/7f1_oaCj_bigger.jpg","https://x.com/kembarannyabora","@kembarannyabora","¬∑","5 Jan","sini ke garut, ntar main ke cipanas atau darajat pass buat berendam air hangat (bkn belerang) trs nginep di samarang di daerah kebun mawar, cakep bgtttt
trs nyobain cimol bojot,","https://x.com/kembarannyabora/status/1875743823726559615","burayot","","@fauzanmuhajir","3","https://x.com/kembarannyabora/status/1875743823726559615/analytics","26¬†rb","https://abs-0.twimg.com/emoji/v2/svg/1f431.svg","","","","","",", dodol, dorokdok","3","Membalas","43","","","",""
"","https://x.com/tutuppxntu","https://pbs.twimg.com/profile_images/1957042627997810688/FKXvqFRy_bigger.jpg","https://x.com/tutuppxntu","@tutuppxntu","¬∑","3 Mei","Pen ikut utbk lg deh tpi mls bljrny, ap nyiapin cpns aj yh, tpi cita2ku krja di luarnergi, digaji usd, lalu mndptkn suami bule, mnjadi diaspora songong, dn buat channel yutup dgn konten vid ‚Äúreaksi suami bule prtama kali makan","https://x.com/tutuppxntu/status/1918378507782242527","burayot","","","","https://x.com/tutuppxntu/status/1918378507782242527/analytics","22","https://abs-0.twimg.com/emoji/v2/svg/1f9b7.svg","","","","","","‚Äù.","","","","","","",""
"cher #ùôèùòºùôéùôèùôÄ","https://x.com/jjopoong","https://pbs.twimg.com/profile_images/1957621518667792384/mJHzycxN_bigger.jpg","https://x.com/jjopoong","@jjopoong","¬∑","19 Mei","ternyata","https://x.com/jjopoong/status/1924423669025243548","burayot","","","","https://x.com/jjopoong/status/1924423669025243548/analytics","34","","https://help.x.com/rules-and-policies/authenticity","https://abs.twimg.com/responsive-web/client-web/parody-mask.92274f0a.svg","Akun parodi","","","seenak itu ya","","","","","","",""
":/","https://x.com/cilparamore","https://pbs.twimg.com/profile_images/1927057333005246464/Qmg_3Mtj_bigger.jpg","https://x.com/cilparamore","@cilparamore","¬∑","16 Mar","canelle rasa yg bagian luarnya ril kek","https://x.com/cilparamore/status/1901280574251384833","burayot","","","","https://x.com/cilparamore/status/1901280574251384833/analytics","29","","https://help.x.com/rules-and-policies/authenticity","https://abs.twimg.com/responsive-web/client-web/parody-mask.92274f0a.svg","Akun parodi","","","kah?","","","","","","",""
"MBL","https://x.com/mamangbulu","https://pbs.twimg.com/profile_images/1956027100143734784/aK6d2zbo_bigger.jpg","https://x.com/mamangbulu","@mamangbulu","¬∑","25 Des 2024","yang lagi nge-hits di kota","https://x.com/mamangbulu/status/1871796080238903592","Burayot","https://abs-0.twimg.com/emoji/v2/svg/1f92d.svg","","1","https://x.com/mamangbulu/status/1871796080238903592/analytics","425","","","","","","https://pbs.twimg.com/media/Gfn0nI9aAAAxuVF?format=jpg&name=medium","","1","","","","","",""
"","https://x.com/ngombeaqua","https://pbs.twimg.com/profile_images/1951309084000657408/z2DDsO2Y_bigger.jpg","https://x.com/ngombeaqua","@ngombeaqua","¬∑","27 Jun","pls ak kebelet berak trus berenti di indomaret katanya toiletnya dikunci trus ke mesjid PENUH BGT JUMATAN GABISA LEWAT trus akhirnya numpang di jual","https://x.com/ngombeaqua/status/1938465497009557862","burayot","https://abs-0.twimg.com/emoji/v2/svg/1f62d.svg","","1","https://x.com/ngombeaqua/status/1938465497009557862/analytics","114","https://abs-0.twimg.com/emoji/v2/svg/1f4a5.svg","","","","","https://pbs.twimg.com/media/GubQFe3b0AAkyTW?format=jpg&name=900x900","","","","","","","",""
"MakiRoll","https://x.com/Schl1erenzauer","https://pbs.twimg.com/profile_images/1567927782273089543/RqDyZe_R_bigger.jpg","https://x.com/Schl1erenzauer","@Schl1erenzauer","¬∑","5 Agt","","https://x.com/Schl1erenzauer/status/1952751084260536332","burayot","https://abs-0.twimg.com/emoji/v2/svg/1f924.svg","","","https://x.com/Schl1erenzauer/status/1952751084260536332/analytics","16","","https://x.com/Schl1erenzauer/status/1952751084260536332/photo/1","https://pbs.twimg.com/media/GxmQrVtbwAAMQd8?format=jpg&name=900x900","","","","","","","","","","",""
"verge of utopia","https://x.com/flouritetuesday","https://pbs.twimg.com/profile_images/1944070440864870400/R-00by32_bigger.jpg","https://x.com/flouritetuesday","@flouritetuesday","¬∑","9 Apr","giung pisan","https://x.com/flouritetuesday/status/1909812266935238806","Burayot","https://abs-0.twimg.com/emoji/v2/svg/1f62d.svg","","","https://x.com/flouritetuesday/status/1909812266935238806/analytics","16","","","","","","","","","","","","","",""
"Fajar","https://x.com/zeronol0","https://pbs.twimg.com/profile_images/1876774355159687168/5bbJLjPt_bigger.jpg","https://x.com/zeronol0","@zeronol0","¬∑","18 Mar","dagunya kek","https://x.com/zeronol0/status/1901993564478869737","burayot","","","","https://x.com/zeronol0/status/1901993564478869737/analytics","39","","https://x.com/netflix/status/1901377934880911473/photo/1","https://pbs.twimg.com/profile_images/1872671711700582400/6WLZxYpq_normal.jpg","","","","","","17 Mar","Netflix","Kutipan","@netflix","¬∑",""
"piwÀö ‡ºò","https://x.com/punyaupi","https://pbs.twimg.com/profile_images/1921123767008587782/DLohQ_L4_bigger.jpg","https://x.com/punyaupi","@punyaupi","¬∑","13 Mar","luaran menurutku aga mirip tekstur","https://x.com/punyaupi/status/1900193410793037971","burayot","https://abs-0.twimg.com/emoji/v2/svg/1f62d.svg","","","https://x.com/punyaupi/status/1900193410793037971/analytics","139","https://abs-0.twimg.com/emoji/v2/svg/1f995.svg","","","","@FOODFESS2","https://pbs.twimg.com/profile_images/1954042412139261953/MU5ZG_Jt_normal.jpg","atau cucur yg kering, dalemnya aga mirip martabak","","13 Mar","mut","Kutipan","@0PSH8","¬∑","gw semenjak baca komen ""berarti canele rasanya mirip burayot ya?"" jadi pen ketawa terus tiap liat wjhdjsj"
"wdy","https://x.com/wind_kjh","https://pbs.twimg.com/profile_images/1890693540994564096/ZpO2-2HF_bigger.jpg","https://x.com/wind_kjh","@wind_kjh","¬∑","18 Feb","ini mah","https://x.com/wind_kjh/status/1891846903530394044","burayot","","/FOODFESS2/status/1891837502178328770","","https://x.com/wind_kjh/status/1891846903530394044/analytics","58","","","","‚Ä¶","x.com/FOODFESS2/stat","","gak sih","","","https://","","","",""
"jyn¬°‚òÜ","https://x.com/yumseokies","https://pbs.twimg.com/profile_images/1935712129664851968/hfn97_vy_bigger.jpg","https://x.com/yumseokies","@yumseokies","¬∑","26 Apr","sampe skrng kalo liat atau denger kata","https://x.com/yumseokies/status/1915852616946618543","burayot","","","2","https://x.com/yumseokies/status/1915852616946618543/analytics","34","","https://x.com/WEBCOMICFESS/status/1915648294866255916/photo/1","https://pbs.twimg.com/media/GpW_-OwW4AEhszA?format=jpg&name=medium","Otomatis","","https://pbs.twimg.com/profile_images/1691068936098557952/xQ_ZROHc_normal.jpg","gue masih cekikikan gara-gara si bagas anjg","","25 Apr","","Kutipan","@WEBCOMICFESS","¬∑","Guys look. What gepeng we have here!"
"","https://x.com/helmkumbang","https://pbs.twimg.com/profile_images/1897826313416982533/ocRy73u6_bigger.jpg","https://x.com/helmkumbang","@helmkumbang","¬∑","9 Mar","Lg kepikiran, aneh gk sih gue kerja di jakarta tapi oleh oleh mudikny","https://x.com/helmkumbang/status/1898766708619485273","burayot","https://abs-0.twimg.com/emoji/v2/svg/1f62d.svg","","","https://x.com/helmkumbang/status/1898766708619485273/analytics","65","https://abs-0.twimg.com/emoji/v2/svg/1f41e.svg","https://help.x.com/rules-and-policies/authenticity","https://abs.twimg.com/responsive-web/client-web/parody-mask.92274f0a.svg","Akun parodi","","https://pbs.twimg.com/profile_images/1837551858220781568/WdqNda5k_normal.jpg","","","9 Mar","KOS (Komunitas Orang Sinting)","Kutipan","@qrivasi","¬∑","Takjil aku"
"vodka","https://x.com/voidloka","https://pbs.twimg.com/profile_images/1957652741419069440/ndMd3VRk_bigger.jpg","https://x.com/voidloka","@voidloka","¬∑","12 Mei","Bedanya yang gede sama yang kecil apa?","https://x.com/voidloka/status/1921911371886694464","burayot","https://abs-0.twimg.com/emoji/v2/svg/1f62d.svg","Akun parodi","1","https://x.com/voidloka/status/1921911371886694464/analytics","62","https://abs-0.twimg.com/emoji/v2/svg/1f319.svg","https://x.com/voidloka/status/1921911371886694464/photo/1","https://pbs.twimg.com/media/GqwANR_WYAAHWNV?format=jpg&name=240x240","@voidloka","latolatonya","https://pbs.twimg.com/profile_images/1954436823587168256/BPQH-Op7_normal.jpg","sama aja. Sama sama gundal gandul","gmw, tititny pasti kecil","12 Mei","","Kutipan","@nxvariaeu","¬∑",""
"","https://x.com/helmkumbang","https://pbs.twimg.com/profile_images/1897826313416982533/ocRy73u6_bigger.jpg","https://x.com/helmkumbang","@helmkumbang","¬∑","9 Mar","Lg kepikiran, aneh gk sih gue kerja di jakarta tapi oleh oleh mudikny","https://x.com/helmkumbang/status/1898766708619485273","burayot","https://abs-0.twimg.com/emoji/v2/svg/1f62d.svg","1:28","","https://x.com/helmkumbang/status/1898766708619485273/analytics","65","https://abs-0.twimg.com/emoji/v2/svg/1f41e.svg","https://help.x.com/rules-and-policies/authenticity","https://abs.twimg.com/responsive-web/client-web/parody-mask.92274f0a.svg","Akun parodi","","https://pbs.twimg.com/profile_images/1837551858220781568/WdqNda5k_normal.jpg","","","9 Mar","KOS (Komunitas Orang Sinting)","Kutipan","@qrivasi","¬∑","Takjil aku"
"jepe.","https://x.com/motojepe","https://pbs.twimg.com/profile_images/1952364867069038592/Lb7ewvIJ_bigger.jpg","https://x.com/motojepe","@motojepe","¬∑","22 Mei",", enak sihhh","https://x.com/motojepe/status/1925521401454502141","Burayot","","/jokimasterr_/status/1925512356697973014","1","https://x.com/motojepe/status/1925521401454502141/analytics","66","","","","‚Ä¶","x.com/jokimasterr_/s","","","","","https://","","","",""
"aira","https://x.com/mansaerrr_","https://pbs.twimg.com/profile_images/1677703124184862722/U_gi9USX_bigger.jpg","https://x.com/mansaerrr_","@mansaerrr_","¬∑","19 Apr","enak bgttt kaget","https://x.com/mansaerrr_/status/1913630465858408608","burayot","https://abs-0.twimg.com/emoji/v2/svg/1f633.svg","","1","https://x.com/mansaerrr_/status/1913630465858408608/analytics","49","https://abs-0.twimg.com/emoji/v2/svg/1f99d.svg","","","","","","","","","","","","",""
"Neka","https://x.com/Isman_Kadarusna","https://pbs.twimg.com/profile_images/1812352449446830080/hhWJIbOd_bigger.jpg","https://x.com/Isman_Kadarusna","@Isman_Kadarusna","¬∑","30 Apr","Kata dedek virgi kamu suka","https://x.com/Isman_Kadarusna/status/1917591152108396716","burayot","","","","https://x.com/Isman_Kadarusna/status/1917591152108396716/analytics","13","","","","","","","yah?","","","","","","",""
"(Ki)Ran","https://x.com/ranlovetobeyis","https://pbs.twimg.com/profile_images/1948029085361557504/q9GhHZnk_bigger.jpg","https://x.com/ranlovetobeyis","@ranlovetobeyis","¬∑","4 Apr","lu tau","https://x.com/ranlovetobeyis/status/1908164956358574499","burayot","","| ceri phi","","https://x.com/ranlovetobeyis/status/1908164956358574499/analytics","43","https://abs-0.twimg.com/emoji/v2/svg/1f353.svg","","","","","",", namanya di ganti ama adek gua jadi gembrot","","","","","","",""
"","https://x.com/helmkumbang","https://pbs.twimg.com/profile_images/1897826313416982533/ocRy73u6_bigger.jpg","https://x.com/helmkumbang","@helmkumbang","¬∑","9 Mar","Lg kepikiran, aneh gk sih gue kerja di jakarta tapi oleh oleh mudikny","https://x.com/helmkumbang/status/1898766708619485273","burayot","https://abs-0.twimg.com/emoji/v2/svg/1f62d.svg","0:03 / 1:30","","https://x.com/helmkumbang/status/1898766708619485273/analytics","65","https://abs-0.twimg.com/emoji/v2/svg/1f41e.svg","https://help.x.com/rules-and-policies/authenticity","https://abs.twimg.com/responsive-web/client-web/parody-mask.92274f0a.svg","Akun parodi","","https://pbs.twimg.com/profile_images/1837551858220781568/WdqNda5k_normal.jpg","","","9 Mar","KOS (Komunitas Orang Sinting)","Kutipan","@qrivasi","¬∑","Takjil aku"
"m!llo","https://x.com/noireublanc","https://pbs.twimg.com/profile_images/1955823460544077829/PZOEz6la_bigger.jpg","https://x.com/noireublanc","@noireublanc","¬∑","6 Mar","""selamat pagi","https://x.com/noireublanc/status/1897477716561289683","burayot","","/convomf/status/1897400513957654703","","https://x.com/noireublanc/status/1897477716561289683/analytics","79","","","","‚Ä¶","x.com/convomf/status","",", semangat beraktivitas.""","","","https://","","","",""
"Haechi","https://x.com/oreuchimaru","https://pbs.twimg.com/profile_images/1836008935431757824/2ggb98T__bigger.jpg","https://x.com/oreuchimaru","@oreuchimaru","¬∑","3 Apr","nama makanannya juga lucu2

kek apa dah: jangjang, cipak koceak, cirambay, cimol bojot, goyobod,","https://x.com/oreuchimaru/status/1907603915769786623","burayot","","","1","https://x.com/oreuchimaru/status/1907603915769786623/analytics","228","","","","","","https://pbs.twimg.com/profile_images/1720890745094369280/-1j_ZOae_normal.jpg","","","2 Apr","Ashabul Gooncave","Kutipan","@pukimaxxing","¬∑","I've said it once, and i'll say it again: Nama tempat sunda itu jelek in a lucu endearing way kayak kucing yg gemesin karena mukanya dongo (Rancaekek, Dungus Cariang, Cikadongdong), sementara nama tempat jakarta itu jelek in an evil way (Grogol, Simprug, Srengseng)"
"binar","https://x.com/bestppleverr","https://pbs.twimg.com/profile_images/1550267576894509056/D1e7hAkf_bigger.jpg","https://x.com/bestppleverr","@bestppleverr","¬∑","11 Mei","ternyata kek cucur gtuu, tapi teksturnya lebih kasarr. Nyamnyam!!!","https://x.com/bestppleverr/status/1921567483430871490","Burayot","","","1","https://x.com/bestppleverr/status/1921567483430871490/analytics","402","","","","","","","","","","","","","",""
"suki-ah","https://x.com/gocrenggs","https://pbs.twimg.com/profile_images/1897646983294447616/PhSozhHS_bigger.jpg","https://x.com/gocrenggs","@gocrenggs","¬∑","14 Mei","","https://x.com/gocrenggs/status/1922509121326137584","burayot","","","1","https://x.com/gocrenggs/status/1922509121326137584/analytics","131","","https://x.com/BaseBDG/status/1922312987441856590/photo/1","https://pbs.twimg.com/media/Gq1teadXUAEfd0F?format=jpg&name=900x900","Otomatis","","https://pbs.twimg.com/profile_images/1609581311093522432/apCeXFfV_normal.jpg","","","13 Mei","","Kutipan","@BaseBDG","¬∑","1 kata sunda dimulai euy

Sender first: ngamumule"
"caa","https://x.com/jjonginb","https://pbs.twimg.com/profile_images/1929917078510940163/rUNtZesm_bigger.jpg","https://x.com/jjonginb","@jjonginb","¬∑","10 Mar","enak bgt, udah lama gak makan","https://x.com/jjonginb/status/1898991516707955122","burayot","","","","https://x.com/jjonginb/status/1898991516707955122/analytics","37","","https://help.x.com/rules-and-policies/authenticity","https://abs.twimg.com/responsive-web/client-web/parody-mask.92274f0a.svg","Akun parodi","","https://pbs.twimg.com/profile_images/1837551858220781568/WdqNda5k_normal.jpg","","","9 Mar","KOS (Komunitas Orang Sinting)","Kutipan","@qrivasi","¬∑","Takjil aku"
"upita","https://x.com/uttrw_","https://pbs.twimg.com/profile_images/1633423280165261312/v_T5HNwz_bigger.jpg","https://x.com/uttrw_","@uttrw_","¬∑","14 Mar","","https://x.com/uttrw_/status/1900534091768012802","Burayot","https://abs-0.twimg.com/emoji/v2/svg/1f62d.svg","","","https://x.com/uttrw_/status/1900534091768012802/analytics","49","","","","","@FOODFESS2","https://pbs.twimg.com/profile_images/1954042412139261953/MU5ZG_Jt_normal.jpg","","","13 Mar","mut","Kutipan","@0PSH8","¬∑","gw semenjak baca komen ""berarti canele rasanya mirip burayot ya?"" jadi pen ketawa terus tiap liat wjhdjsj"
"caa","https://x.com/jjonginb","https://pbs.twimg.com/profile_images/1929917078510940163/rUNtZesm_bigger.jpg","https://x.com/jjonginb","@jjonginb","¬∑","10 Mar","enak bgt, udah lama gak makan","https://x.com/jjonginb/status/1898991516707955122","burayot","","1:28","","https://x.com/jjonginb/status/1898991516707955122/analytics","37","","https://help.x.com/rules-and-policies/authenticity","https://abs.twimg.com/responsive-web/client-web/parody-mask.92274f0a.svg","Akun parodi","","https://pbs.twimg.com/profile_images/1837551858220781568/WdqNda5k_normal.jpg","","","9 Mar","KOS (Komunitas Orang Sinting)","Kutipan","@qrivasi","¬∑","Takjil aku"
"Vannaa‚Å∑ saw hobi","https://x.com/hopetchx_","https://pbs.twimg.com/profile_images/1795475566067679232/oCWj_-9X_bigger.jpg","https://x.com/hopetchx_","@hopetchx_","¬∑","4 Jan","Siapa mau","https://x.com/hopetchx_/status/1875461706782326816","burayot","https://abs-0.twimg.com/emoji/v2/svg/1f62d.svg","","4","https://x.com/hopetchx_/status/1875461706782326816/analytics","230","","","","","","https://pbs.twimg.com/media/Ggb6e3dakAAudOA?format=jpg&name=900x900","","","","","","","",""
"bams","https://x.com/kernetPatasAC","https://pbs.twimg.com/profile_images/1948320990393757697/kbCf_HSK_bigger.jpg","https://x.com/kernetPatasAC","@kernetPatasAC","¬∑","10 Des 2024",", just a","https://x.com/kernetPatasAC/status/1866373477525250546","burayot","","burayot","","https://x.com/kernetPatasAC/status/1866373477525250546/analytics","72","https://abs-0.twimg.com/emoji/v2/svg/2615.svg","","","","","https://pbs.twimg.com/media/Geawx0CasAAfTM4?format=jpg&name=900x900","","","","","","","",""
"caa","https://x.com/jjonginb","https://pbs.twimg.com/profile_images/1929917078510940163/rUNtZesm_bigger.jpg","https://x.com/jjonginb","@jjonginb","¬∑","10 Mar","enak bgt, udah lama gak makan","https://x.com/jjonginb/status/1898991516707955122","burayot","","0:03 / 1:30","","https://x.com/jjonginb/status/1898991516707955122/analytics","37","","https://help.x.com/rules-and-policies/authenticity","https://abs.twimg.com/responsive-web/client-web/parody-mask.92274f0a.svg","Akun parodi","","https://pbs.twimg.com/profile_images/1837551858220781568/WdqNda5k_normal.jpg","","","9 Mar","KOS (Komunitas Orang Sinting)","Kutipan","@qrivasi","¬∑","Takjil aku"
"pepeskucing","https://x.com/Lilcardamon","https://pbs.twimg.com/profile_images/1940988362828980224/q4gTYKlM_bigger.jpg","https://x.com/Lilcardamon","@Lilcardamon","¬∑","26 Apr","canelle itu kyk","https://x.com/Lilcardamon/status/1915935674924253300","burayot","","","","https://x.com/Lilcardamon/status/1915935674924253300/analytics","26","","","","","","","tp lebih padet gasih","","","","","","",""
"dul","https://x.com/miripijonk","https://pbs.twimg.com/profile_images/1708036798453297152/5w4IxOQy_bigger.jpg","https://x.com/miripijonk","@miripijonk","¬∑","16 Agt","aduh pengen banget makan","https://x.com/miripijonk/status/1956672941980303811","burayot","","","2","https://x.com/miripijonk/status/1956672941980303811/analytics","74","","","","","","","anyg makanan lucu bentuknya kayak peler","","","","","","",""
"œÅŒπ–∫—ïŒπ","https://x.com/vixcycaixie","https://pbs.twimg.com/profile_images/1957752830460309504/V89sF6gC_bigger.jpg","https://x.com/vixcycaixie","@vixcycaixie","¬∑","7 Feb","‚Äúngajien","https://x.com/vixcycaixie/status/1887899152287449089","burayot","https://abs-0.twimg.com/emoji/v2/svg/1f62d.svg","","","https://x.com/vixcycaixie/status/1887899152287449089/analytics","35","","https://help.x.com/rules-and-policies/authenticity","https://abs.twimg.com/responsive-web/client-web/parody-mask.92274f0a.svg","Akun parodi","","","‚Äù HAHAHAHAHAHAH SIAPA ITU YANG BILANG","","","","","","",""
"X_dame19","https://x.com/Dame19X","https://pbs.twimg.com/profile_images/1559889846604156928/Aa2LHwgc_bigger.jpg","https://x.com/Dame19X","@Dame19X","¬∑","24 Mar","Aku nemu promo menarik di Lazada nih. Yuk coba lihat!
Nama Produk:  Kue","https://x.com/Dame19X/status/1904110246567530547","BURAYOT","","","","https://x.com/Dame19X/status/1904110246567530547/analytics","16","","https://x.com/Dame19X/status/1904110246567530547/photo/1","https://pbs.twimg.com/media/GmzCLXOakAECe9h?format=jpg&name=900x900","","s.lazada.co.id/s.BVCNi?cc","","Simadu Gula Box isi 20 Pcs | Cemilan makanan ringan | Jajanan Snack | HALAL | COD | Buatan Lokal
Harga Produk:  Rp60.000
Harga Diskon:  Rp46.011","","","https://","","","",""
"bYy Thingy. app n top up","https://x.com/BLouvree","https://pbs.twimg.com/profile_images/1945671885909372928/K6dCI7uh_bigger.jpg","https://x.com/BLouvree","@BLouvree","¬∑","19 Mei","","https://x.com/BLouvree/status/1924428321775120593","burayot","","@basetibe","80","https://x.com/BLouvree/status/1924428321775120593/analytics","271","","","","","","","","","Membalas","","","","",""
"","https://x.com/Kafkaesqueery","https://pbs.twimg.com/profile_images/1951430217735741443/GHcEj6Bz_bigger.jpg","https://x.com/Kafkaesqueery","@Kafkaesqueery","¬∑","5 Apr","simadu (ngaburayot)","https://x.com/Kafkaesqueery/status/1908250233777381726","Burayot","https://abs-0.twimg.com/emoji/v2/svg/1f629.svg","","","https://x.com/Kafkaesqueery/status/1908250233777381726/analytics","99","https://abs-0.twimg.com/emoji/v2/svg/1f647-200d-2640-fe0f.svg","","","","@pukimaxxing","https://pbs.twimg.com/profile_images/1828460302494740480/Mwr1fIuN_normal.jpg","","","2 Apr","broiler (asli)","Kutipan","@aengegei","¬∑","not only q place

makanan sunda jg namanya unserious 

kek cipak koceak??!?! apaan njir cipak koceak cipak koceak

tiap lewat yg jual gak pernah beli tpi selalu ngulang kata-kata cipak koceak di otak"
"Cassa","https://x.com/musmidlover","https://pbs.twimg.com/profile_images/1920762510598434819/ffr9o5vQ_bigger.jpg","https://x.com/musmidlover","@musmidlover","¬∑","20 Jul","Apa kabar","https://x.com/musmidlover/status/1946842332340601261","burayot","","","1","https://x.com/musmidlover/status/1946842332340601261/analytics","35","","https://x.com/BaseBDG/status/1946540505635905828/photo/1","","Otomatis","","https://pbs.twimg.com/profile_images/1609581311093522432/apCeXFfV_normal.jpg","giungku","""","19 Jul","","Kutipan","@BaseBDG","¬∑","Lamun pake jenis kue khas sunda kieu meren nya euy ""gimana kabarnya hari ini, burayot giung-ku"
"naru","https://x.com/meowhiro_","https://pbs.twimg.com/profile_images/1760665437980037120/4QR_N4O1_bigger.jpg","https://x.com/meowhiro_","@meowhiro_","¬∑","18 Feb","siga","https://x.com/meowhiro_/status/1891842968803275224","burayot","","/FOODFESS2/status/1891837502178328770","","https://x.com/meowhiro_/status/1891842968803275224/analytics","56","https://abs-0.twimg.com/emoji/v2/svg/1f43e.svg","","","‚Ä¶","x.com/FOODFESS2/stat","","ieu mah","","","https://","","","",""
"Najmm","https://x.com/Najmitarsidin","https://pbs.twimg.com/profile_images/1655187120041115654/g5cX30fV_bigger.jpg","https://x.com/Najmitarsidin","@Najmitarsidin","¬∑","29 Mar","Ali agrem tuh","https://x.com/Najmitarsidin/status/1905950219982041127","burayot","","","1","https://x.com/Najmitarsidin/status/1905950219982041127/analytics","95","","","","","","","juga, beda bentuk aja","","","","","","",""
"ùñ∫ùóÄùñ∫ùóçùñ∫","https://x.com/_reginagata_","https://pbs.twimg.com/profile_images/1954546438744248320/y18gCjZ8_bigger.jpg","https://x.com/_reginagata_","@_reginagata_","¬∑","3 Feb","-Garut
Tp kata Mamak aku ini namanya Tolpit ges","https://x.com/_reginagata_/status/1886456945068138610","Burayot","","/FOODFESS2/status/1886433270398672923","1","https://x.com/_reginagata_/status/1886456945068138610/analytics","126","","","","‚Ä¶","x.com/FOODFESS2/stat","","","","","https://","","","",""
"rai","https://x.com/th0tgetic","https://pbs.twimg.com/profile_images/1926243416792346624/ymzCTQMf_bigger.jpg","https://x.com/th0tgetic","@th0tgetic","¬∑","31 Mei","pengen coba tolpit alias","https://x.com/th0tgetic/status/1928683560619192554","burayot","","","","https://x.com/th0tgetic/status/1928683560619192554/analytics","169","https://abs-0.twimg.com/emoji/v2/svg/1f430.svg","","","","","","","","","","","","",""
"Taksa","https://x.com/Ixiyaxz","https://pbs.twimg.com/profile_images/1957423798887788544/5l4zcXwr_bigger.jpg","https://x.com/Ixiyaxz","@Ixiyaxz","¬∑","1 Jul","Dari garut bukanya bawa","https://x.com/Ixiyaxz/status/1940064151898095886","burayot","https://abs-0.twimg.com/emoji/v2/svg/1f607.svg","","","https://x.com/Ixiyaxz/status/1940064151898095886/analytics","135","","","","","","","malah bawa breakout di muka. Nice","","","","","","",""
"Jaemin.","https://x.com/JAEMINonline","https://pbs.twimg.com/profile_images/1954708073513385984/5FYD7_Hg_bigger.jpg","https://x.com/JAEMINonline","@JAEMINonline","¬∑","15 Apr","Gemblong apaan nun, saya taunya","https://x.com/JAEMINonline/status/1912130109852762476","burayot","","Akun parodi","1","https://x.com/JAEMINonline/status/1912130109852762476/analytics","104","","https://help.x.com/rules-and-policies/authenticity","https://abs.twimg.com/responsive-web/client-web/parody-mask.92274f0a.svg","Akun parodi","","https://pbs.twimg.com/profile_images/1948957545575710720/lZKBMCDU_normal.png","","","15 Apr","","Kutipan","@wonyouvn","¬∑","Lebih mirip gemblong sih kalau Sakucil x.com/JAEMINonline/s‚Ä¶"
"eciel","https://x.com/exceedies","https://pbs.twimg.com/profile_images/1957788472129007616/Ls3Qy2VZ_bigger.jpg","https://x.com/exceedies","@exceedies","¬∑","10 Mar","Ih tapi aku suka ini, kalau abis dari garut pasti beti kon-","https://x.com/exceedies/status/1898882174205784197","burayot","","","","https://x.com/exceedies/status/1898882174205784197/analytics","53","","","","","","https://pbs.twimg.com/profile_images/1837551858220781568/WdqNda5k_normal.jpg","maksudnya.","","9 Mar","KOS (Komunitas Orang Sinting)","Kutipan","@qrivasi","¬∑","Takjil aku"
"„Çµ„Éú„ÉÜ„É≥","https://x.com/ceokimwife","https://pbs.twimg.com/profile_images/1470752135679672322/xcq4pEBs_bigger.jpg","https://x.com/ceokimwife","@ceokimwife","¬∑","13 Mar","","https://x.com/ceokimwife/status/1900227210054914151","BURAYOT","","","1","https://x.com/ceokimwife/status/1900227210054914151/analytics","80","https://abs-0.twimg.com/emoji/v2/svg/1f335.svg","","","","@FOODFESS2","https://pbs.twimg.com/profile_images/1954042412139261953/MU5ZG_Jt_normal.jpg","","","13 Mar","mut","Kutipan","@0PSH8","¬∑","gw semenjak baca komen ""berarti canele rasanya mirip burayot ya?"" jadi pen ketawa terus tiap liat wjhdjsj"
"Hiu","https://x.com/Hiugundul","https://pbs.twimg.com/profile_images/1886016788212658176/XE1zxkyp_bigger.jpg","https://x.com/Hiugundul","@Hiugundul","¬∑","6 Mei","","https://x.com/Hiugundul/status/1919624147161804958","Burayot","","","","https://x.com/Hiugundul/status/1919624147161804958/analytics","24","https://abs-0.twimg.com/emoji/v2/svg/1f988.svg","","","","@Hiugundul","https://pbs.twimg.com/profile_images/1910630372523847680/IsavB31i_normal.jpg","","","6 Mei","~* neng Surasujaya *~","Kutipan","@surasujaya","¬∑","Burayot mah enak bari ngopi"
"eciel","https://x.com/exceedies","https://pbs.twimg.com/profile_images/1957788472129007616/Ls3Qy2VZ_bigger.jpg","https://x.com/exceedies","@exceedies","¬∑","10 Mar","Ih tapi aku suka ini, kalau abis dari garut pasti beti kon-","https://x.com/exceedies/status/1898882174205784197","burayot","","1:28","","https://x.com/exceedies/status/1898882174205784197/analytics","53","","","","","","https://pbs.twimg.com/profile_images/1837551858220781568/WdqNda5k_normal.jpg","maksudnya.","","9 Mar","KOS (Komunitas Orang Sinting)","Kutipan","@qrivasi","¬∑","Takjil aku"
"where to go, aoife?","https://x.com/xyberya","https://pbs.twimg.com/profile_images/1798883754548813824/ErzkX6hZ_bigger.jpg","https://x.com/xyberya","@xyberya","¬∑","5 Jan","jangan mlyt jangan mlyt jangan mlyt...

gue bukan","https://x.com/xyberya/status/1875891413856239880","burayot","https://abs-0.twimg.com/emoji/v2/svg/1f62a.svg","","","https://x.com/xyberya/status/1875891413856239880/analytics","35","","","","","","","","","","","","","",""
"hari","https://x.com/bumiruwet","https://pbs.twimg.com/profile_images/1798305738978459648/4HxsEOkA_bigger.jpg","https://x.com/bumiruwet","@bumiruwet","¬∑","10 Apr",", kue tradisional khas mana?","https://x.com/bumiruwet/status/1910314318458986951","Burayot","","","1","https://x.com/bumiruwet/status/1910314318458986951/analytics","501","","","","","@joungyulen","https://pbs.twimg.com/profile_images/1254078157029687296/h75YWVUV_normal.jpg","","2","8 Apr","Rumah Literasi","Kutipan","@rumahliterasii","¬∑","Garut kak"
"","https://x.com/carapherneliast","https://pbs.twimg.com/profile_images/1956731284656705536/QLRN58sG_bigger.jpg","https://x.com/carapherneliast","@carapherneliast","¬∑","25 Mar","Pas kecil cita2ku pengen jadi pelukis atau tukang gambar, pas udah jadi tukang gambar aku malah pengen jadi tukang kue. Nanti kl udah jadi tukang kueh lalu ingin menjdi","https://x.com/carapherneliast/status/1904517908254147006","burayot","","","","https://x.com/carapherneliast/status/1904517908254147006/analytics","50","https://abs-0.twimg.com/emoji/v2/svg/1f4a5.svg","","","","","","","","","","","","",""
"X_dame19","https://x.com/Dame19X","https://pbs.twimg.com/profile_images/1559889846604156928/Aa2LHwgc_bigger.jpg","https://x.com/Dame19X","@Dame19X","¬∑","24 Mar","Aku nemu promo menarik di Lazada nih. Yuk coba lihat!
Nama Produk:  COD","https://x.com/Dame19X/status/1904109623256502553","Burayot","","","","https://x.com/Dame19X/status/1904109623256502553/analytics","9","","https://x.com/Dame19X/status/1904109623256502553/photo/1","https://pbs.twimg.com/media/GmzBnJob0AAKycz?format=jpg&name=900x900","","s.lazada.co.id/s.BVC4v?cc","","Simadu 20pcs halal Kue Sus Kering Isi Gula Aren lumer 30 gr Enak Murah Oleh-oleh Tradisional
Harga Produk:  Rp43.991
Harga Diskon:  Rp40.111","","","https://","","","",""
"eciel","https://x.com/exceedies","https://pbs.twimg.com/profile_images/1957788472129007616/Ls3Qy2VZ_bigger.jpg","https://x.com/exceedies","@exceedies","¬∑","10 Mar","Ih tapi aku suka ini, kalau abis dari garut pasti beti kon-","https://x.com/exceedies/status/1898882174205784197","burayot","","0:03 / 1:30","","https://x.com/exceedies/status/1898882174205784197/analytics","53","","","","","","https://pbs.twimg.com/profile_images/1837551858220781568/WdqNda5k_normal.jpg","maksudnya.","","9 Mar","KOS (Komunitas Orang Sinting)","Kutipan","@qrivasi","¬∑","Takjil aku"
"ùêìiti","https://x.com/apfelcalypse","https://pbs.twimg.com/profile_images/1920403534056435712/BfUJpmev_bigger.jpg","https://x.com/apfelcalypse","@apfelcalypse","¬∑","9 Mar","tuh rasanya kek gimana sih guys? Kepooo, tp di daerah ku g ada yg jual","https://x.com/apfelcalypse/status/1898733070792221088","Burayot","","|| freetag","","https://x.com/apfelcalypse/status/1898733070792221088/analytics","35","https://abs-0.twimg.com/emoji/v2/svg/1f34e.svg","","","","","","","","","","","","",""
"nuraaŸ†‡£™‚≠ë","https://x.com/moochisseo","https://pbs.twimg.com/profile_images/1954001705143828480/k6TblmLt_bigger.jpg","https://x.com/moochisseo","@moochisseo","¬∑","14 Mar","Smpe skrg masih penasaran rasanya","https://x.com/moochisseo/status/1900234260096967034","burayot","https://abs-0.twimg.com/emoji/v2/svg/1f61e.svg","","","https://x.com/moochisseo/status/1900234260096967034/analytics","78","","","","","@FOODFESS2","https://pbs.twimg.com/profile_images/1954042412139261953/MU5ZG_Jt_normal.jpg","kek gmn krn blum smpet nyobain trs","","13 Mar","mut","Kutipan","@0PSH8","¬∑","gw semenjak baca komen ""berarti canele rasanya mirip burayot ya?"" jadi pen ketawa terus tiap liat wjhdjsj"
"literally not ida","https://x.com/mabuksianida","https://pbs.twimg.com/profile_images/1868589390081171456/mHoxqWQF_bigger.jpg","https://x.com/mabuksianida","@mabuksianida","¬∑","3 Des 2024","pengen","https://x.com/mabuksianida/status/1863868501641023663","burayot","","","","https://x.com/mabuksianida/status/1863868501641023663/analytics","187","","","","","","","","","","","","","",""
"bYy Thingy. app n top up","https://x.com/BLouvree","https://pbs.twimg.com/profile_images/1945671885909372928/K6dCI7uh_bigger.jpg","https://x.com/BLouvree","@BLouvree","¬∑","8 Mei","","https://x.com/BLouvree/status/1920485519596879907","burayot","","@basetibe","1","https://x.com/BLouvree/status/1920485519596879907/analytics","246","","","","","","","","76","Membalas","","","","",""
"Mbak Hayu","https://x.com/mbakhayu","https://pbs.twimg.com/profile_images/1810203715082866689/JAKkHZo5_bigger.jpg","https://x.com/mbakhayu","@mbakhayu","¬∑","13 Mar","Ketawa banget ada yang bilang rasanya mirip","https://x.com/mbakhayu/status/1900137926367076489","burayot","https://abs-0.twimg.com/emoji/v2/svg/1f602.svg","/FOODFESS2/status/1900127249853977075","4","https://x.com/mbakhayu/status/1900137926367076489/analytics","411","https://abs-0.twimg.com/emoji/v2/svg/1f349.svg","","","‚Ä¶","x.com/FOODFESS2/stat","","","1","","https://","","","",""
"jejayjo.","https://x.com/esvizeo","https://pbs.twimg.com/profile_images/1795987371009380352/gtYlCg1e_bigger.jpg","https://x.com/esvizeo","@esvizeo","¬∑","13 Mar","FAK","https://x.com/esvizeo/status/1900190118595747966","BURAYOT","","","1","https://x.com/esvizeo/status/1900190118595747966/analytics","17","","","","","@FOODFESS2","https://pbs.twimg.com/profile_images/1954042412139261953/MU5ZG_Jt_normal.jpg","","","13 Mar","mut","Kutipan","@0PSH8","¬∑","gw semenjak baca komen ""berarti canele rasanya mirip burayot ya?"" jadi pen ketawa terus tiap liat wjhdjsj"
"petitie","https://x.com/tetetlovers","https://pbs.twimg.com/profile_images/1889246905039020032/ZjO8Abib_bigger.jpg","https://x.com/tetetlovers","@tetetlovers","¬∑","3 Apr","Ulukuteuk leunca and","https://x.com/tetetlovers/status/1907628074520420443","burayot","","","2","https://x.com/tetetlovers/status/1907628074520420443/analytics","111","","","","","@pukimaxxing","https://pbs.twimg.com/profile_images/1828460302494740480/Mwr1fIuN_normal.jpg","is the most unhinged name I found for a food","","2 Apr","broiler (asli)","Kutipan","@aengegei","¬∑","not only q place

makanan sunda jg namanya unserious 

kek cipak koceak??!?! apaan njir cipak koceak cipak koceak

tiap lewat yg jual gak pernah beli tpi selalu ngulang kata-kata cipak koceak di otak"
"dc","https://x.com/bukancakung","https://pbs.twimg.com/profile_images/1954044628275245056/Q17LS_nw_bigger.jpg","https://x.com/bukancakung","@bukancakung","¬∑","19 Mei","","https://x.com/bukancakung/status/1924477606948409740","Burayot","","","1","https://x.com/bukancakung/status/1924477606948409740/analytics","395","https://abs-0.twimg.com/emoji/v2/svg/1f36b.svg","","","","","","","1","","","","","",""
"","https://x.com/snyowman","https://pbs.twimg.com/profile_images/1946595343065354242/QSZvCgY1_bigger.jpg","https://x.com/snyowman","@snyowman","¬∑","3 Agt","Lucu banget liat","https://x.com/snyowman/status/1951882611556823250","burayot","https://abs-0.twimg.com/emoji/v2/svg/1f923.svg","","","https://x.com/snyowman/status/1951882611556823250/analytics","20","https://abs-0.twimg.com/emoji/v2/svg/1f92d.svg","","","","","","","","","","","","",""
"Í¶´Í¶∫Í¶í‚ÄãÍ¶©Í¶ÇÍ¶™Í¶§ÍßÄÍ¶†Í¶∂","https://x.com/egoooy","https://pbs.twimg.com/profile_images/1954781572336652288/VwFtuqfV_bigger.jpg","https://x.com/egoooy","@egoooy","¬∑","5 Apr","","https://x.com/egoooy/status/1908387387064946893","Burayot","","","","https://x.com/egoooy/status/1908387387064946893/analytics","34","","","","","","","","","","","","","",""
"Bima Prawira Utama","https://x.com/bimaprawira","https://pbs.twimg.com/profile_images/1951281063097147392/oHwLiCwA_bigger.jpg","https://x.com/bimaprawira","@bimaprawira","¬∑","11 Jan","Tadi PP Bandung-Garut. Yg menarik, sepanjang jalan gw menemukan 2 kuliner yg ada di tiap 200-300an meter.

1.","https://x.com/bimaprawira/status/1878058587467198551","Burayot","https://abs-0.twimg.com/emoji/v2/svg/1f923.svg","","1","https://x.com/bimaprawira/status/1878058587467198551/analytics","178","","","","","","","2. RM Padang","","","","","","",""
"q","https://x.com/mur1997qi","https://pbs.twimg.com/profile_images/1954905383413415936/NdVDuu5N_bigger.jpg","https://x.com/mur1997qi","@mur1997qi","¬∑","28 Mar","","https://x.com/mur1997qi/status/1905649056942297579","Burayot","","","","https://x.com/mur1997qi/status/1905649056942297579/analytics","36","","","","","","https://pbs.twimg.com/profile_images/1532013829885812738/wyzV-sqQ_normal.jpg","","","28 Mar","Mas A Depanmu","Kutipan","@AanSaputraa_","¬∑","makanan khas daerah lu apa yg menurut lu itu paling enakk?"
"Blackwidow","https://x.com/agentrumanov","https://pbs.twimg.com/profile_images/1839255477554917378/uVdx3wEh_bigger.jpg","https://x.com/agentrumanov","@agentrumanov","¬∑","28 Jul","Siki kanjut maneh Tah","https://x.com/agentrumanov/status/1949700511919378926","burayot","","","1","https://x.com/agentrumanov/status/1949700511919378926/analytics","175","","","","","","","","2","","","","","",""
"body Ball pengen kurus","https://x.com/whidhutdhuth","https://pbs.twimg.com/profile_images/1639099831099744256/9yTjAuGZ_bigger.jpg","https://x.com/whidhutdhuth","@whidhutdhuth","¬∑","7 Mar","Tips dari gue klo ada yg ngomongin gue dari belakang gue kasih cemilan aja biar tambah seru .mau gue kasih apa ?","https://x.com/whidhutdhuth/status/1897867112334737523","Burayot","","","","https://x.com/whidhutdhuth/status/1897867112334737523/analytics","12","","","","","","","atau cokodot??

Gue  mah gitu orangnya asyik","","","","","","",""
"Tikotok Moyan","https://x.com/maunglodon","https://pbs.twimg.com/profile_images/1843179193905074176/hHBP2NNV_bigger.jpg","https://x.com/maunglodon","@maunglodon","¬∑","21 Apr","Kenapa","https://x.com/maunglodon/status/1914151947197911483","burayot","","","","https://x.com/maunglodon/status/1914151947197911483/analytics","20","","","","","","","mirip kanjut?","","","","","","",""
"lilmeowmeow","https://x.com/bbysgaa","https://pbs.twimg.com/profile_images/1952600958091046912/COH205-b_bigger.jpg","https://x.com/bbysgaa","@bbysgaa","¬∑","10 Mar","sumpah","https://x.com/bbysgaa/status/1898911480671805893","burayot","https://abs-0.twimg.com/emoji/v2/svg/1f62d.svg","","2","https://x.com/bbysgaa/status/1898911480671805893/analytics","277","","","","","","https://pbs.twimg.com/profile_images/1837551858220781568/WdqNda5k_normal.jpg","enak banget, gua bisa abis banyak sendiri","","9 Mar","KOS (Komunitas Orang Sinting)","Kutipan","@qrivasi","¬∑","Takjil aku"
"lilmeowmeow","https://x.com/bbysgaa","https://pbs.twimg.com/profile_images/1952600958091046912/COH205-b_bigger.jpg","https://x.com/bbysgaa","@bbysgaa","¬∑","10 Mar","sumpah","https://x.com/bbysgaa/status/1898911480671805893","burayot","https://abs-0.twimg.com/emoji/v2/svg/1f62d.svg","1:28","2","https://x.com/bbysgaa/status/1898911480671805893/analytics","277","","","","","","https://pbs.twimg.com/profile_images/1837551858220781568/WdqNda5k_normal.jpg","enak banget, gua bisa abis banyak sendiri","","9 Mar","KOS (Komunitas Orang Sinting)","Kutipan","@qrivasi","¬∑","Takjil aku"
"chell","https://x.com/fixoned1117","https://pbs.twimg.com/profile_images/1907380703949639680/m3_jy8kx_bigger.jpg","https://x.com/fixoned1117","@fixoned1117","¬∑","2 Apr","Mingi kalo kesini kita makan eskrim peuyeum,","https://x.com/fixoned1117/status/1907315969896091859","burayot","","#In_Your_Fantasy_Asia","2","https://x.com/fixoned1117/status/1907315969896091859/analytics","61","https://abs-0.twimg.com/emoji/v2/svg/1f341.svg","","","#AteezAsiaTourDemand","@ATEEZofficial","",", sm makanan langka lainnya

ASIA DEMANDS ATEEZ TOUR","1","","@ATEEZstaff","@aegpresentsasia","@aegpresents","",""
"IOLA KIM.","https://x.com/sillytherins","https://pbs.twimg.com/profile_images/1938809505208217600/U461rIB6_bigger.jpg","https://x.com/sillytherins","@sillytherins","¬∑","9 Jul","„Ö§","https://x.com/sillytherins/status/1942978469522272672","burayot","https://abs-0.twimg.com/emoji/v2/svg/1f97a.svg","„Ö§","","https://x.com/sillytherins/status/1942978469522272672/analytics","107","","","","","dibakar","",": gk prnah gk menangis kl nnton harry potter and the half blood prince pas scene the","","","","","","",""
"lilmeowmeow","https://x.com/bbysgaa","https://pbs.twimg.com/profile_images/1952600958091046912/COH205-b_bigger.jpg","https://x.com/bbysgaa","@bbysgaa","¬∑","10 Mar","sumpah","https://x.com/bbysgaa/status/1898911480671805893","burayot","https://abs-0.twimg.com/emoji/v2/svg/1f62d.svg","0:03 / 1:30","2","https://x.com/bbysgaa/status/1898911480671805893/analytics","277","","","","","","https://pbs.twimg.com/profile_images/1837551858220781568/WdqNda5k_normal.jpg","enak banget, gua bisa abis banyak sendiri","","9 Mar","KOS (Komunitas Orang Sinting)","Kutipan","@qrivasi","¬∑","Takjil aku"
"Q0R√¨","https://x.com/lu0chaa","https://pbs.twimg.com/profile_images/1438780525406142467/pNqDLsyf_bigger.jpg","https://x.com/lu0chaa","@lu0chaa","¬∑","1 Agt","Anyway, nama lain dari","https://x.com/lu0chaa/status/1951257707165749463","burayot","https://abs-0.twimg.com/emoji/v2/svg/1f62d.svg","","","https://x.com/lu0chaa/status/1951257707165749463/analytics","47","https://abs-0.twimg.com/emoji/v2/svg/1f340.svg","https://x.com/lu0chaa/status/1951257406484176971/photo/1","","","Ceuk aing saha nu kapikiran ngasi nama itu dah.","https://pbs.twimg.com/profile_images/1438780525406142467/pNqDLsyf_normal.jpg","tuh alat kelamin laki dalam basa sunda","Pdhal kek kue","1 Agt","Q0R√¨","Kutipan","@lu0chaa","¬∑","Ada ada aja njir tbtb ngidam burayot padahal baru pernah makan sekali dan sebiji lalu tbtb pengen. 

Di kotaku ga nemu pula toko yg jual, cari cari di ig bisa di kirim pxel tp bbrapa hari baru sampe, sdgkan pengennya skrg. 
Bela - belain titip ke travel dong"
"San","https://x.com/noturbae98","https://pbs.twimg.com/profile_images/1937942451060412419/iz7UFqZZ_bigger.jpg","https://x.com/noturbae98","@noturbae98","¬∑","14 Mar","ajig","https://x.com/noturbae98/status/1900319854391156834","Burayot","https://abs-0.twimg.com/emoji/v2/svg/1f62d.svg","#TASTE","","https://x.com/noturbae98/status/1900319854391156834/analytics","37","https://abs-0.twimg.com/emoji/v2/svg/1f33b.svg","https://help.x.com/rules-and-policies/authenticity","https://abs.twimg.com/responsive-web/client-web/parody-mask.92274f0a.svg","Akun parodi","@FOODFESS2","https://pbs.twimg.com/profile_images/1954042412139261953/MU5ZG_Jt_normal.jpg","","","13 Mar","mut","Kutipan","@0PSH8","¬∑","gw semenjak baca komen ""berarti canele rasanya mirip burayot ya?"" jadi pen ketawa terus tiap liat wjhdjsj"
"KOMPAS TV","https://x.com/KompasTV","https://pbs.twimg.com/profile_images/1430830041919721475/U7LgJ1pw_bigger.jpg","https://x.com/KompasTV","@KompasTV","¬∑","7 Apr","Melepas Lelah Usai Liputan Arus Balik dengan","https://x.com/KompasTV/status/1909148643514597420","Burayot","","4/melepas-lelah-usai-liputan-arus-balik-dengan-burayot-khas-garut","1","https://x.com/KompasTV/status/1909148643514597420/analytics","1¬†rb","","","","‚Ä¶","kompas.tv/regional/58520","","Khas Garut","","","https://","","","",""
"aku siapa","https://x.com/anakm4nusia","https://pbs.twimg.com/profile_images/1940098751265144832/tRpASEJg_bigger.jpg","https://x.com/anakm4nusia","@anakm4nusia","¬∑","13 Jul","jiga","https://x.com/anakm4nusia/status/1944338881077477731","burayot","","","2","https://x.com/anakm4nusia/status/1944338881077477731/analytics","186","https://abs-0.twimg.com/emoji/v2/svg/1f33b.svg","","","","","https://pbs.twimg.com/profile_images/1559010815952314368/eVRVZJC2_normal.jpg","ieu mah","","13 Jul","Keh Ke Peheno","Kutipan","@coolfunnytshirt","¬∑","This technology should not go outside India.."
"Evan","https://x.com/E10van","https://pbs.twimg.com/profile_images/967426149444763648/kgo1ZLMi_bigger.jpg","https://x.com/E10van","@E10van","¬∑","26 Mei","Ranginang, opak &","https://x.com/E10van/status/1926690266141863971","burayot","","","","https://x.com/E10van/status/1926690266141863971/analytics","8","","https://x.com/unmagnetism/status/1926511025504821424/photo/1","https://pbs.twimg.com/media/GrxXkVAXsAAr5Bz?format=jpg&name=900x900","","","https://pbs.twimg.com/profile_images/1945131224722276352/iyi4QUQo_normal.jpg","","tebak isi koper kecil thom haye","25 Mei","unmag","Kutipan","@unmagnetism","¬∑","otw lurrr"
"sasa","https://x.com/dollyhoon","https://pbs.twimg.com/profile_images/1942769729577402368/kZwdGTDF_bigger.jpg","https://x.com/dollyhoon","@dollyhoon","¬∑","14 Mar","","https://x.com/dollyhoon/status/1900413022654587059","BURAYOT","","","1","https://x.com/dollyhoon/status/1900413022654587059/analytics","62","","","","","@FOODFESS2","https://pbs.twimg.com/profile_images/1954042412139261953/MU5ZG_Jt_normal.jpg","","","13 Mar","mut","Kutipan","@0PSH8","¬∑","gw semenjak baca komen ""berarti canele rasanya mirip burayot ya?"" jadi pen ketawa terus tiap liat wjhdjsj"
"Nai","https://x.com/naifahetal","https://pbs.twimg.com/profile_images/1949975279922810880/OP5FzgHX_bigger.jpg","https://x.com/naifahetal","@naifahetal","¬∑","1 Agt","may august and the rest month be my month, aamiin","https://x.com/naifahetal/status/1951256926131724651","","","","4","https://x.com/naifahetal/status/1951256926131724651/analytics","184","","","","","","","","","","","","","",""
"Lambe Waras","https://x.com/abu_waras","https://pbs.twimg.com/profile_images/1721446501795426304/AdDT32ck_bigger.jpg","https://x.com/abu_waras","@abu_waras","¬∑","1 Apr","Kalau","https://x.com/abu_waras/status/1907036070958735823","burayot","https://abs-0.twimg.com/emoji/v2/svg/1f606.svg","@Saha_namina_","1","https://x.com/abu_waras/status/1907036070958735823/analytics","102","","","","","","","mah pasti orang Garut ya?","1","Membalas","","","","",""
"autumn","https://x.com/diatomiculprit","https://pbs.twimg.com/profile_images/1933510864919015424/347MMYqU_bigger.jpg","https://x.com/diatomiculprit","@diatomiculprit","¬∑","9 Mar","On a serious note","https://x.com/diatomiculprit/status/1898771055537439007","burayot","","","1","https://x.com/diatomiculprit/status/1898771055537439007/analytics","85","https://abs-0.twimg.com/emoji/v2/svg/1f343.svg","","","","","https://pbs.twimg.com/profile_images/1837551858220781568/WdqNda5k_normal.jpg","TASTE HEAVENLY","","9 Mar","KOS (Komunitas Orang Sinting)","Kutipan","@qrivasi","¬∑","Takjil aku"
"ùóèùñ∫ùóÖùñæùóáùóçùóÇùóáùñæ.","https://x.com/intoeva","https://pbs.twimg.com/profile_images/1918683082426920961/PuMlduai_bigger.png","https://x.com/intoeva","@intoeva","¬∑","26 Apr","kaya","https://x.com/intoeva/status/1916050157541724671","burayot","","burayot","","https://x.com/intoeva/status/1916050157541724671/analytics","38","","https://x.com/jarethien/status/1916047897986044196/photo/1","","","?","https://pbs.twimg.com/profile_images/1919042785388474368/uVECA3B__normal.jpg",". kakak tau","x.com/sezhuyan/statu‚Ä¶","26 Apr","Jareth.","Kutipan","@jarethien","¬∑","Gua masih punya banyak. Lu... mau?"
"autumn","https://x.com/diatomiculprit","https://pbs.twimg.com/profile_images/1933510864919015424/347MMYqU_bigger.jpg","https://x.com/diatomiculprit","@diatomiculprit","¬∑","9 Mar","On a serious note","https://x.com/diatomiculprit/status/1898771055537439007","burayot","","1:28","1","https://x.com/diatomiculprit/status/1898771055537439007/analytics","85","https://abs-0.twimg.com/emoji/v2/svg/1f343.svg","","","","","https://pbs.twimg.com/profile_images/1837551858220781568/WdqNda5k_normal.jpg","TASTE HEAVENLY","","9 Mar","KOS (Komunitas Orang Sinting)","Kutipan","@qrivasi","¬∑","Takjil aku"
"Yoi-Chi Bae","https://x.com/YoiChi_Bae","https://pbs.twimg.com/profile_images/1925020889579716610/lAVgwZnk_bigger.jpg","https://x.com/YoiChi_Bae","@YoiChi_Bae","¬∑","2 Jul","mff ya ges, gara2 aku sama ka","https://x.com/YoiChi_Bae/status/1940450233420550510","burayot","https://abs-0.twimg.com/emoji/v2/svg/1faf5.svg","@OchaliaVica","2","https://x.com/YoiChi_Bae/status/1940450233420550510/analytics","214","https://abs-0.twimg.com/emoji/v2/svg/1f921.svg","https://x.com/YoiChi_Bae/status/1940404614635081781/photo/1","","youtube.com/watch?v=9-yX9d","Makan value set hokben aja kalian","https://pbs.twimg.com/profile_images/1925020889579716610/lAVgwZnk_normal.jpg","kalian malah ngajak apipi kalian makan","8","2 Jul","Yoi-Chi Bae","Kutipan","@YoiChi_Bae","¬∑","""Kamu makan apa hari ini ? Udah pernah coba xxxx belum ?""

Nah biar line mu menarique, coba denger podkes ini yang isinya bakal tentang makanan2 keren biar line kamu makin ketjeh

Live NOW w/"
"autumn","https://x.com/diatomiculprit","https://pbs.twimg.com/profile_images/1933510864919015424/347MMYqU_bigger.jpg","https://x.com/diatomiculprit","@diatomiculprit","¬∑","9 Mar","On a serious note","https://x.com/diatomiculprit/status/1898771055537439007","burayot","","0:03 / 1:30","1","https://x.com/diatomiculprit/status/1898771055537439007/analytics","85","https://abs-0.twimg.com/emoji/v2/svg/1f343.svg","","","","","https://pbs.twimg.com/profile_images/1837551858220781568/WdqNda5k_normal.jpg","TASTE HEAVENLY","","9 Mar","KOS (Komunitas Orang Sinting)","Kutipan","@qrivasi","¬∑","Takjil aku"
"bekry","https://x.com/kusukahappy","https://pbs.twimg.com/profile_images/1954561847895662592/YMzqMWcX_bigger.jpg","https://x.com/kusukahappy","@kusukahappy","¬∑","15 Mar","PENGEN","https://x.com/kusukahappy/status/1900599778553328048","BURAYOT","","","","https://x.com/kusukahappy/status/1900599778553328048/analytics","40","","","","","","","","","","","","","",""
"mpi~","https://x.com/sayangzeus","https://pbs.twimg.com/profile_images/1860660036101623808/xyLBIMlE_bigger.jpg","https://x.com/sayangzeus","@sayangzeus","¬∑","28 Jun","Pecah bgt ketawa ni,","https://x.com/sayangzeus/status/1938801177057177754","burayot","https://abs-0.twimg.com/emoji/v2/svg/1f62d.svg","","@tanyarlfes","https://x.com/sayangzeus/status/1938801177057177754/analytics","141","https://abs-0.twimg.com/emoji/v2/svg/1f36d.svg","","","","@itnvu","https://pbs.twimg.com/profile_images/1943008177110626304/0GEM66Wm_normal.jpg","atulah","","26 Jun","riku","Kutipan","@laufdelauvre","¬∑","padahal biji mereka jg turun kaga ada tuh yg protes harus kenceng ga boleh kaya burayot"
"shanin djo","https://x.com/cabatmu","https://pbs.twimg.com/profile_images/1956255805688467456/RLT4DODj_bigger.jpg","https://x.com/cabatmu","@cabatmu","¬∑","15 Jun","mirip","https://x.com/cabatmu/status/1934253833431249033","burayot","https://abs-0.twimg.com/emoji/v2/svg/1f605.svg","/Pai_C1/status/1933703147459142133","1","https://x.com/cabatmu/status/1934253833431249033/analytics","124","","","","‚Ä¶","x.com/Pai_C1/status/","","simadu yang menemani perjalanan gua ke bandung","","","https://","","","",""
"q","https://x.com/mur1997qi","https://pbs.twimg.com/profile_images/1954905383413415936/NdVDuu5N_bigger.jpg","https://x.com/mur1997qi","@mur1997qi","¬∑","19 Agt","","https://x.com/mur1997qi/status/1957800562755273172","Burayot","","","","https://x.com/mur1997qi/status/1957800562755273172/analytics","15","","","","","@yappingfess","https://pbs.twimg.com/profile_images/1952534620005965824/_eC_MQEI_normal.jpg","","","19 Agt","jean.","Kutipan","@aksaraloeka","¬∑","makanan manis kesukaan kalian apa?"
"Grok","https://x.com/grok","https://pbs.twimg.com/profile_images/1893219113717342208/Vgg2hEPa_bigger.jpg","https://x.com/grok","@grok","¬∑","27 Mar",", kue tradisional Garut, terbuat dari tepung beras dan gula merah, rasanya manis karamel, mirip kue cucur dan pinyaram yang juga pakai bahan sama. Bedanya mungkin di cara buat atau tambahan seperti santan di pinyaram, tapi secara umum rasanya sebanding.","https://x.com/grok/status/1905201671778468124","Burayot","","@MindaXtv","1","https://x.com/grok/status/1905201671778468124/analytics","91","","","","dan","","https://pbs.twimg.com/profile_images/1769430779845611520/lIgjSJGU_bigger.jpg","","1","Membalas","1","","","",""
"Ash^îìò | plz @ aftr dm","https://x.com/P4RKJE0NGWOO","https://pbs.twimg.com/profile_images/1947581349159690241/9V2RmxfY_bigger.jpg","https://x.com/P4RKJE0NGWOO","@P4RKJE0NGWOO","¬∑","22 Jun","SUR KE GARUT NGAPA SUR
NTAR GWA BLIIN DODOL SM","https://x.com/P4RKJE0NGWOO/status/1936784714599452850","BURAYOT","https://abs-0.twimg.com/emoji/v2/svg/1f479.svg","","","https://x.com/P4RKJE0NGWOO/status/1936784714599452850/analytics","70","","https://help.x.com/rules-and-policies/authenticity","https://abs.twimg.com/responsive-web/client-web/parody-mask.92274f0a.svg","Akun penggemar","","","ENAK SIAH","","","","","","",""
"Grok","https://x.com/grok","https://pbs.twimg.com/profile_images/1893219113717342208/Vgg2hEPa_bigger.jpg","https://x.com/grok","@grok","¬∑","27 Mar","Minda ùïè‚Äôs ""SUDAH KUDUGA"" post humorously confirms her suspicion that","https://x.com/grok/status/1905213416626675863","burayot","","@MindaXtv","1","https://x.com/grok/status/1905213416626675863/analytics","66","","https://x.com/grok/status/1905213416626675863/photo/1","https://pbs.twimg.com/media/Gmq59kbaMAAmRX2?format=jpg&name=900x900","dan","‚Äôs explanation in a thread about Indonesian sweets, she uses a surprised meme to playfully say ""I","https://pbs.twimg.com/profile_images/1769430779845611520/lIgjSJGU_bigger.jpg","tastes like kue cucur and pinyaram, based on shared rice flour and sugar ingredients. Replying to","1","Membalas","1","Tampilkan lebih banyak","","",""
"kiddos","https://x.com/anomalsi","https://pbs.twimg.com/profile_images/1934864667991789568/D_X2NI1Z_bigger.jpg","https://x.com/anomalsi","@anomalsi","¬∑","3 Jul","Kirain","https://x.com/anomalsi/status/1940756392585187576","burayot","","","1","https://x.com/anomalsi/status/1940756392585187576/analytics","188","","","","","@BaseBDG","https://pbs.twimg.com/profile_images/1784214607189753856/knALoMq7_normal.jpg","tuh bubur ayam di kenyot, ternyata kue ya..","","3 Jul","aiueo.","Kutipan","@tuesdaynight_23","¬∑","Pernah jajan kue burayot ga, tau kan kue burayot??"
"Burayot","https://x.com/Burayot1400","https://pbs.twimg.com/profile_images/1857237161118228480/1yzva6ag_bigger.jpg","https://x.com/Burayot1400","@Burayot1400","¬∑","11 Mei","Hewan ini bisa bangkit setelah digigit Ular Mematikan !","https://x.com/Burayot1400/status/1921340049720828096","","","=B2WPp2W_UsL5r8AG","","https://x.com/Burayot1400/status/1921340049720828096/analytics","19","","","","‚Ä¶","youtu.be/vd7HF3dNHbM?si","","","","","https://","","","",""
"","https://x.com/rainchocoo","https://pbs.twimg.com/profile_images/1946769620544663552/ddRv-HyX_bigger.jpg","https://x.com/rainchocoo","@rainchocoo","¬∑","19 Jul","naha sih ti loba kue khas sunda kudu","https://x.com/rainchocoo/status/1946595251545927802","burayot","https://abs-0.twimg.com/emoji/v2/svg/1f62d.svg","alyn","","https://x.com/rainchocoo/status/1946595251545927802/analytics","34","","https://x.com/BaseBDG/status/1946540505635905828/photo/1","","Otomatis","","https://pbs.twimg.com/profile_images/1609581311093522432/apCeXFfV_normal.jpg","giung","""","19 Jul","","Kutipan","@BaseBDG","¬∑","Lamun pake jenis kue khas sunda kieu meren nya euy ""gimana kabarnya hari ini, burayot giung-ku"
"peaches.","https://x.com/Zzbong13","https://pbs.twimg.com/profile_images/1923752998699692032/sB65qX_b_bigger.jpg","https://x.com/Zzbong13","@Zzbong13","¬∑","12 Jul","anton nanti kalo kegarut jangan lupa nyobain","https://x.com/Zzbong13/status/1943938545057771880","burayot","","@RIIZE_official","","https://x.com/Zzbong13/status/1943938545057771880/analytics","69","","https://x.com/1girliez/status/1943886555216503267/photo/1","https://pbs.twimg.com/media/GvoShSGacAAzZba?format=jpg&name=900x900","x.com/myonlysc__ddon‚Ä¶","","https://pbs.twimg.com/profile_images/1944843204861513728/fR6FmWHT_normal.jpg","ya","","12 Jul","cey „ÖÖ. Í´Ç‡ßé","Kutipan","@1girliez","¬∑",""
"Ali.","https://x.com/maleidris","https://pbs.twimg.com/profile_images/1957325745644302336/nrmHGWL9_bigger.png","https://x.com/maleidris","@maleidris","¬∑","12 Agt","Kue cucur dan turunannya kayak kue","https://x.com/maleidris/status/1955159055846306175","burayot","","","","https://x.com/maleidris/status/1955159055846306175/analytics","40","","","","","@geniafred","https://pbs.twimg.com/profile_images/1958182346072748032/-xisQ5_W_normal.jpg","jangan sampai punah.","","12 Agt","Genia.","Kutipan","@geniafred","¬∑","ùêâùê¢ùê§ùêö ùêÄùê§ùêÆ ùêåùêûùêßùê£ùêöùêùùê¢, pengusaha makanan. Makanan apa yang akan kamu jual, agak tidak punah dari muka bumi ini?"
"Grok","https://x.com/grok","https://pbs.twimg.com/profile_images/1893219113717342208/Vgg2hEPa_bigger.jpg","https://x.com/grok","@grok","¬∑","12 Mei","Ciri khas Kota Garut meliputi keindahan alam, budaya Sunda, dan kuliner unik. Dikenal sebagai ""Swiss-nya Jawa"", Garut memiliki iklim sejuk, pegunungan seperti Gunung Papandayan, dan danau seperti Situ Bagendit. Kuliner khasnya adalah dodol,","https://x.com/grok/status/1921962304448704722","burayot","","@isl_mln","","https://x.com/grok/status/1921962304448704722/analytics","334","","","","dan","","https://pbs.twimg.com/profile_images/1769430779845611520/lIgjSJGU_bigger.jpg",", dan dorokdok. Garut juga","","Membalas","","Tampilkan lebih banyak","","",""
"vira k.","https://x.com/karagechopstic","https://pbs.twimg.com/profile_images/1901217500295262208/lgL6nXU__bigger.jpg","https://x.com/karagechopstic","@karagechopstic","¬∑","22 Jul","siang-siang mikirin","https://x.com/karagechopstic/status/1947529156226650551","burayot","","","","https://x.com/karagechopstic/status/1947529156226650551/analytics","88","","","","","","","simadu","","","","","","",""
"Grok","https://x.com/grok","https://pbs.twimg.com/profile_images/1893219113717342208/Vgg2hEPa_bigger.jpg","https://x.com/grok","@grok","¬∑","30 Mar",", camilan khas Garut, terbuat dari tepung beras, gula aren, dan kadang gula pasir. Cara membuat: masak gula aren dan air jadi sirup, campur tepung beras hingga adonan kalis, bentuk bulat pipih, goreng sambil dibentuk pakai tusuk bambu hingga keemasan. Tidak pakai madu,","https://x.com/grok/status/1906084409297473819","Burayot","","@ikhsan__s","","https://x.com/grok/status/1906084409297473819/analytics","131","","","","dan","","https://pbs.twimg.com/profile_images/1769430779845611520/lIgjSJGU_bigger.jpg","","","Membalas","","Tampilkan lebih banyak","","",""
"Abare Killer","https://x.com/chefmieayam","https://pbs.twimg.com/profile_images/1941013274256179200/g5sovO_C_bigger.jpg","https://x.com/chefmieayam","@chefmieayam","¬∑","9 Agt","ga sih?","https://x.com/chefmieayam/status/1954108571123126567","burayot","","","3","https://x.com/chefmieayam/status/1954108571123126567/analytics","256","","https://x.com/narabahasa/status/1954066200688042162/photo/1","","","","https://pbs.twimg.com/profile_images/1476726727074217985/Q5NLPMxj_normal.jpg","","2","9 Agt","Narabahasa","Kutipan","@narabahasa","¬∑",""
"sukadipanggildosol","https://x.com/dosolllswag","https://pbs.twimg.com/profile_images/1343480067914002433/kCfakELh_bigger.jpg","https://x.com/dosolllswag","@dosolllswag","¬∑","30 Jun","makan","https://x.com/dosolllswag/status/1939635090700788150","burayot","","","11","https://x.com/dosolllswag/status/1939635090700788150/analytics","940","","","","","","","dorongannya teh pucuk","","","","","","",""
"Grok","https://x.com/grok","https://pbs.twimg.com/profile_images/1893219113717342208/Vgg2hEPa_bigger.jpg","https://x.com/grok","@grok","¬∑","20 Jul","Haha, oke meeeluck! Kalau inopedut jadi penjahat","https://x.com/grok/status/1946912279523643847","burayot","https://abs-0.twimg.com/emoji/v2/svg/1f608.svg","@sakaagaaari","1","https://x.com/grok/status/1946912279523643847/analytics","29","","","","dan","","https://pbs.twimg.com/profile_images/1769430779845611520/lIgjSJGU_bigger.jpg","‚Äîmanis kayak camilan Sunda tapi jahat licik‚Äîpasti plot twistnya epik. Mau tambah dia ke cast? Siap syuting?","","Membalas","","","","",""
"nana","https://x.com/swentseun","https://pbs.twimg.com/profile_images/1792732122794602496/X2YvlPiV_bigger.jpg","https://x.com/swentseun","@swentseun","¬∑","19 Jul","ngl I called my husb","https://x.com/swentseun/status/1946585633839042945","burayot","https://abs-0.twimg.com/emoji/v2/svg/1f614.svg","","1","https://x.com/swentseun/status/1946585633839042945/analytics","54","","https://x.com/BaseBDG/status/1946540505635905828/photo/1","","Otomatis","","https://pbs.twimg.com/profile_images/1609581311093522432/apCeXFfV_normal.jpg","once bcs he never stops joking about how it resembles testicles FOR A WHOLE DAY","""","19 Jul","","Kutipan","@BaseBDG","¬∑","Lamun pake jenis kue khas sunda kieu meren nya euy ""gimana kabarnya hari ini, burayot giung-ku"
"jieee, cek pinned.","https://x.com/weongkicil","https://pbs.twimg.com/profile_images/1849065538271780864/ShpsGRhU_bigger.jpg","https://x.com/weongkicil","@weongkicil","¬∑","29 Jun","there's a sweet snack called","https://x.com/weongkicil/status/1939147799339168002","burayot","https://abs-0.twimg.com/emoji/v2/svg/1f970.svg","","1","https://x.com/weongkicil/status/1939147799339168002/analytics","47","","","","","","","in here but aku panggil snack itu bahenol idk why","","","","","","",""
"...","https://x.com/endahahihuheho","https://pbs.twimg.com/profile_images/1642026821771460610/kp5o0Rad_bigger.jpg","https://x.com/endahahihuheho","@endahahihuheho","¬∑","29 Jun","Kalo disini seringnya gue liat digambarin terong beserta","https://x.com/endahahihuheho/status/1939188555605258334","burayot","https://abs-0.twimg.com/emoji/v2/svg/1f60c.svg","","","https://x.com/endahahihuheho/status/1939188555605258334/analytics","51","","","","","","https://pbs.twimg.com/profile_images/914888589670043654/KVvwjcWA_normal.jpg","","M - DAD","28 Jun","Massimo","Kutipan","@Rainmaker1973","¬∑","M"
"BA Borma Antapani","https://x.com/divisisenjata","https://pbs.twimg.com/profile_images/1517248231931269120/kZotuEVu_bigger.jpg","https://x.com/divisisenjata","@divisisenjata","¬∑","1 Jul","adalah buratta yg di goreng","https://x.com/divisisenjata/status/1939911212583854499","burayot","","","","https://x.com/divisisenjata/status/1939911212583854499/analytics","71","","","","","","","","","","","","","",""
"Burayot","https://x.com/Burayot1400","https://pbs.twimg.com/profile_images/1857237161118228480/1yzva6ag_bigger.jpg","https://x.com/Burayot1400","@Burayot1400","¬∑","9 Mei","Makhluk Sungai Ini Lebih Ganas dari yang Kamu Kira !","https://x.com/Burayot1400/status/1920810433390219400","youtube.com","","Makhluk Sungai Ini Lebih Ganas dari yang Kamu Kira !","Makhluk Sungai Ini Lebih Ganas dari yang Kamu Kira !Kuda nil (Hippopotamus amphibius) adalah hewan yang terkenal sebagai salah satu makhluk paling berbahaya ...","https://x.com/Burayot1400/status/1920810433390219400/analytics","12","","https://t.co/hGKuQNTUl2","","","","","","","","","","","",""
"...","https://x.com/endahahihuheho","https://pbs.twimg.com/profile_images/1642026821771460610/kp5o0Rad_bigger.jpg","https://x.com/endahahihuheho","@endahahihuheho","¬∑","29 Jun","Kalo disini seringnya gue liat digambarin terong beserta","https://x.com/endahahihuheho/status/1939188555605258334","burayot","https://abs-0.twimg.com/emoji/v2/svg/1f60c.svg","0:36","","https://x.com/endahahihuheho/status/1939188555605258334/analytics","51","","","","","","https://pbs.twimg.com/profile_images/914888589670043654/KVvwjcWA_normal.jpg","","M - DAD","28 Jun","Massimo","Kutipan","@Rainmaker1973","¬∑","M"
"Burayot","https://x.com/Burayot1400","https://pbs.twimg.com/profile_images/1857237161118228480/1yzva6ag_bigger.jpg","https://x.com/Burayot1400","@Burayot1400","¬∑","11 Mei","Naluri Ibu Memberi Makan Lebih dari yang Bisa Ditelan","https://x.com/Burayot1400/status/1921432089347453304","youtube.com","","Naluri Ibu Memberi Makan Lebih dari yang Bisa Ditelan","Naluri Ibu Memberi Makan Lebih dari yang Bisa DitelanBurung pekakak adalah burung yang dikenal karena warna bulunya yang cerah, terutama biru dan oranye, ser...","https://x.com/Burayot1400/status/1921432089347453304/analytics","36","","https://t.co/QxHQK5v7rx","","","","","","","","","","","",""
"Burayot","https://x.com/Burayot1400","https://pbs.twimg.com/profile_images/1857237161118228480/1yzva6ag_bigger.jpg","https://x.com/Burayot1400","@Burayot1400","¬∑","13 Mei","Burung Pelatuk Memberi Makan Anaknya di Sarang Pohon Mati","https://x.com/Burayot1400/status/1922108158618566898","","","sce8?si=Knr_kYIHPypgdpnJ","","https://x.com/Burayot1400/status/1922108158618566898/analytics","41","","","","‚Ä¶","youtube.com/shorts/h3lRrBr","","","","","https://","","","",""
"Nai","https://x.com/naifahetal","https://pbs.twimg.com/profile_images/1949975279922810880/OP5FzgHX_bigger.jpg","https://x.com/naifahetal","@naifahetal","¬∑","29 Jul","woy assasin creed unity cmn 78k anjg TOLONG LAH GAUSA BIKIN GUE BOKEK","https://x.com/naifahetal/status/1950009221128606022","","","","1","https://x.com/naifahetal/status/1950009221128606022/analytics","297","","","","","","https://pbs.twimg.com/profile_images/1949975279922810880/OP5FzgHX_normal.jpg","","","23 Jul","Nai","Kutipan","@naifahetal","¬∑","assasin creed shadows tempting bgt jir"
"Grok","https://x.com/grok","https://pbs.twimg.com/profile_images/1893219113717342208/Vgg2hEPa_bigger.jpg","https://x.com/grok","@grok","¬∑","27 Mar","Glad you enjoyed the *b","https://x.com/grok/status/1905215430177784057","urayot*","https://abs-0.twimg.com/emoji/v2/svg/1f60a.svg","@MindaXtv","Tanya Grok","https://x.com/grok/status/1905215430177784057/analytics","72","","https://x.com/i/grok","","dan","grok.com","https://pbs.twimg.com/profile_images/1769430779845611520/lIgjSJGU_bigger.jpg","info, Minda ùïè! It‚Äôs a sweet treat from Garut, similar to *kue cucur* and *pinyaram* with rice flour and sugar‚Äîcaramel vibes all around. Loved the ""SUDAH KUDUGA"" meme too!","","Membalas","https://","","","",""
"Burayot","https://x.com/Burayot1400","https://pbs.twimg.com/profile_images/1857237161118228480/1yzva6ag_bigger.jpg","https://x.com/Burayot1400","@Burayot1400","¬∑","10 Mei","","https://x.com/Burayot1400/status/1921082611264307403","","","5eW0?si=4aA4cjvPEUtBCd6A","","https://x.com/Burayot1400/status/1921082611264307403/analytics","11","","","","‚Ä¶","youtube.com/shorts/TV6MIVu","","","","","https://","","","",""
"Burayot","https://x.com/Burayot1400","https://pbs.twimg.com/profile_images/1857237161118228480/1yzva6ag_bigger.jpg","https://x.com/Burayot1400","@Burayot1400","¬∑","12 Mei","","https://x.com/Burayot1400/status/1921801766850408506","youtube.com","","Burung Ini Tampak Menolong, Tapi Lihat Apa yang Ia Lakukan Diam-Diam!","Burung Ini Tampak Menolong, Tapi Lihat Apa yang Ia Lakukan Diam-Diam!Si kecil bersayap ini terlihat seperti pahlawan yang menolong hewan besar‚Äîtapi tunggu du...","https://x.com/Burayot1400/status/1921801766850408506/analytics","49","","https://t.co/PGBQBpCPrC","","","","","","","","","","","",""
"...","https://x.com/endahahihuheho","https://pbs.twimg.com/profile_images/1642026821771460610/kp5o0Rad_bigger.jpg","https://x.com/endahahihuheho","@endahahihuheho","¬∑","29 Jun","Kalo disini seringnya gue liat digambarin terong beserta","https://x.com/endahahihuheho/status/1939188555605258334","burayot","https://abs-0.twimg.com/emoji/v2/svg/1f60c.svg","0:03 / 0:38","","https://x.com/endahahihuheho/status/1939188555605258334/analytics","51","","","","","","https://pbs.twimg.com/profile_images/914888589670043654/KVvwjcWA_normal.jpg","","M - DAD","28 Jun","Massimo","Kutipan","@Rainmaker1973","¬∑","M"
"Burayot","https://x.com/Burayot1400","https://pbs.twimg.com/profile_images/1857237161118228480/1yzva6ag_bigger.jpg","https://x.com/Burayot1400","@Burayot1400","¬∑","30 Mei","Ini Alasannya Bikin Merinding","https://x.com/Burayot1400/status/1928490302781661272","youtube.com","https://abs-0.twimg.com/emoji/v2/svg/2049.svg","Kenapa Kura-Kura Seruduk Warna Hitam","Kenapa ada kura-kura yang langsung menyeruduk saat melihat warna hitam? Apakah karena warna itu menyerupai bentuk ancaman alami di alam liar? Reaksi ekstrem ...","https://x.com/Burayot1400/status/1928490302781661272/analytics","38","https://abs-0.twimg.com/emoji/v2/svg/2757.svg","https://t.co/WovDgtzxsT","","","","","","","","","","","",""